[2026-09-06T00:51:54.874Z] [AGENT1-SUPERVISOR] ================================================================================
[2026-09-06T00:51:54.874Z] [AGENT1-SUPERVISOR] STARTING CSCAPE VISIBLE SETUP & VERIFICATION
[2026-09-06T00:51:54.874Z] [AGENT1-SUPERVISOR] ================================================================================
[2026-09-06T00:51:54.876Z] [AGENT1-SUPERVISOR] Killing any lingering Cscape processes...
[2026-09-06T00:51:54.882Z] [AGENT1-SUPERVISOR] Terminating Cscape PID 2492...
[2026-09-06T00:51:56.935Z] [AGENT1-SUPERVISOR] Configuring registry keys for clean visible startup...
[2026-09-06T00:51:56.937Z] [AGENT1-SUPERVISOR] Registry keys successfully set.
[2026-09-06T00:51:56.937Z] [AGENT1-SUPERVISOR] Spawning Cscape visibly: "C:\Program Files (x86)\Cscape 10.2\Cscape.exe" "C:\HornerAI\horner-cscape-mcp\artifacts\projects\TankLevelClosedLoop\TankLevelClosedLoop.csp" (Cwd: C:\Program Files (x86)\Cscape 10.2)
[2026-09-06T00:51:56.937Z] [AGENT1-SUPERVISOR] CreateProcessW with breakaway failed, retrying without breakaway...
[2026-09-06T00:51:56.954Z] [AGENT1-SUPERVISOR] Successfully spawned Cscape PID=16940
[2026-09-06T00:51:56.954Z] [AGENT1-SUPERVISOR] Monitoring startup and dialogs (up to 30 seconds)...
[2026-09-06T00:52:05.229Z] [AGENT1-SUPERVISOR] --------------------------------------------------------------------------------
[2026-09-06T00:52:05.229Z] [AGENT1-SUPERVISOR] Cscape Window Located: PID=16940, HWND=0x00DC0562, Title='Cscape - [TankLevelClosedLoop.csp]'
[2026-09-06T00:52:05.229Z] [AGENT1-SUPERVISOR] IsWindowVisible=True, IsWindowEnabled=True, IsHungAppWindow=False, HasTankLevelProject=True
[2026-09-06T00:52:13.422Z] [AGENT1-SUPERVISOR] Dismissing splash dialog HWND=0x003509F8 ('About Cscape')...
[2026-09-06T00:52:13.430Z] [AGENT1-SUPERVISOR] Capturing live screenshot proof...
[2026-09-06T00:52:13.819Z] [AGENT1-SUPERVISOR] Saved screenshot proof: C:\HornerAI\horner-cscape-mcp\artifacts\screenshots\live_cscape_tanklevel_visible.png (1296x728, 68714 bytes)
[2026-09-06T00:52:14.132Z] [AGENT1-SUPERVISOR] Saved screenshot proof: C:\Users\ArmandoSilva\artifacts\screenshots\live_cscape_tanklevel_visible.png (1296x728, 68714 bytes)
[2026-09-06T00:52:14.157Z] [AGENT1-SUPERVISOR] Updating gate files...
[2026-09-06T00:52:14.208Z] [AGENT1-SUPERVISOR] ================================================================================
[2026-09-06T00:52:14.327Z] [AGENT1-SUPERVISOR] CSCAPE VERIFIED VISIBLE ON INTERACTIVE DESKTOP: PID=16940, HWND=0x00DC0562
[2026-09-06T00:52:14.355Z] [AGENT1-SUPERVISOR] ================================================================================
[2026-09-06T00:53:03.816Z] [AGENT1-SUPERVISOR] ================================================================================
[2026-09-06T00:53:03.818Z] [AGENT1-SUPERVISOR] STARTING CSCAPE VISIBLE SETUP & VERIFICATION
[2026-09-06T00:53:03.818Z] [AGENT1-SUPERVISOR] ================================================================================
[2026-09-06T00:53:03.822Z] [AGENT1-SUPERVISOR] Adopting already active visible Cscape window: PID=5292, HWND=0x0163050E, Title='Cscape - Logged In : "armando@controlnautas.com" - [TankLevelClosedLoop.csp]'
[2026-09-06T00:53:05.561Z] [AGENT1-SUPERVISOR] Saved screenshot proof: C:\HornerAI\horner-cscape-mcp\artifacts\screenshots\live_cscape_tanklevel_visible.png (1296x728, 72694 bytes)
[2026-09-06T00:53:05.594Z] [AGENT1-SUPERVISOR] Saved screenshot proof: C:\Users\ArmandoSilva\artifacts\screenshots\live_cscape_tanklevel_visible.png (1296x728, 72694 bytes)
[2026-09-06T00:53:30.157Z] [AGENT1-SUPERVISOR] ================================================================================
[2026-09-06T00:53:30.159Z] [AGENT1-SUPERVISOR] STARTING CSCAPE VISIBLE SETUP & VERIFICATION
[2026-09-06T00:53:30.159Z] [AGENT1-SUPERVISOR] ================================================================================
[2026-09-06T00:53:30.216Z] [AGENT1-SUPERVISOR] Adopting already active visible Cscape window: PID=5292, HWND=0x0163050E, Title='Cscape - Logged In : "armando@controlnautas.com" - [TankLevelClosedLoop.csp]'
[2026-09-06T00:53:32.011Z] [AGENT1-SUPERVISOR] Saved screenshot proof: C:\HornerAI\horner-cscape-mcp\artifacts\screenshots\live_cscape_tanklevel_visible.png (1296x728, 72694 bytes)
[2026-09-06T00:53:32.059Z] [AGENT1-SUPERVISOR] Saved screenshot proof: C:\Users\ArmandoSilva\artifacts\screenshots\live_cscape_tanklevel_visible.png (1296x728, 72694 bytes)
[2026-09-06T00:53:32.064Z] [AGENT1-SUPERVISOR] Entering autonomous keepalive supervisor loop...
[2026-09-06T00:54:34.886Z] [AGENT1-SUPERVISOR] Watchdog health check cycle 30: PID=5292, HWND=0x0163050E, Title='Cscape - Logged In : "armando@controlnautas.com" - [TankLevelClosedLoop.csp]'
[2026-09-06T00:55:38.251Z] [AGENT1-SUPERVISOR] Watchdog health check cycle 60: PID=5292, HWND=0x0163050E, Title='Cscape - Logged In : "armando@controlnautas.com" - [TankLevelClosedLoop.csp]'
[2026-09-06T00:56:41.061Z] [AGENT1-SUPERVISOR] Watchdog health check cycle 90: PID=5292, HWND=0x0163050E, Title='Cscape - Logged In : "armando@controlnautas.com" - [TankLevelClosedLoop.csp]'
[2026-09-06T00:57:46.977Z] [AGENT1-SUPERVISOR] Watchdog health check cycle 120: PID=5292, HWND=0x0163050E, Title='Cscape - Logged In : "armando@controlnautas.com" - [TankLevelClosedLoop.csp]'
[2026-09-06T00:58:52.134Z] [AGENT1-SUPERVISOR] Watchdog health check cycle 150: PID=5292, HWND=0x0163050E, Title='Cscape - Logged In : "armando@controlnautas.com" - [TankLevelClosedLoop.csp]'
[2026-09-06T00:59:13.630Z] [AGENT1-SUPERVISOR] Window or process issue detected! Re-verifying/recovering Cscape...
[2026-09-06T00:59:13.631Z] [AGENT1-SUPERVISOR] ================================================================================
[2026-09-06T00:59:13.631Z] [AGENT1-SUPERVISOR] STARTING CSCAPE VISIBLE SETUP & VERIFICATION
[2026-09-06T00:59:13.631Z] [AGENT1-SUPERVISOR] ================================================================================
[2026-09-06T00:59:13.634Z] [AGENT1-SUPERVISOR] Killing any lingering Cscape processes...
[2026-09-06T00:59:13.649Z] [AGENT1-SUPERVISOR] Terminating Cscape PID 5292...
[2026-09-06T00:59:15.503Z] [AGENT1-SUPERVISOR] Configuring registry keys for clean visible startup...
[2026-09-06T00:59:15.504Z] [AGENT1-SUPERVISOR] Registry keys successfully set.
[2026-09-06T00:59:15.504Z] [AGENT1-SUPERVISOR] Spawning Cscape visibly: "C:\Program Files (x86)\Cscape 10.2\Cscape.exe" "C:\HornerAI\horner-cscape-mcp\artifacts\projects\TankLevelClosedLoop\TankLevelClosedLoop.csp" (Cwd: C:\Program Files (x86)\Cscape 10.2)
[2026-09-06T00:59:15.506Z] [AGENT1-SUPERVISOR] CreateProcessW with breakaway failed, retrying without breakaway...
[2026-09-06T00:59:15.521Z] [AGENT1-SUPERVISOR] Successfully spawned Cscape PID=16928
[2026-09-06T00:59:15.523Z] [AGENT1-SUPERVISOR] Monitoring startup and dialogs (up to 35 seconds)...
[2026-09-06T00:59:50.583Z] [AGENT1-SUPERVISOR] Main title is '*CONTINUE Cscape BBBBBLE TankLevelCl - Notepad'. Sending ID_FILE_MRU_FILE1 (57616)...
[2026-09-06T00:59:53.610Z] [AGENT1-SUPERVISOR] --------------------------------------------------------------------------------
[2026-09-06T00:59:53.612Z] [AGENT1-SUPERVISOR] Cscape Window Located: PID=340, HWND=0x00110AEC, Title='*CONTINUE Cscape BBBBBLE TankLevelCl - Notepad'
[2026-09-06T00:59:53.612Z] [AGENT1-SUPERVISOR] IsWindowVisible=True, IsWindowEnabled=True, IsHungAppWindow=False, HasTankLevelProject=False
[2026-09-06T00:59:53.612Z] [AGENT1-SUPERVISOR] Exception in supervisor loop: Window verification failed: vis=True, en=True, hung=False, title='*CONTINUE Cscape BBBBBLE TankLevelCl - Notepad'
[2026-09-06T01:00:00.623Z] [AGENT1-SUPERVISOR] Window or process issue detected! Re-verifying/recovering Cscape...
[2026-09-06T01:00:00.624Z] [AGENT1-SUPERVISOR] ================================================================================
[2026-09-06T01:00:00.624Z] [AGENT1-SUPERVISOR] STARTING CSCAPE VISIBLE SETUP & VERIFICATION
[2026-09-06T01:00:00.624Z] [AGENT1-SUPERVISOR] ================================================================================
[2026-09-06T01:00:00.626Z] [AGENT1-SUPERVISOR] Killing any lingering Cscape processes...
[2026-09-06T01:00:02.019Z] [AGENT1-SUPERVISOR] Configuring registry keys for clean visible startup...
[2026-09-06T01:00:02.021Z] [AGENT1-SUPERVISOR] Registry keys successfully set.
[2026-09-06T01:00:02.021Z] [AGENT1-SUPERVISOR] Spawning Cscape visibly: "C:\Program Files (x86)\Cscape 10.2\Cscape.exe" "C:\HornerAI\horner-cscape-mcp\artifacts\projects\TankLevelClosedLoop\TankLevelClosedLoop.csp" (Cwd: C:\Program Files (x86)\Cscape 10.2)
[2026-09-06T01:00:02.021Z] [AGENT1-SUPERVISOR] CreateProcessW with breakaway failed, retrying without breakaway...
[2026-09-06T01:00:02.040Z] [AGENT1-SUPERVISOR] Successfully spawned Cscape PID=15892
[2026-09-06T01:00:02.040Z] [AGENT1-SUPERVISOR] Monitoring startup and dialogs (up to 35 seconds)...
[2026-09-06T01:00:08.125Z] [AGENT1-SUPERVISOR] --------------------------------------------------------------------------------
[2026-09-06T01:00:08.125Z] [AGENT1-SUPERVISOR] Cscape Window Located: PID=15892, HWND=0x01D00182, Title='Cscape - [TankLevelClosedLoop.csp]'
[2026-09-06T01:00:08.127Z] [AGENT1-SUPERVISOR] IsWindowVisible=True, IsWindowEnabled=True, IsHungAppWindow=False, HasTankLevelProject=True
[2026-09-06T01:00:11.655Z] [AGENT1-SUPERVISOR] Dismissing splash dialog HWND=0x00D808A8 ('About Cscape')...
[2026-09-06T01:00:11.729Z] [AGENT1-SUPERVISOR] Capturing live screenshot proof for HWND=0x01D00182...
[2026-09-06T01:00:12.073Z] [AGENT1-SUPERVISOR] Saved screenshot proof: C:\HornerAI\horner-cscape-mcp\artifacts\screenshots\live_cscape_tanklevel_visible.png (1296x728, 72694 bytes)
[2026-09-06T01:00:12.152Z] [AGENT1-SUPERVISOR] Saved screenshot proof: C:\Users\ArmandoSilva\artifacts\screenshots\live_cscape_tanklevel_visible.png (1296x728, 72694 bytes)
[2026-09-06T01:00:12.152Z] [AGENT1-SUPERVISOR] Updating gate files for PID=15892, HWND=0x01D00182...
[2026-09-06T01:00:12.166Z] [AGENT1-SUPERVISOR] ================================================================================
[2026-09-06T01:00:12.185Z] [AGENT1-SUPERVISOR] CSCAPE VERIFIED VISIBLE ON INTERACTIVE DESKTOP: PID=15892, HWND=0x01D00182
[2026-09-06T01:00:12.185Z] [AGENT1-SUPERVISOR] ================================================================================
[2026-09-06T01:00:53.647Z] [AGENT1-SUPERVISOR] Watchdog health check cycle 180: PID=15892, HWND=0x01D00182, Title='Cscape - Logged In : "armando@controlnautas.com" - [TankLevelClosedLoop.csp]'
[2026-09-06T01:01:59.132Z] [AGENT1-SUPERVISOR] Watchdog health check cycle 210: PID=15892, HWND=0x01D00182, Title='Cscape - Logged In : "armando@controlnautas.com" - [TankLevelClosedLoop.csp]'
[2026-09-06T01:03:03.066Z] [AGENT1-SUPERVISOR] Watchdog health check cycle 240: PID=15892, HWND=0x01D00182, Title='Cscape - Logged In : "armando@controlnautas.com" - [TankLevelClosedLoop.csp]'
[2026-09-06T01:04:05.472Z] [AGENT1-SUPERVISOR] Watchdog health check cycle 270: PID=15892, HWND=0x01D00182, Title='Cscape - Logged In : "armando@controlnautas.com" - [TankLevelClosedLoop.csp]'
[2026-09-06T01:05:08.980Z] [AGENT1-SUPERVISOR] Watchdog health check cycle 300: PID=15892, HWND=0x01D00182, Title='Cscape - Logged In : "armando@controlnautas.com" - [TankLevelClosedLoop.csp]'
[2026-09-06T01:06:11.725Z] [AGENT1-SUPERVISOR] Watchdog health check cycle 330: PID=15892, HWND=0x01D00182, Title='Cscape - Logged In : "armando@controlnautas.com" - [TankLevelClosedLoop.csp]'
[2026-09-06T01:07:13.978Z] [AGENT1-SUPERVISOR] Watchdog health check cycle 360: PID=15892, HWND=0x01D00182, Title='Cscape - Logged In : "armando@controlnautas.com" - [TankLevelClosedLoop.csp]'
[2026-09-06T01:07:49.042Z] [AGENT1-SUPERVISOR] Window or process issue detected! Re-verifying/recovering Cscape...
[2026-09-06T01:07:49.042Z] [AGENT1-SUPERVISOR] ================================================================================
[2026-09-06T01:07:49.044Z] [AGENT1-SUPERVISOR] STARTING CSCAPE VISIBLE SETUP & VERIFICATION
[2026-09-06T01:07:49.044Z] [AGENT1-SUPERVISOR] ================================================================================
[2026-09-06T01:07:49.049Z] [AGENT1-SUPERVISOR] Killing any lingering Cscape processes...
[2026-09-06T01:07:50.209Z] [AGENT1-SUPERVISOR] Configuring registry keys for clean visible startup...
[2026-09-06T01:07:50.210Z] [AGENT1-SUPERVISOR] Registry keys successfully set.
[2026-09-06T01:07:50.210Z] [AGENT1-SUPERVISOR] Spawning Cscape visibly: "C:\Program Files (x86)\Cscape 10.2\Cscape.exe" "C:\HornerAI\horner-cscape-mcp\artifacts\projects\TankLevelClosedLoop\TankLevelClosedLoop.csp" (Cwd: C:\Program Files (x86)\Cscape 10.2)
[2026-09-06T01:07:50.212Z] [AGENT1-SUPERVISOR] CreateProcessW with breakaway failed, retrying without breakaway...
[2026-09-06T01:07:50.233Z] [AGENT1-SUPERVISOR] Successfully spawned Cscape PID=16256
[2026-09-06T01:07:50.233Z] [AGENT1-SUPERVISOR] Monitoring startup and dialogs (up to 35 seconds)...
[2026-09-06T01:07:57.544Z] [AGENT1-SUPERVISOR] --------------------------------------------------------------------------------
[2026-09-06T01:07:57.544Z] [AGENT1-SUPERVISOR] Cscape Window Located: PID=16256, HWND=0x0111054E, Title='Cscape - [TankLevelClosedLoop.csp]'
[2026-09-06T01:07:57.544Z] [AGENT1-SUPERVISOR] IsWindowVisible=True, IsWindowEnabled=True, IsHungAppWindow=False, HasTankLevelProject=True
[2026-09-06T01:08:01.682Z] [AGENT1-SUPERVISOR] Dismissing splash dialog HWND=0x00E308A8 ('About Cscape')...
[2026-09-06T01:08:01.715Z] [AGENT1-SUPERVISOR] Capturing live screenshot proof for HWND=0x0111054E...
[2026-09-06T01:08:02.350Z] [AGENT1-SUPERVISOR] Saved screenshot proof: C:\HornerAI\horner-cscape-mcp\artifacts\screenshots\live_cscape_tanklevel_visible.png (1296x728, 75277 bytes)
[2026-09-06T01:08:02.477Z] [AGENT1-SUPERVISOR] Saved screenshot proof: C:\Users\ArmandoSilva\artifacts\screenshots\live_cscape_tanklevel_visible.png (1296x728, 75277 bytes)
[2026-09-06T01:08:02.479Z] [AGENT1-SUPERVISOR] Updating gate files for PID=16256, HWND=0x0111054E...
[2026-09-06T01:08:02.503Z] [AGENT1-SUPERVISOR] ================================================================================
[2026-09-06T01:08:02.503Z] [AGENT1-SUPERVISOR] CSCAPE VERIFIED VISIBLE ON INTERACTIVE DESKTOP: PID=16256, HWND=0x0111054E
[2026-09-06T01:08:02.515Z] [AGENT1-SUPERVISOR] ================================================================================
[2026-09-06T01:08:28.761Z] [AGENT1-SUPERVISOR] Watchdog health check cycle 390: PID=16256, HWND=0x0111054E, Title='Cscape - Logged In : "armando@controlnautas.com" - [TankLevelClosedLoop.csp]'
[2026-09-06T01:08:36.890Z] [AGENT1-SUPERVISOR] Window or process issue detected! Re-verifying/recovering Cscape...
[2026-09-06T01:08:36.891Z] [AGENT1-SUPERVISOR] ================================================================================
[2026-09-06T01:08:36.919Z] [AGENT1-SUPERVISOR] STARTING CSCAPE VISIBLE SETUP & VERIFICATION
[2026-09-06T01:08:36.920Z] [AGENT1-SUPERVISOR] ================================================================================
[2026-09-06T01:08:36.933Z] [AGENT1-SUPERVISOR] Killing any lingering Cscape processes...
[2026-09-06T01:08:36.950Z] [AGENT1-SUPERVISOR] Terminating Cscape PID 16256...
[2026-09-06T01:08:38.192Z] [AGENT1-SUPERVISOR] Configuring registry keys for clean visible startup...
[2026-09-06T01:08:38.192Z] [AGENT1-SUPERVISOR] Registry keys successfully set.
[2026-09-06T01:08:38.192Z] [AGENT1-SUPERVISOR] Spawning Cscape visibly: "C:\Program Files (x86)\Cscape 10.2\Cscape.exe" "C:\HornerAI\horner-cscape-mcp\artifacts\projects\TankLevelClosedLoop\TankLevelClosedLoop.csp" (Cwd: C:\Program Files (x86)\Cscape 10.2)
[2026-09-06T01:08:38.212Z] [AGENT1-SUPERVISOR] CreateProcessW with breakaway failed, retrying without breakaway...
[2026-09-06T01:08:38.318Z] [AGENT1-SUPERVISOR] Successfully spawned Cscape PID=7488
[2026-09-06T01:08:38.318Z] [AGENT1-SUPERVISOR] Monitoring startup and dialogs (up to 35 seconds)...
[2026-09-06T01:08:49.973Z] [AGENT1-SUPERVISOR] --------------------------------------------------------------------------------
[2026-09-06T01:08:49.973Z] [AGENT1-SUPERVISOR] Cscape Window Located: PID=7488, HWND=0x009904EE, Title='Cscape - [TankLevelClosedLoop.csp]'
[2026-09-06T01:08:49.975Z] [AGENT1-SUPERVISOR] IsWindowVisible=True, IsWindowEnabled=True, IsHungAppWindow=False, HasTankLevelProject=True
[2026-09-06T01:08:53.718Z] [AGENT1-SUPERVISOR] Dismissing splash dialog HWND=0x0067098A ('About Cscape')...
[2026-09-06T01:08:53.734Z] [AGENT1-SUPERVISOR] Capturing live screenshot proof for HWND=0x009904EE...
[2026-09-06T01:08:53.924Z] [AGENT1-SUPERVISOR] Saved screenshot proof: C:\HornerAI\horner-cscape-mcp\artifacts\screenshots\live_cscape_tanklevel_visible.png (1296x728, 65424 bytes)
[2026-09-06T01:08:54.213Z] [AGENT1-SUPERVISOR] Saved screenshot proof: C:\Users\ArmandoSilva\artifacts\screenshots\live_cscape_tanklevel_visible.png (1296x728, 65424 bytes)
[2026-09-06T01:08:54.219Z] [AGENT1-SUPERVISOR] Updating gate files for PID=7488, HWND=0x009904EE...
[2026-09-06T01:08:54.259Z] [AGENT1-SUPERVISOR] ================================================================================
[2026-09-06T01:08:54.275Z] [AGENT1-SUPERVISOR] CSCAPE VERIFIED VISIBLE ON INTERACTIVE DESKTOP: PID=7488, HWND=0x009904EE
[2026-09-06T01:08:54.276Z] [AGENT1-SUPERVISOR] ================================================================================
[2026-09-06T01:09:29.400Z] [AGENT1-SUPERVISOR] Window or process issue detected! Re-verifying/recovering Cscape...
[2026-09-06T01:09:29.400Z] [AGENT1-SUPERVISOR] ================================================================================
[2026-09-06T01:09:29.400Z] [AGENT1-SUPERVISOR] STARTING CSCAPE VISIBLE SETUP & VERIFICATION
[2026-09-06T01:09:29.402Z] [AGENT1-SUPERVISOR] ================================================================================
[2026-09-06T01:09:29.405Z] [AGENT1-SUPERVISOR] Killing any lingering Cscape processes...
[2026-09-06T01:09:30.984Z] [AGENT1-SUPERVISOR] Configuring registry keys for clean visible startup...
[2026-09-06T01:09:31.012Z] [AGENT1-SUPERVISOR] Registry keys successfully set.
[2026-09-06T01:09:31.012Z] [AGENT1-SUPERVISOR] Spawning Cscape visibly: "C:\Program Files (x86)\Cscape 10.2\Cscape.exe" "C:\HornerAI\horner-cscape-mcp\artifacts\projects\TankLevelClosedLoop\TankLevelClosedLoop.csp" (Cwd: C:\Program Files (x86)\Cscape 10.2)
[2026-09-06T01:09:31.012Z] [AGENT1-SUPERVISOR] CreateProcessW with breakaway failed, retrying without breakaway...
[2026-09-06T01:09:31.125Z] [AGENT1-SUPERVISOR] Successfully spawned Cscape PID=1056
[2026-09-06T01:09:31.125Z] [AGENT1-SUPERVISOR] Monitoring startup and dialogs (up to 35 seconds)...
[2026-09-06T01:09:42.666Z] [AGENT1-SUPERVISOR] --------------------------------------------------------------------------------
[2026-09-06T01:09:42.666Z] [AGENT1-SUPERVISOR] Cscape Window Located: PID=1056, HWND=0x00E2061A, Title='Cscape - [TankLevelClosedLoop.csp]'
[2026-09-06T01:09:42.668Z] [AGENT1-SUPERVISOR] IsWindowVisible=True, IsWindowEnabled=True, IsHungAppWindow=False, HasTankLevelProject=True
[2026-09-06T01:09:47.676Z] [AGENT1-SUPERVISOR] Dismissing splash dialog HWND=0x01560374 ('About Cscape')...
[2026-09-06T01:09:48.013Z] [AGENT1-SUPERVISOR] Capturing live screenshot proof for HWND=0x00E2061A...
[2026-09-06T01:09:48.178Z] [AGENT1-SUPERVISOR] Saved screenshot proof: C:\HornerAI\horner-cscape-mcp\artifacts\screenshots\live_cscape_tanklevel_visible.png (1296x728, 72694 bytes)
[2026-09-06T01:09:48.796Z] [AGENT1-SUPERVISOR] Saved screenshot proof: C:\Users\ArmandoSilva\artifacts\screenshots\live_cscape_tanklevel_visible.png (1296x728, 72694 bytes)
[2026-09-06T01:09:48.869Z] [AGENT1-SUPERVISOR] Updating gate files for PID=1056, HWND=0x00E2061A...
[2026-09-06T01:09:49.002Z] [AGENT1-SUPERVISOR] ================================================================================
[2026-09-06T01:09:49.016Z] [AGENT1-SUPERVISOR] CSCAPE VERIFIED VISIBLE ON INTERACTIVE DESKTOP: PID=1056, HWND=0x00E2061A
[2026-09-06T01:09:49.029Z] [AGENT1-SUPERVISOR] ================================================================================
[2026-09-06T01:10:07.542Z] [AGENT1-SUPERVISOR] Watchdog health check cycle 420: PID=1056, HWND=0x00E2061A, Title='Cscape - Logged In : "armando@controlnautas.com" - [TankLevelClosedLoop.csp]'
[2026-09-06T01:10:17.652Z] [AGENT1-SUPERVISOR] Window or process issue detected! Re-verifying/recovering Cscape...
[2026-09-06T01:10:17.652Z] [AGENT1-SUPERVISOR] ================================================================================
[2026-09-06T01:10:17.652Z] [AGENT1-SUPERVISOR] STARTING CSCAPE VISIBLE SETUP & VERIFICATION
[2026-09-06T01:10:17.654Z] [AGENT1-SUPERVISOR] ================================================================================
[2026-09-06T01:10:17.656Z] [AGENT1-SUPERVISOR] Killing any lingering Cscape processes...
[2026-09-06T01:10:18.953Z] [AGENT1-SUPERVISOR] Configuring registry keys for clean visible startup...
[2026-09-06T01:10:18.954Z] [AGENT1-SUPERVISOR] Registry keys successfully set.
[2026-09-06T01:10:18.954Z] [AGENT1-SUPERVISOR] Spawning Cscape visibly: "C:\Program Files (x86)\Cscape 10.2\Cscape.exe" "C:\HornerAI\horner-cscape-mcp\artifacts\projects\TankLevelClosedLoop\TankLevelClosedLoop.csp" (Cwd: C:\Program Files (x86)\Cscape 10.2)
[2026-09-06T01:10:18.963Z] [AGENT1-SUPERVISOR] CreateProcessW with breakaway failed, retrying without breakaway...
[2026-09-06T01:10:18.983Z] [AGENT1-SUPERVISOR] Successfully spawned Cscape PID=13492
[2026-09-06T01:10:18.983Z] [AGENT1-SUPERVISOR] Monitoring startup and dialogs (up to 35 seconds)...
[2026-09-06T01:10:55.010Z] [AGENT1-SUPERVISOR] Main title is '*CONTINUE Cscape BBBBBLE TankLevelCl - Notepad'. Sending ID_FILE_MRU_FILE1 (57616)...
[2026-09-06T01:10:58.059Z] [AGENT1-SUPERVISOR] --------------------------------------------------------------------------------
[2026-09-06T01:10:58.059Z] [AGENT1-SUPERVISOR] Cscape Window Located: PID=340, HWND=0x00110AEC, Title='*CONTINUE Cscape BBBBBLE TankLevelCl - Notepad'
[2026-09-06T01:10:58.059Z] [AGENT1-SUPERVISOR] IsWindowVisible=True, IsWindowEnabled=True, IsHungAppWindow=False, HasTankLevelProject=False
[2026-09-06T01:10:58.059Z] [AGENT1-SUPERVISOR] Exception in supervisor loop: Window verification failed: vis=True, en=True, hung=False, title='*CONTINUE Cscape BBBBBLE TankLevelCl - Notepad'
[2026-09-06T01:11:05.088Z] [AGENT1-SUPERVISOR] Window or process issue detected! Re-verifying/recovering Cscape...
[2026-09-06T01:11:05.088Z] [AGENT1-SUPERVISOR] ================================================================================
[2026-09-06T01:11:05.088Z] [AGENT1-SUPERVISOR] STARTING CSCAPE VISIBLE SETUP & VERIFICATION
[2026-09-06T01:11:05.088Z] [AGENT1-SUPERVISOR] ================================================================================
[2026-09-06T01:11:05.092Z] [AGENT1-SUPERVISOR] Killing any lingering Cscape processes...
[2026-09-06T01:11:05.094Z] [AGENT1-SUPERVISOR] Terminating Cscape PID 12280...
[2026-09-06T01:11:07.030Z] [AGENT1-SUPERVISOR] Configuring registry keys for clean visible startup...
[2026-09-06T01:11:07.031Z] [AGENT1-SUPERVISOR] Registry keys successfully set.
[2026-09-06T01:11:07.031Z] [AGENT1-SUPERVISOR] Spawning Cscape visibly: "C:\Program Files (x86)\Cscape 10.2\Cscape.exe" "C:\HornerAI\horner-cscape-mcp\artifacts\projects\TankLevelClosedLoop\TankLevelClosedLoop.csp" (Cwd: C:\Program Files (x86)\Cscape 10.2)
[2026-09-06T01:11:07.031Z] [AGENT1-SUPERVISOR] CreateProcessW with breakaway failed, retrying without breakaway...
[2026-09-06T01:11:07.051Z] [AGENT1-SUPERVISOR] Successfully spawned Cscape PID=11372
[2026-09-06T01:11:07.051Z] [AGENT1-SUPERVISOR] Monitoring startup and dialogs (up to 35 seconds)...
[2026-09-06T01:11:17.059Z] [AGENT1-SUPERVISOR] --------------------------------------------------------------------------------
[2026-09-06T01:11:17.061Z] [AGENT1-SUPERVISOR] Cscape Window Located: PID=11372, HWND=0x0158066E, Title='Cscape - [TankLevelClosedLoop.csp]'
[2026-09-06T01:11:17.061Z] [AGENT1-SUPERVISOR] IsWindowVisible=True, IsWindowEnabled=True, IsHungAppWindow=False, HasTankLevelProject=True
[2026-09-06T01:11:20.704Z] [AGENT1-SUPERVISOR] Dismissing splash dialog HWND=0x00130ADC ('About Cscape')...
[2026-09-06T01:11:20.790Z] [AGENT1-SUPERVISOR] Capturing live screenshot proof for HWND=0x0158066E...
[2026-09-06T01:11:21.235Z] [AGENT1-SUPERVISOR] Saved screenshot proof: C:\HornerAI\horner-cscape-mcp\artifacts\screenshots\live_cscape_tanklevel_visible.png (1296x728, 72694 bytes)
[2026-09-06T01:11:21.481Z] [AGENT1-SUPERVISOR] Saved screenshot proof: C:\Users\ArmandoSilva\artifacts\screenshots\live_cscape_tanklevel_visible.png (1296x728, 72694 bytes)
[2026-09-06T01:11:21.483Z] [AGENT1-SUPERVISOR] Updating gate files for PID=11372, HWND=0x0158066E...
[2026-09-06T01:11:21.499Z] [AGENT1-SUPERVISOR] ================================================================================
[2026-09-06T01:11:21.499Z] [AGENT1-SUPERVISOR] CSCAPE VERIFIED VISIBLE ON INTERACTIVE DESKTOP: PID=11372, HWND=0x0158066E
[2026-09-06T01:11:21.543Z] [AGENT1-SUPERVISOR] ================================================================================
[2026-09-06T01:11:56.110Z] [AGENT1-SUPERVISOR] Window or process issue detected! Re-verifying/recovering Cscape...
[2026-09-06T01:11:56.111Z] [AGENT1-SUPERVISOR] ================================================================================
[2026-09-06T01:11:56.111Z] [AGENT1-SUPERVISOR] STARTING CSCAPE VISIBLE SETUP & VERIFICATION
[2026-09-06T01:11:56.111Z] [AGENT1-SUPERVISOR] ================================================================================
[2026-09-06T01:11:56.113Z] [AGENT1-SUPERVISOR] Killing any lingering Cscape processes...
[2026-09-06T01:11:57.533Z] [AGENT1-SUPERVISOR] Configuring registry keys for clean visible startup...
[2026-09-06T01:11:57.533Z] [AGENT1-SUPERVISOR] Registry keys successfully set.
[2026-09-06T01:11:57.533Z] [AGENT1-SUPERVISOR] Spawning Cscape visibly: "C:\Program Files (x86)\Cscape 10.2\Cscape.exe" "C:\HornerAI\horner-cscape-mcp\artifacts\projects\TankLevelClosedLoop\TankLevelClosedLoop.csp" (Cwd: C:\Program Files (x86)\Cscape 10.2)
[2026-09-06T01:11:57.535Z] [AGENT1-SUPERVISOR] CreateProcessW with breakaway failed, retrying without breakaway...
[2026-09-06T01:11:57.557Z] [AGENT1-SUPERVISOR] Successfully spawned Cscape PID=16780
[2026-09-06T01:11:57.559Z] [AGENT1-SUPERVISOR] Monitoring startup and dialogs (up to 35 seconds)...
[2026-09-06T01:12:07.328Z] [AGENT1-SUPERVISOR] --------------------------------------------------------------------------------
[2026-09-06T01:12:07.328Z] [AGENT1-SUPERVISOR] Cscape Window Located: PID=16780, HWND=0x016C071E, Title='Cscape - [TankLevelClosedLoop.csp]'
[2026-09-06T01:12:07.328Z] [AGENT1-SUPERVISOR] IsWindowVisible=True, IsWindowEnabled=True, IsHungAppWindow=False, HasTankLevelProject=True
[2026-09-06T01:12:11.043Z] [AGENT1-SUPERVISOR] Dismissing splash dialog HWND=0x0070098A ('About Cscape')...
[2026-09-06T01:12:11.231Z] [AGENT1-SUPERVISOR] Capturing live screenshot proof for HWND=0x016C071E...
[2026-09-06T01:12:11.511Z] [AGENT1-SUPERVISOR] Saved screenshot proof: C:\HornerAI\horner-cscape-mcp\artifacts\screenshots\live_cscape_tanklevel_visible.png (1296x728, 72694 bytes)
[2026-09-06T01:12:11.977Z] [AGENT1-SUPERVISOR] Saved screenshot proof: C:\Users\ArmandoSilva\artifacts\screenshots\live_cscape_tanklevel_visible.png (1296x728, 72694 bytes)
[2026-09-06T01:12:12.026Z] [AGENT1-SUPERVISOR] Updating gate files for PID=16780, HWND=0x016C071E...
[2026-09-06T01:12:12.039Z] [AGENT1-SUPERVISOR] ================================================================================
[2026-09-06T01:12:12.039Z] [AGENT1-SUPERVISOR] CSCAPE VERIFIED VISIBLE ON INTERACTIVE DESKTOP: PID=16780, HWND=0x016C071E
[2026-09-06T01:12:12.063Z] [AGENT1-SUPERVISOR] ================================================================================
[2026-09-06T01:12:28.610Z] [AGENT1-SUPERVISOR] Watchdog health check cycle 450: PID=16780, HWND=0x016C071E, Title='Cscape - Logged In : "armando@controlnautas.com" - [TankLevelClosedLoop.csp]'
[2026-09-06T01:12:44.853Z] [AGENT1-SUPERVISOR] Window or process issue detected! Re-verifying/recovering Cscape...
[2026-09-06T01:12:44.853Z] [AGENT1-SUPERVISOR] ================================================================================
[2026-09-06T01:12:44.853Z] [AGENT1-SUPERVISOR] STARTING CSCAPE VISIBLE SETUP & VERIFICATION
[2026-09-06T01:12:44.855Z] [AGENT1-SUPERVISOR] ================================================================================
[2026-09-06T01:12:44.856Z] [AGENT1-SUPERVISOR] Killing any lingering Cscape processes...
[2026-09-06T01:12:46.163Z] [AGENT1-SUPERVISOR] Configuring registry keys for clean visible startup...
[2026-09-06T01:12:46.163Z] [AGENT1-SUPERVISOR] Registry keys successfully set.
[2026-09-06T01:12:46.163Z] [AGENT1-SUPERVISOR] Spawning Cscape visibly: "C:\Program Files (x86)\Cscape 10.2\Cscape.exe" "C:\HornerAI\horner-cscape-mcp\artifacts\projects\TankLevelClosedLoop\TankLevelClosedLoop.csp" (Cwd: C:\Program Files (x86)\Cscape 10.2)
[2026-09-06T01:12:46.165Z] [AGENT1-SUPERVISOR] CreateProcessW with breakaway failed, retrying without breakaway...
[2026-09-06T01:12:46.182Z] [AGENT1-SUPERVISOR] Successfully spawned Cscape PID=13748
[2026-09-06T01:12:46.182Z] [AGENT1-SUPERVISOR] Monitoring startup and dialogs (up to 35 seconds)...
[2026-09-06T01:13:21.232Z] [AGENT1-SUPERVISOR] Main title is '*CONTINUE Cscape BBBBBLE TankLevelCl - Notepad'. Sending ID_FILE_MRU_FILE1 (57616)...
[2026-09-06T01:13:24.258Z] [AGENT1-SUPERVISOR] --------------------------------------------------------------------------------
[2026-09-06T01:13:24.260Z] [AGENT1-SUPERVISOR] Cscape Window Located: PID=340, HWND=0x00110AEC, Title='*CONTINUE Cscape BBBBBLE TankLevelCl - Notepad'
[2026-09-06T01:13:24.260Z] [AGENT1-SUPERVISOR] IsWindowVisible=True, IsWindowEnabled=True, IsHungAppWindow=False, HasTankLevelProject=False
[2026-09-06T01:13:24.260Z] [AGENT1-SUPERVISOR] Exception in supervisor loop: Window verification failed: vis=True, en=True, hung=False, title='*CONTINUE Cscape BBBBBLE TankLevelCl - Notepad'
[2026-09-06T01:13:31.276Z] [AGENT1-SUPERVISOR] Window or process issue detected! Re-verifying/recovering Cscape...
[2026-09-06T01:13:31.276Z] [AGENT1-SUPERVISOR] ================================================================================
[2026-09-06T01:13:31.276Z] [AGENT1-SUPERVISOR] STARTING CSCAPE VISIBLE SETUP & VERIFICATION
[2026-09-06T01:13:31.278Z] [AGENT1-SUPERVISOR] ================================================================================
[2026-09-06T01:13:31.280Z] [AGENT1-SUPERVISOR] Killing any lingering Cscape processes...
[2026-09-06T01:13:31.284Z] [AGENT1-SUPERVISOR] Terminating Cscape PID 15184...
[2026-09-06T01:13:32.693Z] [AGENT1-SUPERVISOR] Configuring registry keys for clean visible startup...
[2026-09-06T01:13:32.694Z] [AGENT1-SUPERVISOR] Registry keys successfully set.
[2026-09-06T01:13:32.694Z] [AGENT1-SUPERVISOR] Spawning Cscape visibly: "C:\Program Files (x86)\Cscape 10.2\Cscape.exe" "C:\HornerAI\horner-cscape-mcp\artifacts\projects\TankLevelClosedLoop\TankLevelClosedLoop.csp" (Cwd: C:\Program Files (x86)\Cscape 10.2)
[2026-09-06T01:13:32.696Z] [AGENT1-SUPERVISOR] CreateProcessW with breakaway failed, retrying without breakaway...
[2026-09-06T01:13:32.724Z] [AGENT1-SUPERVISOR] Successfully spawned Cscape PID=13076
[2026-09-06T01:13:32.724Z] [AGENT1-SUPERVISOR] Monitoring startup and dialogs (up to 35 seconds)...
[2026-09-06T01:13:40.138Z] [AGENT1-SUPERVISOR] --------------------------------------------------------------------------------
[2026-09-06T01:13:40.140Z] [AGENT1-SUPERVISOR] Cscape Window Located: PID=13076, HWND=0x00C307FA, Title='Cscape - [TankLevelClosedLoop.csp]'
[2026-09-06T01:13:40.142Z] [AGENT1-SUPERVISOR] IsWindowVisible=True, IsWindowEnabled=True, IsHungAppWindow=False, HasTankLevelProject=True
[2026-09-06T01:13:44.526Z] [AGENT1-SUPERVISOR] Dismissing splash dialog HWND=0x00D305D0 ('About Cscape')...
[2026-09-06T01:13:44.561Z] [AGENT1-SUPERVISOR] Capturing live screenshot proof for HWND=0x00C307FA...
[2026-09-06T01:13:45.153Z] [AGENT1-SUPERVISOR] Saved screenshot proof: C:\HornerAI\horner-cscape-mcp\artifacts\screenshots\live_cscape_tanklevel_visible.png (1296x728, 72694 bytes)
[2026-09-06T01:13:45.342Z] [AGENT1-SUPERVISOR] Saved screenshot proof: C:\Users\ArmandoSilva\artifacts\screenshots\live_cscape_tanklevel_visible.png (1296x728, 72694 bytes)
[2026-09-06T01:13:45.344Z] [AGENT1-SUPERVISOR] Updating gate files for PID=13076, HWND=0x00C307FA...
[2026-09-06T01:13:45.346Z] [AGENT1-SUPERVISOR] ================================================================================
[2026-09-06T01:13:45.368Z] [AGENT1-SUPERVISOR] CSCAPE VERIFIED VISIBLE ON INTERACTIVE DESKTOP: PID=13076, HWND=0x00C307FA
[2026-09-06T01:13:45.370Z] [AGENT1-SUPERVISOR] ================================================================================
[2026-09-06T01:14:18.734Z] [AGENT1-SUPERVISOR] Window or process issue detected! Re-verifying/recovering Cscape...
[2026-09-06T01:14:18.734Z] [AGENT1-SUPERVISOR] ================================================================================
[2026-09-06T01:14:18.734Z] [AGENT1-SUPERVISOR] STARTING CSCAPE VISIBLE SETUP & VERIFICATION
[2026-09-06T01:14:18.734Z] [AGENT1-SUPERVISOR] ================================================================================
[2026-09-06T01:14:18.738Z] [AGENT1-SUPERVISOR] Killing any lingering Cscape processes...
[2026-09-06T01:14:19.937Z] [AGENT1-SUPERVISOR] Configuring registry keys for clean visible startup...
[2026-09-06T01:14:19.937Z] [AGENT1-SUPERVISOR] Registry keys successfully set.
[2026-09-06T01:14:19.940Z] [AGENT1-SUPERVISOR] Spawning Cscape visibly: "C:\Program Files (x86)\Cscape 10.2\Cscape.exe" "C:\HornerAI\horner-cscape-mcp\artifacts\projects\TankLevelClosedLoop\TankLevelClosedLoop.csp" (Cwd: C:\Program Files (x86)\Cscape 10.2)
[2026-09-06T01:14:19.942Z] [AGENT1-SUPERVISOR] CreateProcessW with breakaway failed, retrying without breakaway...
[2026-09-06T01:14:19.963Z] [AGENT1-SUPERVISOR] Successfully spawned Cscape PID=6560
[2026-09-06T01:14:19.963Z] [AGENT1-SUPERVISOR] Monitoring startup and dialogs (up to 35 seconds)...
[2026-09-06T01:14:55.042Z] [AGENT1-SUPERVISOR] Main title is '*CONTINUE EEGAPLAN Cscape NOT iiiibl - Notepad'. Sending ID_FILE_MRU_FILE1 (57616)...
[2026-09-06T01:14:58.050Z] [AGENT1-SUPERVISOR] --------------------------------------------------------------------------------
[2026-09-06T01:14:58.050Z] [AGENT1-SUPERVISOR] Cscape Window Located: PID=340, HWND=0x00110AEC, Title='*CONTINUE EEGAPLAN Cscape NOT iiiibl - Notepad'
[2026-09-06T01:14:58.050Z] [AGENT1-SUPERVISOR] IsWindowVisible=True, IsWindowEnabled=True, IsHungAppWindow=False, HasTankLevelProject=False
[2026-09-06T01:14:58.052Z] [AGENT1-SUPERVISOR] Exception in supervisor loop: Window verification failed: vis=True, en=True, hung=False, title='*CONTINUE EEGAPLAN Cscape NOT iiiibl - Notepad'
[2026-09-06T01:15:05.073Z] [AGENT1-SUPERVISOR] Window or process issue detected! Re-verifying/recovering Cscape...
[2026-09-06T01:15:05.075Z] [AGENT1-SUPERVISOR] ================================================================================
[2026-09-06T01:15:05.075Z] [AGENT1-SUPERVISOR] STARTING CSCAPE VISIBLE SETUP & VERIFICATION
[2026-09-06T01:15:05.075Z] [AGENT1-SUPERVISOR] ================================================================================
[2026-09-06T01:15:05.078Z] [AGENT1-SUPERVISOR] Killing any lingering Cscape processes...
[2026-09-06T01:15:05.078Z] [AGENT1-SUPERVISOR] Terminating Cscape PID 416...
[2026-09-06T01:15:06.416Z] [AGENT1-SUPERVISOR] Configuring registry keys for clean visible startup...
[2026-09-06T01:15:06.416Z] [AGENT1-SUPERVISOR] Registry keys successfully set.
[2026-09-06T01:15:06.416Z] [AGENT1-SUPERVISOR] Spawning Cscape visibly: "C:\Program Files (x86)\Cscape 10.2\Cscape.exe" "C:\HornerAI\horner-cscape-mcp\artifacts\projects\TankLevelClosedLoop\TankLevelClosedLoop.csp" (Cwd: C:\Program Files (x86)\Cscape 10.2)
[2026-09-06T01:15:06.418Z] [AGENT1-SUPERVISOR] CreateProcessW with breakaway failed, retrying without breakaway...
[2026-09-06T01:15:06.431Z] [AGENT1-SUPERVISOR] Successfully spawned Cscape PID=4756
[2026-09-06T01:15:06.431Z] [AGENT1-SUPERVISOR] Monitoring startup and dialogs (up to 35 seconds)...
[2026-09-06T01:15:41.778Z] [AGENT1-SUPERVISOR] Main title is 'Cscape'. Sending ID_FILE_MRU_FILE1 (57616)...
[2026-09-06T01:15:44.784Z] [AGENT1-SUPERVISOR] --------------------------------------------------------------------------------
[2026-09-06T01:15:44.784Z] [AGENT1-SUPERVISOR] Cscape Window Located: PID=340, HWND=0x00110AEC, Title='*CONTINUE Cscape NOT sssible FAIL CL - Notepad'
[2026-09-06T01:15:44.784Z] [AGENT1-SUPERVISOR] IsWindowVisible=True, IsWindowEnabled=True, IsHungAppWindow=False, HasTankLevelProject=False
[2026-09-06T01:15:44.786Z] [AGENT1-SUPERVISOR] Exception in supervisor loop: Window verification failed: vis=True, en=True, hung=False, title='*CONTINUE Cscape NOT sssible FAIL CL - Notepad'
[2026-09-06T01:15:51.794Z] [AGENT1-SUPERVISOR] Window or process issue detected! Re-verifying/recovering Cscape...
[2026-09-06T01:15:51.796Z] [AGENT1-SUPERVISOR] ================================================================================
[2026-09-06T01:15:51.796Z] [AGENT1-SUPERVISOR] STARTING CSCAPE VISIBLE SETUP & VERIFICATION
[2026-09-06T01:15:51.796Z] [AGENT1-SUPERVISOR] ================================================================================
[2026-09-06T01:15:51.799Z] [AGENT1-SUPERVISOR] Killing any lingering Cscape processes...
[2026-09-06T01:15:51.801Z] [AGENT1-SUPERVISOR] Terminating Cscape PID 16252...
[2026-09-06T01:15:53.038Z] [AGENT1-SUPERVISOR] Configuring registry keys for clean visible startup...
[2026-09-06T01:15:53.038Z] [AGENT1-SUPERVISOR] Registry keys successfully set.
[2026-09-06T01:15:53.040Z] [AGENT1-SUPERVISOR] Spawning Cscape visibly: "C:\Program Files (x86)\Cscape 10.2\Cscape.exe" "C:\HornerAI\horner-cscape-mcp\artifacts\projects\TankLevelClosedLoop\TankLevelClosedLoop.csp" (Cwd: C:\Program Files (x86)\Cscape 10.2)
[2026-09-06T01:15:53.040Z] [AGENT1-SUPERVISOR] CreateProcessW with breakaway failed, retrying without breakaway...
[2026-09-06T01:15:53.053Z] [AGENT1-SUPERVISOR] Successfully spawned Cscape PID=16640
[2026-09-06T01:15:53.053Z] [AGENT1-SUPERVISOR] Monitoring startup and dialogs (up to 35 seconds)...
[2026-09-06T01:15:59.232Z] [AGENT1-SUPERVISOR] --------------------------------------------------------------------------------
[2026-09-06T01:15:59.234Z] [AGENT1-SUPERVISOR] Cscape Window Located: PID=16640, HWND=0x0128065E, Title='Cscape - [TankLevelClosedLoop.csp]'
[2026-09-06T01:15:59.234Z] [AGENT1-SUPERVISOR] IsWindowVisible=True, IsWindowEnabled=True, IsHungAppWindow=False, HasTankLevelProject=True
[2026-09-06T01:16:03.698Z] [AGENT1-SUPERVISOR] Dismissing splash dialog HWND=0x01D80628 ('About Cscape')...
[2026-09-06T01:16:03.711Z] [AGENT1-SUPERVISOR] Capturing live screenshot proof for HWND=0x0128065E...
[2026-09-06T01:16:03.845Z] [AGENT1-SUPERVISOR] Saved screenshot proof: C:\HornerAI\horner-cscape-mcp\artifacts\screenshots\live_cscape_tanklevel_visible.png (1296x728, 64340 bytes)
[2026-09-06T01:16:03.971Z] [AGENT1-SUPERVISOR] Saved screenshot proof: C:\Users\ArmandoSilva\artifacts\screenshots\live_cscape_tanklevel_visible.png (1296x728, 64340 bytes)
[2026-09-06T01:16:03.976Z] [AGENT1-SUPERVISOR] Updating gate files for PID=16640, HWND=0x0128065E...
[2026-09-06T01:16:03.980Z] [AGENT1-SUPERVISOR] ================================================================================
[2026-09-06T01:16:03.995Z] [AGENT1-SUPERVISOR] CSCAPE VERIFIED VISIBLE ON INTERACTIVE DESKTOP: PID=16640, HWND=0x0128065E
[2026-09-06T01:16:03.995Z] [AGENT1-SUPERVISOR] ================================================================================
[2026-09-06T01:16:10.352Z] [AGENT1-SUPERVISOR] Watchdog health check cycle 480: PID=16640, HWND=0x0128065E, Title='Cscape - Logged In : "armando@controlnautas.com" - [TankLevelClosedLoop.csp]'
[2026-09-06T01:16:38.996Z] [AGENT1-SUPERVISOR] Window or process issue detected! Re-verifying/recovering Cscape...
[2026-09-06T01:16:38.996Z] [AGENT1-SUPERVISOR] ================================================================================
[2026-09-06T01:16:38.996Z] [AGENT1-SUPERVISOR] STARTING CSCAPE VISIBLE SETUP & VERIFICATION
[2026-09-06T01:16:38.996Z] [AGENT1-SUPERVISOR] ================================================================================
[2026-09-06T01:16:39.002Z] [AGENT1-SUPERVISOR] Killing any lingering Cscape processes...
[2026-09-06T01:16:40.168Z] [AGENT1-SUPERVISOR] Configuring registry keys for clean visible startup...
[2026-09-06T01:16:40.168Z] [AGENT1-SUPERVISOR] Registry keys successfully set.
[2026-09-06T01:16:40.168Z] [AGENT1-SUPERVISOR] Spawning Cscape visibly: "C:\Program Files (x86)\Cscape 10.2\Cscape.exe" "C:\HornerAI\horner-cscape-mcp\artifacts\projects\TankLevelClosedLoop\TankLevelClosedLoop.csp" (Cwd: C:\Program Files (x86)\Cscape 10.2)
[2026-09-06T01:16:40.170Z] [AGENT1-SUPERVISOR] CreateProcessW with breakaway failed, retrying without breakaway...
[2026-09-06T01:16:40.184Z] [AGENT1-SUPERVISOR] Successfully spawned Cscape PID=4560
[2026-09-06T01:16:40.184Z] [AGENT1-SUPERVISOR] Monitoring startup and dialogs (up to 35 seconds)...
[2026-09-06T01:17:15.660Z] [AGENT1-SUPERVISOR] Main title is '*CONTINUE MEGAPLAN Cscape NOT visibl - Notepad'. Sending ID_FILE_MRU_FILE1 (57616)...
[2026-09-06T01:17:18.719Z] [AGENT1-SUPERVISOR] --------------------------------------------------------------------------------
[2026-09-06T01:17:18.719Z] [AGENT1-SUPERVISOR] Cscape Window Located: PID=340, HWND=0x00110AEC, Title='*CONTINUE MEGAPLAN Cscape NOT visibl - Notepad'
[2026-09-06T01:17:18.719Z] [AGENT1-SUPERVISOR] IsWindowVisible=True, IsWindowEnabled=True, IsHungAppWindow=False, HasTankLevelProject=False
[2026-09-06T01:17:18.721Z] [AGENT1-SUPERVISOR] Exception in supervisor loop: Window verification failed: vis=True, en=True, hung=False, title='*CONTINUE MEGAPLAN Cscape NOT visibl - Notepad'
[2026-09-06T01:17:25.756Z] [AGENT1-SUPERVISOR] Window or process issue detected! Re-verifying/recovering Cscape...
[2026-09-06T01:17:25.756Z] [AGENT1-SUPERVISOR] ================================================================================
[2026-09-06T01:17:25.756Z] [AGENT1-SUPERVISOR] STARTING CSCAPE VISIBLE SETUP & VERIFICATION
[2026-09-06T01:17:25.756Z] [AGENT1-SUPERVISOR] ================================================================================
[2026-09-06T01:17:25.760Z] [AGENT1-SUPERVISOR] Killing any lingering Cscape processes...
[2026-09-06T01:17:25.762Z] [AGENT1-SUPERVISOR] Terminating Cscape PID 5704...
[2026-09-06T01:17:27.252Z] [AGENT1-SUPERVISOR] Configuring registry keys for clean visible startup...
[2026-09-06T01:17:27.252Z] [AGENT1-SUPERVISOR] Registry keys successfully set.
[2026-09-06T01:17:27.254Z] [AGENT1-SUPERVISOR] Spawning Cscape visibly: "C:\Program Files (x86)\Cscape 10.2\Cscape.exe" "C:\HornerAI\horner-cscape-mcp\artifacts\projects\TankLevelClosedLoop\TankLevelClosedLoop.csp" (Cwd: C:\Program Files (x86)\Cscape 10.2)
[2026-09-06T01:17:27.254Z] [AGENT1-SUPERVISOR] CreateProcessW with breakaway failed, retrying without breakaway...
[2026-09-06T01:17:27.268Z] [AGENT1-SUPERVISOR] Successfully spawned Cscape PID=13492
[2026-09-06T01:17:27.268Z] [AGENT1-SUPERVISOR] Monitoring startup and dialogs (up to 35 seconds)...
[2026-09-06T01:19:05.250Z] [AGENT1-SUPERVISOR] ================================================================================
[2026-09-06T01:19:05.252Z] [AGENT1-SUPERVISOR] STARTING CSCAPE VISIBLE SETUP & VERIFICATION
[2026-09-06T01:19:05.252Z] [AGENT1-SUPERVISOR] ================================================================================
[2026-09-06T01:19:05.272Z] [AGENT1-SUPERVISOR] Killing any lingering Cscape processes...
[2026-09-06T01:19:06.605Z] [AGENT1-SUPERVISOR] Configuring registry keys for clean visible startup...
[2026-09-06T01:19:06.605Z] [AGENT1-SUPERVISOR] Registry keys successfully set.
[2026-09-06T01:19:06.605Z] [AGENT1-SUPERVISOR] Spawning Cscape visibly: "C:\Program Files (x86)\Cscape 10.2\Cscape.exe" "C:\HornerAI\horner-cscape-mcp\artifacts\projects\TankLevelClosedLoop\TankLevelClosedLoop.csp" (Cwd: C:\Program Files (x86)\Cscape 10.2)
[2026-09-06T01:19:06.629Z] [AGENT1-SUPERVISOR] Successfully spawned Cscape PID=17256
[2026-09-06T01:19:06.629Z] [AGENT1-SUPERVISOR] Monitoring startup and dialogs (up to 35 seconds)...
[2026-09-06T01:19:12.970Z] [AGENT1-SUPERVISOR] --------------------------------------------------------------------------------
[2026-09-06T01:19:12.970Z] [AGENT1-SUPERVISOR] Cscape Window Located: PID=17256, HWND=0x0080028C, Title='Cscape - [TankLevelClosedLoop.csp]'
[2026-09-06T01:19:12.970Z] [AGENT1-SUPERVISOR] IsWindowVisible=True, IsWindowEnabled=True, IsHungAppWindow=False, HasTankLevelProject=True
[2026-09-06T01:19:16.759Z] [AGENT1-SUPERVISOR] Dismissing splash dialog HWND=0x013B081A ('About Cscape')...
[2026-09-06T01:19:16.850Z] [AGENT1-SUPERVISOR] Project Navigator visibility status: True
[2026-09-06T01:19:16.850Z] [AGENT1-SUPERVISOR] Capturing live screenshot proof for HWND=0x0080028C...
[2026-09-06T01:19:17.727Z] [AGENT1-SUPERVISOR] Saved screenshot proof: C:\HornerAI\horner-cscape-mcp\artifacts\screenshots\live_cscape_tanklevel_visible.png (1296x728, 72694 bytes)
[2026-09-06T01:19:18.002Z] [AGENT1-SUPERVISOR] Saved screenshot proof: C:\Users\ArmandoSilva\artifacts\screenshots\live_cscape_tanklevel_visible.png (1296x728, 72694 bytes)
[2026-09-06T01:19:18.002Z] [AGENT1-SUPERVISOR] Updating gate files for PID=17256, HWND=0x0080028C...
[2026-09-06T01:19:18.039Z] [AGENT1-SUPERVISOR] ================================================================================
[2026-09-06T01:19:18.041Z] [AGENT1-SUPERVISOR] CSCAPE VERIFIED VISIBLE ON INTERACTIVE DESKTOP: PID=17256, HWND=0x0080028C
[2026-09-06T01:19:18.067Z] [AGENT1-SUPERVISOR] ================================================================================
[2026-09-06T01:20:20.181Z] [AGENT1-SUPERVISOR] ================================================================================
[2026-09-06T01:20:20.213Z] [AGENT1-SUPERVISOR] STARTING CSCAPE VISIBLE SETUP & VERIFICATION
[2026-09-06T01:20:20.213Z] [AGENT1-SUPERVISOR] ================================================================================
[2026-09-06T01:20:20.223Z] [AGENT1-SUPERVISOR] Killing any lingering Cscape processes...
[2026-09-06T01:20:21.886Z] [AGENT1-SUPERVISOR] Configuring registry keys for clean visible startup...
[2026-09-06T01:20:21.886Z] [AGENT1-SUPERVISOR] Registry keys successfully set.
[2026-09-06T01:20:21.886Z] [AGENT1-SUPERVISOR] Spawning Cscape visibly: "C:\Program Files (x86)\Cscape 10.2\Cscape.exe" "C:\HornerAI\horner-cscape-mcp\artifacts\projects\TankLevelClosedLoop\TankLevelClosedLoop.csp" (Cwd: C:\Program Files (x86)\Cscape 10.2)
[2026-09-06T01:20:21.913Z] [AGENT1-SUPERVISOR] Successfully spawned Cscape PID=11080
[2026-09-06T01:20:21.913Z] [AGENT1-SUPERVISOR] Monitoring startup and dialogs (up to 35 seconds)...
[2026-09-06T01:20:29.136Z] [AGENT1-SUPERVISOR] --------------------------------------------------------------------------------
[2026-09-06T01:20:29.138Z] [AGENT1-SUPERVISOR] Cscape Window Located: PID=11080, HWND=0x005B0508, Title='Cscape - [TankLevelClosedLoop.csp]'
[2026-09-06T01:20:29.138Z] [AGENT1-SUPERVISOR] IsWindowVisible=True, IsWindowEnabled=True, IsHungAppWindow=False, HasTankLevelProject=True
[2026-09-06T01:20:32.437Z] [AGENT1-SUPERVISOR] Dismissing splash dialog HWND=0x025501EA ('About Cscape')...
[2026-09-06T01:20:32.543Z] [AGENT1-SUPERVISOR] Project Navigator visibility status: True
[2026-09-06T01:20:32.546Z] [AGENT1-SUPERVISOR] Capturing live screenshot proof for HWND=0x005B0508...
[2026-09-06T01:20:32.952Z] [AGENT1-SUPERVISOR] Saved screenshot proof: C:\HornerAI\horner-cscape-mcp\artifacts\screenshots\live_cscape_tanklevel_visible.png (1296x728, 72694 bytes)
[2026-09-06T01:20:33.102Z] [AGENT1-SUPERVISOR] Saved screenshot proof: C:\Users\ArmandoSilva\artifacts\screenshots\live_cscape_tanklevel_visible.png (1296x728, 72694 bytes)
[2026-09-06T01:20:33.106Z] [AGENT1-SUPERVISOR] Updating gate files for PID=11080, HWND=0x005B0508...
[2026-09-06T01:20:33.124Z] [AGENT1-SUPERVISOR] ================================================================================
[2026-09-06T01:20:33.124Z] [AGENT1-SUPERVISOR] CSCAPE VERIFIED VISIBLE ON INTERACTIVE DESKTOP: PID=11080, HWND=0x005B0508
[2026-09-06T01:20:33.130Z] [AGENT1-SUPERVISOR] ================================================================================
[2026-09-06T01:20:33.130Z] [AGENT1-SUPERVISOR] Entering autonomous keepalive supervisor loop...
[2026-09-06T01:21:31.902Z] [AGENT1-SUPERVISOR] Watchdog health check cycle 30: PID=11080, HWND=0x005B0508, Title='Cscape - Logged In : "armando@controlnautas.com" - [TankLevelClosedLoop.csp]'
[2026-09-06T01:22:32.213Z] [AGENT1-SUPERVISOR] Watchdog health check cycle 60: PID=11080, HWND=0x005B0508, Title='Cscape - Logged In : "armando@controlnautas.com" - [TankLevelClosedLoop.csp]'
[2026-09-06T01:38:26.366Z] [AGENT1-SUPERVISOR] ================================================================================
[2026-09-06T01:38:26.366Z] [AGENT1-SUPERVISOR] STARTING CSCAPE VISIBLE SETUP & VERIFICATION
[2026-09-06T01:38:26.366Z] [AGENT1-SUPERVISOR] ================================================================================
[2026-09-06T01:38:26.380Z] [AGENT1-SUPERVISOR] Killing any lingering Cscape processes...
[2026-09-06T01:38:27.590Z] [AGENT1-SUPERVISOR] Configuring registry keys for clean visible startup...
[2026-09-06T01:38:27.590Z] [AGENT1-SUPERVISOR] Registry keys successfully set.
[2026-09-06T01:38:27.590Z] [AGENT1-SUPERVISOR] Spawning Cscape visibly: "C:\Program Files (x86)\Cscape 10.2\Cscape.exe" "C:\HornerAI\horner-cscape-mcp\artifacts\projects\TankLevelClosedLoop\TankLevelClosedLoop.csp" (Cwd: C:\Program Files (x86)\Cscape 10.2)
[2026-09-06T01:38:27.615Z] [AGENT1-SUPERVISOR] Successfully spawned Cscape PID=10452
[2026-09-06T01:38:27.617Z] [AGENT1-SUPERVISOR] Monitoring startup and dialogs (up to 35 seconds)...
[2026-09-06T01:38:33.747Z] [AGENT1-SUPERVISOR] --------------------------------------------------------------------------------
[2026-09-06T01:38:33.748Z] [AGENT1-SUPERVISOR] Cscape Window Located: PID=10452, HWND=0x00DC03F6, Title='Cscape - [TankLevelClosedLoop.csp]'
[2026-09-06T01:38:33.748Z] [AGENT1-SUPERVISOR] IsWindowVisible=True, IsWindowEnabled=True, IsHungAppWindow=False, HasTankLevelProject=True
[2026-09-06T01:38:36.887Z] [AGENT1-SUPERVISOR] Dismissing splash dialog HWND=0x00BD0732 ('About Cscape')...
[2026-09-06T01:38:37.107Z] [AGENT1-SUPERVISOR] Project Navigator visibility status: True
[2026-09-06T01:38:37.107Z] [AGENT1-SUPERVISOR] Capturing live screenshot proof for HWND=0x00DC03F6...
[2026-09-06T01:38:37.670Z] [AGENT1-SUPERVISOR] Saved screenshot proof: C:\HornerAI\horner-cscape-mcp\artifacts\screenshots\live_cscape_tanklevel_visible.png (1296x728, 72855 bytes)
[2026-09-06T01:38:37.850Z] [AGENT1-SUPERVISOR] Saved screenshot proof: C:\Users\ArmandoSilva\artifacts\screenshots\live_cscape_tanklevel_visible.png (1296x728, 72855 bytes)
[2026-09-06T01:38:37.850Z] [AGENT1-SUPERVISOR] Updating gate files for PID=10452, HWND=0x00DC03F6...
[2026-09-06T01:38:37.888Z] [AGENT1-SUPERVISOR] ================================================================================
[2026-09-06T01:38:37.888Z] [AGENT1-SUPERVISOR] CSCAPE VERIFIED VISIBLE ON INTERACTIVE DESKTOP: PID=10452, HWND=0x00DC03F6
[2026-09-06T01:38:37.890Z] [AGENT1-SUPERVISOR] ================================================================================
[2026-09-06T01:38:44.867Z] [AGENT1-SUPERVISOR] ================================================================================
[2026-09-06T01:38:44.872Z] [AGENT1-SUPERVISOR] STARTING CSCAPE VISIBLE SETUP & VERIFICATION
[2026-09-06T01:38:44.872Z] [AGENT1-SUPERVISOR] ================================================================================
[2026-09-06T01:38:44.882Z] [AGENT1-SUPERVISOR] Killing any lingering Cscape processes...
[2026-09-06T01:38:46.166Z] [AGENT1-SUPERVISOR] Configuring registry keys for clean visible startup...
[2026-09-06T01:38:46.166Z] [AGENT1-SUPERVISOR] Registry keys successfully set.
[2026-09-06T01:38:46.168Z] [AGENT1-SUPERVISOR] Spawning Cscape visibly: "C:\Program Files (x86)\Cscape 10.2\Cscape.exe" "C:\HornerAI\horner-cscape-mcp\artifacts\projects\TankLevelClosedLoop\TankLevelClosedLoop.csp" (Cwd: C:\Program Files (x86)\Cscape 10.2)
[2026-09-06T01:38:46.202Z] [AGENT1-SUPERVISOR] Successfully spawned Cscape PID=1708
[2026-09-06T01:38:46.202Z] [AGENT1-SUPERVISOR] Monitoring startup and dialogs (up to 35 seconds)...
[2026-09-06T01:38:52.349Z] [AGENT1-SUPERVISOR] --------------------------------------------------------------------------------
[2026-09-06T01:38:52.351Z] [AGENT1-SUPERVISOR] Cscape Window Located: PID=1708, HWND=0x02800066, Title='Cscape - [TankLevelClosedLoop.csp]'
[2026-09-06T01:38:52.351Z] [AGENT1-SUPERVISOR] IsWindowVisible=True, IsWindowEnabled=True, IsHungAppWindow=False, HasTankLevelProject=True
[2026-09-06T01:38:55.980Z] [AGENT1-SUPERVISOR] Dismissing splash dialog HWND=0x001D0936 ('About Cscape')...
[2026-09-06T01:38:56.097Z] [AGENT1-SUPERVISOR] Project Navigator visibility status: True
[2026-09-06T01:38:56.097Z] [AGENT1-SUPERVISOR] Capturing live screenshot proof for HWND=0x02800066...
[2026-09-06T01:38:56.540Z] [AGENT1-SUPERVISOR] Saved screenshot proof: C:\HornerAI\horner-cscape-mcp\artifacts\screenshots\live_cscape_tanklevel_visible.png (1296x728, 72855 bytes)
[2026-09-06T01:38:56.629Z] [AGENT1-SUPERVISOR] Saved screenshot proof: C:\Users\ArmandoSilva\artifacts\screenshots\live_cscape_tanklevel_visible.png (1296x728, 72855 bytes)
[2026-09-06T01:38:56.659Z] [AGENT1-SUPERVISOR] Updating gate files for PID=1708, HWND=0x02800066...
[2026-09-06T01:38:56.719Z] [AGENT1-SUPERVISOR] ================================================================================
[2026-09-06T01:38:56.727Z] [AGENT1-SUPERVISOR] CSCAPE VERIFIED VISIBLE ON INTERACTIVE DESKTOP: PID=1708, HWND=0x02800066
[2026-09-06T01:38:56.727Z] [AGENT1-SUPERVISOR] ================================================================================
[2026-09-06T01:38:56.729Z] [AGENT1-SUPERVISOR] Entering autonomous keepalive supervisor loop...
[2026-09-06T01:39:55.880Z] [AGENT1-SUPERVISOR] Watchdog health check cycle 30: PID=1708, HWND=0x02800066, Title='Cscape - Logged In : "armando@controlnautas.com" - [TankLevelClosedLoop.csp]'
[2026-09-06T01:40:56.255Z] [AGENT1-SUPERVISOR] Watchdog health check cycle 60: PID=1708, HWND=0x02800066, Title='Cscape - Logged In : "armando@controlnautas.com" - [TankLevelClosedLoop.csp]'
[2026-09-06T01:41:56.575Z] [AGENT1-SUPERVISOR] Watchdog health check cycle 90: PID=1708, HWND=0x02800066, Title='Cscape - Logged In : "armando@controlnautas.com" - [TankLevelClosedLoop.csp]'
[2026-09-06T01:42:56.836Z] [AGENT1-SUPERVISOR] Watchdog health check cycle 120: PID=1708, HWND=0x02800066, Title='Cscape - Logged In : "armando@controlnautas.com" - [TankLevelClosedLoop.csp]'
[2026-09-06T01:43:57.091Z] [AGENT1-SUPERVISOR] Watchdog health check cycle 150: PID=1708, HWND=0x02800066, Title='Cscape - Logged In : "armando@controlnautas.com" - [TankLevelClosedLoop.csp]'
[2026-09-06T01:44:57.360Z] [AGENT1-SUPERVISOR] Watchdog health check cycle 180: PID=1708, HWND=0x02800066, Title='Cscape - Logged In : "armando@controlnautas.com" - [TankLevelClosedLoop.csp]'
[2026-09-06T01:45:57.913Z] [AGENT1-SUPERVISOR] Watchdog health check cycle 210: PID=1708, HWND=0x02800066, Title='Cscape - Logged In : "armando@controlnautas.com" - [TankLevelClosedLoop.csp]'
[2026-09-06T01:51:07.890Z] [AGENT1-SUPERVISOR] ================================================================================
[2026-09-06T01:51:07.890Z] [AGENT1-SUPERVISOR] STARTING CSCAPE VISIBLE SETUP & VERIFICATION
[2026-09-06T01:51:07.890Z] [AGENT1-SUPERVISOR] ================================================================================
[2026-09-06T01:51:07.898Z] [AGENT1-SUPERVISOR] Adopting already active visible Cscape window: PID=16128, HWND=0x024903DC, Title='Cscape - Logged In : "armando@controlnautas.com" - [TankLevelClosedLoop.csp]'
[2026-09-06T01:51:09.612Z] [AGENT1-SUPERVISOR] Project Navigator visibility status: True
[2026-09-06T01:51:09.789Z] [AGENT1-SUPERVISOR] Saved screenshot proof: C:\HornerAI\horner-cscape-mcp\artifacts\screenshots\live_cscape_tanklevel_visible.png (1296x728, 72694 bytes)
[2026-09-06T01:51:09.826Z] [AGENT1-SUPERVISOR] Saved screenshot proof: C:\Users\ArmandoSilva\artifacts\screenshots\live_cscape_tanklevel_visible.png (1296x728, 72694 bytes)
[2026-09-06T01:51:31.726Z] [AGENT1-SUPERVISOR] ================================================================================
[2026-09-06T01:51:31.726Z] [AGENT1-SUPERVISOR] STARTING CSCAPE VISIBLE SETUP & VERIFICATION
[2026-09-06T01:51:31.728Z] [AGENT1-SUPERVISOR] ================================================================================
[2026-09-06T01:51:31.732Z] [AGENT1-SUPERVISOR] Adopting already active visible Cscape window: PID=16128, HWND=0x024903DC, Title='Cscape - Logged In : "armando@controlnautas.com" - [TankLevelClosedLoop.csp]'
[2026-09-06T01:51:31.761Z] [AGENT1-SUPERVISOR] Killing duplicate orphan Cscape PID 15840...
[2026-09-06T01:51:33.208Z] [AGENT1-SUPERVISOR] Project Navigator visibility status: True
[2026-09-06T01:51:33.405Z] [AGENT1-SUPERVISOR] Saved screenshot proof: C:\HornerAI\horner-cscape-mcp\artifacts\screenshots\live_cscape_tanklevel_visible.png (1296x728, 72694 bytes)
[2026-09-06T01:51:33.436Z] [AGENT1-SUPERVISOR] Saved screenshot proof: C:\Users\ArmandoSilva\artifacts\screenshots\live_cscape_tanklevel_visible.png (1296x728, 72694 bytes)
[2026-09-06T01:51:46.082Z] [AGENT1-SUPERVISOR] ================================================================================
[2026-09-06T01:51:46.082Z] [AGENT1-SUPERVISOR] STARTING CSCAPE VISIBLE SETUP & VERIFICATION
[2026-09-06T01:51:46.083Z] [AGENT1-SUPERVISOR] ================================================================================
[2026-09-06T01:51:46.089Z] [AGENT1-SUPERVISOR] Adopting already active visible Cscape window: PID=16128, HWND=0x024903DC, Title='Cscape - Logged In : "armando@controlnautas.com" - [TankLevelClosedLoop.csp]'
[2026-09-06T01:51:47.891Z] [AGENT1-SUPERVISOR] Project Navigator visibility status: True
[2026-09-06T01:51:48.128Z] [AGENT1-SUPERVISOR] Saved screenshot proof: C:\HornerAI\horner-cscape-mcp\artifacts\screenshots\live_cscape_tanklevel_visible.png (1296x728, 72694 bytes)
[2026-09-06T01:51:48.196Z] [AGENT1-SUPERVISOR] Saved screenshot proof: C:\Users\ArmandoSilva\artifacts\screenshots\live_cscape_tanklevel_visible.png (1296x728, 72694 bytes)
[2026-09-06T01:51:48.200Z] [AGENT1-SUPERVISOR] Entering autonomous keepalive supervisor loop...
[2026-09-06T01:52:46.744Z] [AGENT1-SUPERVISOR] Watchdog health check cycle 30: PID=16128, HWND=0x024903DC, Title='Cscape - Logged In : "armando@controlnautas.com" - [TankLevelClosedLoop.csp]'
[2026-09-06T01:53:47.811Z] [AGENT1-SUPERVISOR] Watchdog health check cycle 60: PID=16128, HWND=0x024903DC, Title='Cscape - Logged In : "armando@controlnautas.com" - [TankLevelClosedLoop.csp]'
[2026-09-06T01:54:48.673Z] [AGENT1-SUPERVISOR] Watchdog health check cycle 90: PID=16128, HWND=0x024903DC, Title='Cscape - Logged In : "armando@controlnautas.com" - [TankLevelClosedLoop.csp]'
[2026-09-06T01:55:49.310Z] [AGENT1-SUPERVISOR] Watchdog health check cycle 120: PID=16128, HWND=0x024903DC, Title='Cscape - Logged In : "armando@controlnautas.com" - [TankLevelClosedLoop.csp]'
[2026-09-06T01:56:49.921Z] [AGENT1-SUPERVISOR] Watchdog health check cycle 150: PID=16128, HWND=0x024903DC, Title='Cscape - Logged In : "armando@controlnautas.com" - [TankLevelClosedLoop.csp]'
[2026-09-06T01:58:05.594Z] [AGENT1-SUPERVISOR] Watchdog health check cycle 180: PID=16128, HWND=0x024903DC, Title='Cscape - Logged In : "armando@controlnautas.com" - [TankLevelClosedLoop.csp]'
[2026-09-06T01:59:06.169Z] [AGENT1-SUPERVISOR] Watchdog health check cycle 210: PID=16128, HWND=0x024903DC, Title='Cscape - Logged In : "armando@controlnautas.com" - [TankLevelClosedLoop.csp]'
[2026-09-06T02:00:06.852Z] [AGENT1-SUPERVISOR] Watchdog health check cycle 240: PID=16128, HWND=0x024903DC, Title='Cscape - Logged In : "armando@controlnautas.com" - [TankLevelClosedLoop.csp]'
[2026-09-06T02:01:07.242Z] [AGENT1-SUPERVISOR] Watchdog health check cycle 270: PID=16128, HWND=0x024903DC, Title='Cscape - Logged In : "armando@controlnautas.com" - [TankLevelClosedLoop.csp]'
[2026-09-06T02:02:08.897Z] [AGENT1-SUPERVISOR] Watchdog health check cycle 300: PID=16128, HWND=0x024903DC, Title='Cscape - Logged In : "armando@controlnautas.com" - [TankLevelClosedLoop.csp]'
[2026-09-06T02:03:12.533Z] [AGENT1-SUPERVISOR] Watchdog health check cycle 330: PID=16128, HWND=0x024903DC, Title='Cscape - Logged In : "armando@controlnautas.com" - [TankLevelClosedLoop.csp]'
[2026-09-06T02:04:16.761Z] [AGENT1-SUPERVISOR] Watchdog health check cycle 360: PID=16128, HWND=0x024903DC, Title='Cscape - Logged In : "armando@controlnautas.com" - [TankLevelClosedLoop.csp]'
[2026-09-06T02:05:21.135Z] [AGENT1-SUPERVISOR] Watchdog health check cycle 390: PID=16128, HWND=0x024903DC, Title='Cscape - Logged In : "armando@controlnautas.com" - [TankLevelClosedLoop.csp]'
[2026-09-06T02:06:25.009Z] [AGENT1-SUPERVISOR] Watchdog health check cycle 420: PID=16128, HWND=0x024903DC, Title='Cscape - Logged In : "armando@controlnautas.com" - [TankLevelClosedLoop.csp]'
[2026-09-06T02:07:27.836Z] [AGENT1-SUPERVISOR] Watchdog health check cycle 450: PID=16128, HWND=0x024903DC, Title='Cscape - Logged In : "armando@controlnautas.com" - [TankLevelClosedLoop.csp]'
[2026-09-06T02:08:29.052Z] [AGENT1-SUPERVISOR] Watchdog health check cycle 480: PID=16128, HWND=0x024903DC, Title='Cscape - Logged In : "armando@controlnautas.com" - [TankLevelClosedLoop.csp]'
[2026-09-06T02:09:33.133Z] [AGENT1-SUPERVISOR] Watchdog health check cycle 510: PID=16128, HWND=0x024903DC, Title='Cscape - Logged In : "armando@controlnautas.com" - [TankLevelClosedLoop.csp]'
[2026-09-06T02:10:36.690Z] [AGENT1-SUPERVISOR] Watchdog health check cycle 540: PID=16128, HWND=0x024903DC, Title='Cscape - Logged In : "armando@controlnautas.com" - [TankLevelClosedLoop.csp]'
[2026-09-06T02:11:38.699Z] [AGENT1-SUPERVISOR] Watchdog health check cycle 570: PID=16128, HWND=0x024903DC, Title='Cscape - Logged In : "armando@controlnautas.com" - [TankLevelClosedLoop.csp]'
[2026-09-06T02:12:41.384Z] [AGENT1-SUPERVISOR] Watchdog health check cycle 600: PID=16128, HWND=0x024903DC, Title='Cscape - Logged In : "armando@controlnautas.com" - [TankLevelClosedLoop.csp]'
[2026-09-06T02:13:42.391Z] [AGENT1-SUPERVISOR] Watchdog health check cycle 630: PID=16128, HWND=0x024903DC, Title='Cscape - Logged In : "armando@controlnautas.com" - [TankLevelClosedLoop.csp]'
[2026-09-06T02:14:43.355Z] [AGENT1-SUPERVISOR] Watchdog health check cycle 660: PID=16128, HWND=0x024903DC, Title='Cscape - Logged In : "armando@controlnautas.com" - [TankLevelClosedLoop.csp]'
[2026-09-06T02:15:45.102Z] [AGENT1-SUPERVISOR] Watchdog health check cycle 690: PID=16128, HWND=0x024903DC, Title='Cscape - Logged In : "armando@controlnautas.com" - [TankLevelClosedLoop.csp]'
[2026-09-06T02:16:45.821Z] [AGENT1-SUPERVISOR] Watchdog health check cycle 720: PID=16128, HWND=0x024903DC, Title='Cscape - Logged In : "armando@controlnautas.com" - [TankLevelClosedLoop.csp]'
[2026-09-06T02:17:46.253Z] [AGENT1-SUPERVISOR] Watchdog health check cycle 750: PID=16128, HWND=0x024903DC, Title='Cscape - Logged In : "armando@controlnautas.com" - [TankLevelClosedLoop.csp]'
[2026-09-06T02:18:46.449Z] [AGENT1-SUPERVISOR] Watchdog health check cycle 780: PID=16128, HWND=0x024903DC, Title='Cscape - Logged In : "armando@controlnautas.com" - [TankLevelClosedLoop.csp]'
[2026-09-06T02:19:46.689Z] [AGENT1-SUPERVISOR] Watchdog health check cycle 810: PID=16128, HWND=0x024903DC, Title='Cscape - Logged In : "armando@controlnautas.com" - [TankLevelClosedLoop.csp]'
[2026-09-06T02:20:46.875Z] [AGENT1-SUPERVISOR] Watchdog health check cycle 840: PID=16128, HWND=0x024903DC, Title='Cscape - Logged In : "armando@controlnautas.com" - [TankLevelClosedLoop.csp]'
[2026-09-06T02:21:47.093Z] [AGENT1-SUPERVISOR] Watchdog health check cycle 870: PID=16128, HWND=0x024903DC, Title='Cscape - Logged In : "armando@controlnautas.com" - [TankLevelClosedLoop.csp]'
[2026-09-06T02:22:47.339Z] [AGENT1-SUPERVISOR] Watchdog health check cycle 900: PID=16128, HWND=0x024903DC, Title='Cscape - Logged In : "armando@controlnautas.com" - [TankLevelClosedLoop.csp]'
[2026-09-06T02:23:47.528Z] [AGENT1-SUPERVISOR] Watchdog health check cycle 930: PID=16128, HWND=0x024903DC, Title='Cscape - Logged In : "armando@controlnautas.com" - [TankLevelClosedLoop.csp]'
[2026-09-06T02:24:47.759Z] [AGENT1-SUPERVISOR] Watchdog health check cycle 960: PID=16128, HWND=0x024903DC, Title='Cscape - Logged In : "armando@controlnautas.com" - [TankLevelClosedLoop.csp]'
[2026-09-06T02:25:48.387Z] [AGENT1-SUPERVISOR] Watchdog health check cycle 990: PID=16128, HWND=0x024903DC, Title='Cscape - Logged In : "armando@controlnautas.com" - [TankLevelClosedLoop.csp]'
[2026-09-06T02:26:49.166Z] [AGENT1-SUPERVISOR] Watchdog health check cycle 1020: PID=16128, HWND=0x024903DC, Title='Cscape - Logged In : "armando@controlnautas.com" - [TankLevelClosedLoop.csp]'
[2026-09-06T02:27:49.850Z] [AGENT1-SUPERVISOR] Watchdog health check cycle 1050: PID=16128, HWND=0x024903DC, Title='Cscape - Logged In : "armando@controlnautas.com" - [TankLevelClosedLoop.csp]'
[2026-09-06T02:28:50.444Z] [AGENT1-SUPERVISOR] Watchdog health check cycle 1080: PID=16128, HWND=0x024903DC, Title='Cscape - Logged In : "armando@controlnautas.com" - [TankLevelClosedLoop.csp]'
[2026-09-06T02:29:51.003Z] [AGENT1-SUPERVISOR] Watchdog health check cycle 1110: PID=16128, HWND=0x024903DC, Title='Cscape - Logged In : "armando@controlnautas.com" - [TankLevelClosedLoop.csp]'
[2026-09-06T02:30:51.539Z] [AGENT1-SUPERVISOR] Watchdog health check cycle 1140: PID=16128, HWND=0x024903DC, Title='Cscape - Logged In : "armando@controlnautas.com" - [TankLevelClosedLoop.csp]'
[2026-09-06T02:31:52.102Z] [AGENT1-SUPERVISOR] Watchdog health check cycle 1170: PID=16128, HWND=0x024903DC, Title='Cscape - Logged In : "armando@controlnautas.com" - [TankLevelClosedLoop.csp]'
[2026-09-06T02:32:52.796Z] [AGENT1-SUPERVISOR] Watchdog health check cycle 1200: PID=16128, HWND=0x024903DC, Title='Cscape - Logged In : "armando@controlnautas.com" - [TankLevelClosedLoop.csp]'
[2026-09-06T02:33:53.542Z] [AGENT1-SUPERVISOR] Watchdog health check cycle 1230: PID=16128, HWND=0x024903DC, Title='Cscape - Logged In : "armando@controlnautas.com" - [TankLevelClosedLoop.csp]'
[2026-09-06T02:34:54.092Z] [AGENT1-SUPERVISOR] Watchdog health check cycle 1260: PID=16128, HWND=0x024903DC, Title='Cscape - Logged In : "armando@controlnautas.com" - [TankLevelClosedLoop.csp]'
[2026-09-06T02:35:54.385Z] [AGENT1-SUPERVISOR] Watchdog health check cycle 1290: PID=16128, HWND=0x024903DC, Title='Cscape - Logged In : "armando@controlnautas.com" - [TankLevelClosedLoop.csp]'
[2026-09-06T02:36:54.746Z] [AGENT1-SUPERVISOR] Watchdog health check cycle 1320: PID=16128, HWND=0x024903DC, Title='Cscape - Logged In : "armando@controlnautas.com" - [TankLevelClosedLoop.csp]'
[2026-09-06T02:37:55.013Z] [AGENT1-SUPERVISOR] Watchdog health check cycle 1350: PID=16128, HWND=0x024903DC, Title='Cscape - Logged In : "armando@controlnautas.com" - [TankLevelClosedLoop.csp]'
[2026-09-06T02:38:55.297Z] [AGENT1-SUPERVISOR] Watchdog health check cycle 1380: PID=16128, HWND=0x024903DC, Title='Cscape - Logged In : "armando@controlnautas.com" - [TankLevelClosedLoop.csp]'
[2026-09-06T02:39:55.556Z] [AGENT1-SUPERVISOR] Watchdog health check cycle 1410: PID=16128, HWND=0x024903DC, Title='Cscape - Logged In : "armando@controlnautas.com" - [TankLevelClosedLoop.csp]'
[2026-09-06T02:40:55.827Z] [AGENT1-SUPERVISOR] Watchdog health check cycle 1440: PID=16128, HWND=0x024903DC, Title='Cscape - Logged In : "armando@controlnautas.com" - [TankLevelClosedLoop.csp]'
[2026-09-06T02:41:56.131Z] [AGENT1-SUPERVISOR] Watchdog health check cycle 1470: PID=16128, HWND=0x024903DC, Title='Cscape - Logged In : "armando@controlnautas.com" - [TankLevelClosedLoop.csp]'
[2026-09-06T02:42:56.596Z] [AGENT1-SUPERVISOR] Watchdog health check cycle 1500: PID=16128, HWND=0x024903DC, Title='Cscape - Logged In : "armando@controlnautas.com" - [TankLevelClosedLoop.csp]'
[2026-09-06T02:43:57.117Z] [AGENT1-SUPERVISOR] Watchdog health check cycle 1530: PID=16128, HWND=0x024903DC, Title='Cscape - Logged In : "armando@controlnautas.com" - [TankLevelClosedLoop.csp]'
[2026-09-06T02:45:00.318Z] [AGENT1-SUPERVISOR] Watchdog health check cycle 1560: PID=16128, HWND=0x024903DC, Title='Cscape - Logged In : "armando@controlnautas.com" - [TankLevelClosedLoop.csp]'
[2026-09-06T02:46:03.346Z] [AGENT1-SUPERVISOR] Watchdog health check cycle 1590: PID=16128, HWND=0x024903DC, Title='Cscape - Logged In : "armando@controlnautas.com" - [TankLevelClosedLoop.csp]'
[2026-09-06T02:47:04.078Z] [AGENT1-SUPERVISOR] Watchdog health check cycle 1620: PID=16128, HWND=0x024903DC, Title='Cscape - Logged In : "armando@controlnautas.com" - [TankLevelClosedLoop.csp]'
[2026-09-06T02:48:05.086Z] [AGENT1-SUPERVISOR] Watchdog health check cycle 1650: PID=16128, HWND=0x024903DC, Title='Cscape - Logged In : "armando@controlnautas.com" - [TankLevelClosedLoop.csp]'
[2026-09-06T02:49:05.962Z] [AGENT1-SUPERVISOR] Watchdog health check cycle 1680: PID=16128, HWND=0x024903DC, Title='Cscape - Logged In : "armando@controlnautas.com" - [TankLevelClosedLoop.csp]'
[2026-09-06T02:50:06.283Z] [AGENT1-SUPERVISOR] Watchdog health check cycle 1710: PID=16128, HWND=0x024903DC, Title='Cscape - Logged In : "armando@controlnautas.com" - [TankLevelClosedLoop.csp]'
[2026-09-06T02:51:06.483Z] [AGENT1-SUPERVISOR] Watchdog health check cycle 1740: PID=16128, HWND=0x024903DC, Title='Cscape - Logged In : "armando@controlnautas.com" - [TankLevelClosedLoop.csp]'
[2026-09-06T02:52:06.853Z] [AGENT1-SUPERVISOR] Watchdog health check cycle 1770: PID=16128, HWND=0x024903DC, Title='Cscape - Logged In : "armando@controlnautas.com" - [TankLevelClosedLoop.csp]'
[2026-09-06T02:53:07.383Z] [AGENT1-SUPERVISOR] Watchdog health check cycle 1800: PID=16128, HWND=0x024903DC, Title='Cscape - Logged In : "armando@controlnautas.com" - [TankLevelClosedLoop.csp]'
[2026-09-06T02:54:08.005Z] [AGENT1-SUPERVISOR] Watchdog health check cycle 1830: PID=16128, HWND=0x024903DC, Title='Cscape - Logged In : "armando@controlnautas.com" - [TankLevelClosedLoop.csp]'
[2026-09-06T02:55:10.328Z] [AGENT1-SUPERVISOR] Watchdog health check cycle 1860: PID=16128, HWND=0x024903DC, Title='Cscape - Logged In : "armando@controlnautas.com" - [TankLevelClosedLoop.csp]'
[2026-09-06T02:56:10.945Z] [AGENT1-SUPERVISOR] Watchdog health check cycle 1890: PID=16128, HWND=0x024903DC, Title='Cscape - Logged In : "armando@controlnautas.com" - [TankLevelClosedLoop.csp]'
[2026-09-06T02:57:11.666Z] [AGENT1-SUPERVISOR] Watchdog health check cycle 1920: PID=16128, HWND=0x024903DC, Title='Cscape - Logged In : "armando@controlnautas.com" - [TankLevelClosedLoop.csp]'
[2026-09-06T02:58:12.934Z] [AGENT1-SUPERVISOR] Watchdog health check cycle 1950: PID=16128, HWND=0x024903DC, Title='Cscape - Logged In : "armando@controlnautas.com" - [TankLevelClosedLoop.csp]'
[2026-09-06T02:59:13.644Z] [AGENT1-SUPERVISOR] Watchdog health check cycle 1980: PID=16128, HWND=0x024903DC, Title='Cscape - Logged In : "armando@controlnautas.com" - [TankLevelClosedLoop.csp]'
[2026-09-06T03:00:13.946Z] [AGENT1-SUPERVISOR] Watchdog health check cycle 2010: PID=16128, HWND=0x024903DC, Title='Cscape - Logged In : "armando@controlnautas.com" - [TankLevelClosedLoop.csp]'
[2026-09-06T03:01:14.640Z] [AGENT1-SUPERVISOR] Watchdog health check cycle 2040: PID=16128, HWND=0x024903DC, Title='Cscape - Logged In : "armando@controlnautas.com" - [TankLevelClosedLoop.csp]'
[2026-09-06T03:02:16.975Z] [AGENT1-SUPERVISOR] Watchdog health check cycle 2070: PID=16128, HWND=0x024903DC, Title='Cscape - Logged In : "armando@controlnautas.com" - [TankLevelClosedLoop.csp]'
[2026-09-06T03:03:19.405Z] [AGENT1-SUPERVISOR] Watchdog health check cycle 2100: PID=16128, HWND=0x024903DC, Title='Cscape - Logged In : "armando@controlnautas.com" - [TankLevelClosedLoop.csp]'
[2026-09-06T03:04:23.675Z] [AGENT1-SUPERVISOR] Watchdog health check cycle 2130: PID=16128, HWND=0x024903DC, Title='Cscape - Logged In : "armando@controlnautas.com" - [TankLevelClosedLoop.csp]'
[2026-09-06T03:05:24.972Z] [AGENT1-SUPERVISOR] Watchdog health check cycle 2160: PID=16128, HWND=0x024903DC, Title='Cscape - Logged In : "armando@controlnautas.com" - [TankLevelClosedLoop.csp]'
[2026-09-06T03:06:25.604Z] [AGENT1-SUPERVISOR] Watchdog health check cycle 2190: PID=16128, HWND=0x024903DC, Title='Cscape - Logged In : "armando@controlnautas.com" - [TankLevelClosedLoop.csp]'
[2026-09-06T03:07:27.320Z] [AGENT1-SUPERVISOR] Watchdog health check cycle 2220: PID=16128, HWND=0x024903DC, Title='Cscape - Logged In : "armando@controlnautas.com" - [TankLevelClosedLoop.csp]'
[2026-09-06T03:08:27.880Z] [AGENT1-SUPERVISOR] Watchdog health check cycle 2250: PID=16128, HWND=0x024903DC, Title='Cscape - Logged In : "armando@controlnautas.com" - [TankLevelClosedLoop.csp]'
[2026-09-06T03:09:28.203Z] [AGENT1-SUPERVISOR] Watchdog health check cycle 2280: PID=16128, HWND=0x024903DC, Title='Cscape - Logged In : "armando@controlnautas.com" - [TankLevelClosedLoop.csp]'
[2026-09-06T03:10:28.555Z] [AGENT1-SUPERVISOR] Watchdog health check cycle 2310: PID=16128, HWND=0x024903DC, Title='Cscape - Logged In : "armando@controlnautas.com" - [TankLevelClosedLoop.csp]'
[2026-09-06T03:11:28.829Z] [AGENT1-SUPERVISOR] Watchdog health check cycle 2340: PID=16128, HWND=0x024903DC, Title='Cscape - Logged In : "armando@controlnautas.com" - [TankLevelClosedLoop.csp]'
[2026-09-06T03:12:29.091Z] [AGENT1-SUPERVISOR] Watchdog health check cycle 2370: PID=16128, HWND=0x024903DC, Title='Cscape - Logged In : "armando@controlnautas.com" - [TankLevelClosedLoop.csp]'
[2026-09-06T03:13:29.464Z] [AGENT1-SUPERVISOR] Watchdog health check cycle 2400: PID=16128, HWND=0x024903DC, Title='Cscape - Logged In : "armando@controlnautas.com" - [TankLevelClosedLoop.csp]'
[2026-09-06T03:14:29.789Z] [AGENT1-SUPERVISOR] Watchdog health check cycle 2430: PID=16128, HWND=0x024903DC, Title='Cscape - Logged In : "armando@controlnautas.com" - [TankLevelClosedLoop.csp]'
[2026-09-06T03:15:30.060Z] [AGENT1-SUPERVISOR] Watchdog health check cycle 2460: PID=16128, HWND=0x024903DC, Title='Cscape - Logged In : "armando@controlnautas.com" - [TankLevelClosedLoop.csp]'
[2026-09-06T03:16:30.315Z] [AGENT1-SUPERVISOR] Watchdog health check cycle 2490: PID=16128, HWND=0x024903DC, Title='Cscape - Logged In : "armando@controlnautas.com" - [TankLevelClosedLoop.csp]'
[2026-09-06T03:17:30.571Z] [AGENT1-SUPERVISOR] Watchdog health check cycle 2520: PID=16128, HWND=0x024903DC, Title='Cscape - Logged In : "armando@controlnautas.com" - [TankLevelClosedLoop.csp]'
[2026-09-06T03:18:30.841Z] [AGENT1-SUPERVISOR] Watchdog health check cycle 2550: PID=16128, HWND=0x024903DC, Title='Cscape - Logged In : "armando@controlnautas.com" - [TankLevelClosedLoop.csp]'
[2026-09-06T03:19:31.117Z] [AGENT1-SUPERVISOR] Watchdog health check cycle 2580: PID=16128, HWND=0x024903DC, Title='Cscape - Logged In : "armando@controlnautas.com" - [TankLevelClosedLoop.csp]'
[2026-09-06T03:20:31.387Z] [AGENT1-SUPERVISOR] Watchdog health check cycle 2610: PID=16128, HWND=0x024903DC, Title='Cscape - Logged In : "armando@controlnautas.com" - [TankLevelClosedLoop.csp]'
[2026-09-06T03:21:31.715Z] [AGENT1-SUPERVISOR] Watchdog health check cycle 2640: PID=16128, HWND=0x024903DC, Title='Cscape - Logged In : "armando@controlnautas.com" - [TankLevelClosedLoop.csp]'
[2026-09-06T03:22:32.139Z] [AGENT1-SUPERVISOR] Watchdog health check cycle 2670: PID=16128, HWND=0x024903DC, Title='Cscape - Logged In : "armando@controlnautas.com" - [TankLevelClosedLoop.csp]'
[2026-09-06T03:25:33.133Z] [AGENT1-SUPERVISOR] ================================================================================
[2026-09-06T03:25:33.133Z] [AGENT1-SUPERVISOR] STARTING CSCAPE VISIBLE SETUP & VERIFICATION
[2026-09-06T03:25:33.133Z] [AGENT1-SUPERVISOR] ================================================================================
[2026-09-06T03:25:33.139Z] [AGENT1-SUPERVISOR] Adopting already active visible Cscape window: PID=16128, HWND=0x024903DC, Title='Cscape - Logged In : "armando@controlnautas.com" - [TankLevelClosedLoop.csp]'
[2026-09-06T03:25:34.510Z] [AGENT1-SUPERVISOR] Project Navigator visibility status: True
[2026-09-06T03:25:34.700Z] [AGENT1-SUPERVISOR] Saved screenshot proof: C:\HornerAI\horner-cscape-mcp\artifacts\screenshots\live_cscape_tanklevel_visible.png (1296x728, 72694 bytes)
[2026-09-06T03:25:34.725Z] [AGENT1-SUPERVISOR] Saved screenshot proof: C:\Users\ArmandoSilva\artifacts\screenshots\live_cscape_tanklevel_visible.png (1296x728, 72694 bytes)
[2026-09-06T03:25:39.025Z] [AGENT1-SUPERVISOR] ================================================================================
[2026-09-06T03:25:39.027Z] [AGENT1-SUPERVISOR] STARTING CSCAPE VISIBLE SETUP & VERIFICATION
[2026-09-06T03:25:39.027Z] [AGENT1-SUPERVISOR] ================================================================================
[2026-09-06T03:25:39.031Z] [AGENT1-SUPERVISOR] Adopting already active visible Cscape window: PID=16128, HWND=0x024903DC, Title='Cscape - Logged In : "armando@controlnautas.com" - [TankLevelClosedLoop.csp]'
[2026-09-06T03:25:40.887Z] [AGENT1-SUPERVISOR] Project Navigator visibility status: True
[2026-09-06T03:25:41.083Z] [AGENT1-SUPERVISOR] Saved screenshot proof: C:\HornerAI\horner-cscape-mcp\artifacts\screenshots\live_cscape_tanklevel_visible.png (1296x728, 72694 bytes)
[2026-09-06T03:25:41.135Z] [AGENT1-SUPERVISOR] Saved screenshot proof: C:\Users\ArmandoSilva\artifacts\screenshots\live_cscape_tanklevel_visible.png (1296x728, 72694 bytes)
[2026-09-06T03:25:41.141Z] [AGENT1-SUPERVISOR] Entering autonomous keepalive supervisor loop...
[2026-09-06T03:26:40.294Z] [AGENT1-SUPERVISOR] Watchdog health check cycle 30: PID=16128, HWND=0x024903DC, Title='Cscape - Logged In : "armando@controlnautas.com" - [TankLevelClosedLoop.csp]'
[2026-09-06T03:27:41.417Z] [AGENT1-SUPERVISOR] Watchdog health check cycle 60: PID=16128, HWND=0x024903DC, Title='Cscape - Logged In : "armando@controlnautas.com" - [TankLevelClosedLoop.csp]'
[2026-09-06T03:28:41.838Z] [AGENT1-SUPERVISOR] Watchdog health check cycle 90: PID=16128, HWND=0x024903DC, Title='Cscape - Logged In : "armando@controlnautas.com" - [TankLevelClosedLoop.csp]'
[2026-09-06T03:29:42.209Z] [AGENT1-SUPERVISOR] Watchdog health check cycle 120: PID=16128, HWND=0x024903DC, Title='Cscape - Logged In : "armando@controlnautas.com" - [TankLevelClosedLoop.csp]'
[2026-09-06T03:30:42.565Z] [AGENT1-SUPERVISOR] Watchdog health check cycle 150: PID=16128, HWND=0x024903DC, Title='Cscape - Logged In : "armando@controlnautas.com" - [TankLevelClosedLoop.csp]'
[2026-09-06T03:31:43.061Z] [AGENT1-SUPERVISOR] Watchdog health check cycle 180: PID=16128, HWND=0x024903DC, Title='Cscape - Logged In : "armando@controlnautas.com" - [TankLevelClosedLoop.csp]'
[2026-09-06T03:32:43.472Z] [AGENT1-SUPERVISOR] Watchdog health check cycle 210: PID=16128, HWND=0x024903DC, Title='Cscape - Logged In : "armando@controlnautas.com" - [TankLevelClosedLoop.csp]'
[2026-09-06T03:33:44.010Z] [AGENT1-SUPERVISOR] Watchdog health check cycle 240: PID=16128, HWND=0x024903DC, Title='Cscape - Logged In : "armando@controlnautas.com" - [TankLevelClosedLoop.csp]'
[2026-09-06T03:34:44.443Z] [AGENT1-SUPERVISOR] Watchdog health check cycle 270: PID=16128, HWND=0x024903DC, Title='Cscape - Logged In : "armando@controlnautas.com" - [TankLevelClosedLoop.csp]'
[2026-09-06T03:35:44.918Z] [AGENT1-SUPERVISOR] Watchdog health check cycle 300: PID=16128, HWND=0x024903DC, Title='Cscape - Logged In : "armando@controlnautas.com" - [TankLevelClosedLoop.csp]'
[2026-09-06T03:36:45.381Z] [AGENT1-SUPERVISOR] Watchdog health check cycle 330: PID=16128, HWND=0x024903DC, Title='Cscape - Logged In : "armando@controlnautas.com" - [TankLevelClosedLoop.csp]'
[2026-09-06T03:37:45.663Z] [AGENT1-SUPERVISOR] Watchdog health check cycle 360: PID=16128, HWND=0x024903DC, Title='Cscape - Logged In : "armando@controlnautas.com" - [TankLevelClosedLoop.csp]'
[2026-09-06T03:38:45.885Z] [AGENT1-SUPERVISOR] Watchdog health check cycle 390: PID=16128, HWND=0x024903DC, Title='Cscape - Logged In : "armando@controlnautas.com" - [TankLevelClosedLoop.csp]'
[2026-09-06T03:39:46.088Z] [AGENT1-SUPERVISOR] Watchdog health check cycle 420: PID=16128, HWND=0x024903DC, Title='Cscape - Logged In : "armando@controlnautas.com" - [TankLevelClosedLoop.csp]'
[2026-09-06T03:40:46.281Z] [AGENT1-SUPERVISOR] Watchdog health check cycle 450: PID=16128, HWND=0x024903DC, Title='Cscape - Logged In : "armando@controlnautas.com" - [TankLevelClosedLoop.csp]'
[2026-09-06T03:41:46.476Z] [AGENT1-SUPERVISOR] Watchdog health check cycle 480: PID=16128, HWND=0x024903DC, Title='Cscape - Logged In : "armando@controlnautas.com" - [TankLevelClosedLoop.csp]'
[2026-09-06T03:42:46.677Z] [AGENT1-SUPERVISOR] Watchdog health check cycle 510: PID=16128, HWND=0x024903DC, Title='Cscape - Logged In : "armando@controlnautas.com" - [TankLevelClosedLoop.csp]'
[2026-09-06T03:43:46.997Z] [AGENT1-SUPERVISOR] Watchdog health check cycle 540: PID=16128, HWND=0x024903DC, Title='Cscape - Logged In : "armando@controlnautas.com" - [TankLevelClosedLoop.csp]'
[2026-09-06T03:44:47.267Z] [AGENT1-SUPERVISOR] Watchdog health check cycle 570: PID=16128, HWND=0x024903DC, Title='Cscape - Logged In : "armando@controlnautas.com" - [TankLevelClosedLoop.csp]'
[2026-09-06T03:47:29.110Z] [AGENT1-SUPERVISOR] ================================================================================
[2026-09-06T03:47:29.112Z] [AGENT1-SUPERVISOR] STARTING CSCAPE VISIBLE SETUP & VERIFICATION
[2026-09-06T03:47:29.112Z] [AGENT1-SUPERVISOR] ================================================================================
[2026-09-06T03:47:29.116Z] [AGENT1-SUPERVISOR] Adopting already active visible Cscape window: PID=16128, HWND=0x024903DC, Title='Cscape - Logged In : "armando@controlnautas.com" - [TankLevelClosedLoop.csp]'
[2026-09-06T03:47:31.097Z] [AGENT1-SUPERVISOR] Project Navigator visibility status: True
[2026-09-06T03:47:31.318Z] [AGENT1-SUPERVISOR] Saved screenshot proof: C:\HornerAI\horner-cscape-mcp\artifacts\screenshots\live_cscape_tanklevel_visible.png (1296x728, 72694 bytes)
[2026-09-06T03:47:31.410Z] [AGENT1-SUPERVISOR] Saved screenshot proof: C:\Users\ArmandoSilva\artifacts\screenshots\live_cscape_tanklevel_visible.png (1296x728, 72694 bytes)
[2026-09-06T03:47:31.414Z] [AGENT1-SUPERVISOR] Entering autonomous keepalive supervisor loop...
[2026-09-06T03:48:30.642Z] [AGENT1-SUPERVISOR] Watchdog health check cycle 30: PID=16128, HWND=0x024903DC, Title='Cscape - Logged In : "armando@controlnautas.com" - [TankLevelClosedLoop.csp]'
[2026-09-06T03:49:31.010Z] [AGENT1-SUPERVISOR] Watchdog health check cycle 60: PID=16128, HWND=0x024903DC, Title='Cscape - Logged In : "armando@controlnautas.com" - [TankLevelClosedLoop.csp]'
[2026-09-06T03:50:31.325Z] [AGENT1-SUPERVISOR] Watchdog health check cycle 90: PID=16128, HWND=0x024903DC, Title='Cscape - Logged In : "armando@controlnautas.com" - [TankLevelClosedLoop.csp]'
[2026-09-06T03:51:31.631Z] [AGENT1-SUPERVISOR] Watchdog health check cycle 120: PID=16128, HWND=0x024903DC, Title='Cscape - Logged In : "armando@controlnautas.com" - [TankLevelClosedLoop.csp]'
[2026-09-06T03:52:32.260Z] [AGENT1-SUPERVISOR] Watchdog health check cycle 150: PID=16128, HWND=0x024903DC, Title='Cscape - Logged In : "armando@controlnautas.com" - [TankLevelClosedLoop.csp]'
[2026-09-06T03:53:33.915Z] [AGENT1-SUPERVISOR] Watchdog health check cycle 180: PID=16128, HWND=0x024903DC, Title='Cscape - Logged In : "armando@controlnautas.com" - [TankLevelClosedLoop.csp]'
[2026-09-06T03:54:34.109Z] [AGENT1-SUPERVISOR] Watchdog health check cycle 210: PID=16128, HWND=0x024903DC, Title='Cscape - Logged In : "armando@controlnautas.com" - [TankLevelClosedLoop.csp]'
[2026-09-06T03:55:34.317Z] [AGENT1-SUPERVISOR] Watchdog health check cycle 240: PID=16128, HWND=0x024903DC, Title='Cscape - Logged In : "armando@controlnautas.com" - [TankLevelClosedLoop.csp]'
[2026-09-06T03:56:34.533Z] [AGENT1-SUPERVISOR] Watchdog health check cycle 270: PID=16128, HWND=0x024903DC, Title='Cscape - Logged In : "armando@controlnautas.com" - [TankLevelClosedLoop.csp]'
[2026-09-06T03:57:34.726Z] [AGENT1-SUPERVISOR] Watchdog health check cycle 300: PID=16128, HWND=0x024903DC, Title='Cscape - Logged In : "armando@controlnautas.com" - [TankLevelClosedLoop.csp]'
[2026-09-06T03:58:34.922Z] [AGENT1-SUPERVISOR] Watchdog health check cycle 330: PID=16128, HWND=0x024903DC, Title='Cscape - Logged In : "armando@controlnautas.com" - [TankLevelClosedLoop.csp]'
[2026-09-06T03:59:35.121Z] [AGENT1-SUPERVISOR] Watchdog health check cycle 360: PID=16128, HWND=0x024903DC, Title='Cscape - Logged In : "armando@controlnautas.com" - [TankLevelClosedLoop.csp]'
[2026-09-06T04:00:35.393Z] [AGENT1-SUPERVISOR] Watchdog health check cycle 390: PID=16128, HWND=0x024903DC, Title='Cscape - Logged In : "armando@controlnautas.com" - [TankLevelClosedLoop.csp]'
[2026-09-06T04:01:35.795Z] [AGENT1-SUPERVISOR] Watchdog health check cycle 420: PID=16128, HWND=0x024903DC, Title='Cscape - Logged In : "armando@controlnautas.com" - [TankLevelClosedLoop.csp]'
[2026-09-06T04:02:36.299Z] [AGENT1-SUPERVISOR] Watchdog health check cycle 450: PID=16128, HWND=0x024903DC, Title='Cscape - Logged In : "armando@controlnautas.com" - [TankLevelClosedLoop.csp]'
[2026-09-06T04:03:36.650Z] [AGENT1-SUPERVISOR] Watchdog health check cycle 480: PID=16128, HWND=0x024903DC, Title='Cscape - Logged In : "armando@controlnautas.com" - [TankLevelClosedLoop.csp]'
[2026-09-06T04:04:36.937Z] [AGENT1-SUPERVISOR] Watchdog health check cycle 510: PID=16128, HWND=0x024903DC, Title='Cscape - Logged In : "armando@controlnautas.com" - [TankLevelClosedLoop.csp]'
[2026-09-06T04:05:37.327Z] [AGENT1-SUPERVISOR] Watchdog health check cycle 540: PID=16128, HWND=0x024903DC, Title='Cscape - Logged In : "armando@controlnautas.com" - [TankLevelClosedLoop.csp]'
[2026-09-06T04:06:37.748Z] [AGENT1-SUPERVISOR] Watchdog health check cycle 570: PID=16128, HWND=0x024903DC, Title='Cscape - Logged In : "armando@controlnautas.com" - [TankLevelClosedLoop.csp]'
[2026-09-06T04:07:38.099Z] [AGENT1-SUPERVISOR] Watchdog health check cycle 600: PID=16128, HWND=0x024903DC, Title='Cscape - Logged In : "armando@controlnautas.com" - [TankLevelClosedLoop.csp]'
[2026-09-06T04:08:38.306Z] [AGENT1-SUPERVISOR] Watchdog health check cycle 630: PID=16128, HWND=0x024903DC, Title='Cscape - Logged In : "armando@controlnautas.com" - [TankLevelClosedLoop.csp]'
[2026-09-06T04:09:38.509Z] [AGENT1-SUPERVISOR] Watchdog health check cycle 660: PID=16128, HWND=0x024903DC, Title='Cscape - Logged In : "armando@controlnautas.com" - [TankLevelClosedLoop.csp]'
[2026-09-06T04:10:38.716Z] [AGENT1-SUPERVISOR] Watchdog health check cycle 690: PID=16128, HWND=0x024903DC, Title='Cscape - Logged In : "armando@controlnautas.com" - [TankLevelClosedLoop.csp]'
[2026-09-06T04:11:38.912Z] [AGENT1-SUPERVISOR] Watchdog health check cycle 720: PID=16128, HWND=0x024903DC, Title='Cscape - Logged In : "armando@controlnautas.com" - [TankLevelClosedLoop.csp]'
[2026-09-06T04:12:39.125Z] [AGENT1-SUPERVISOR] Watchdog health check cycle 750: PID=16128, HWND=0x024903DC, Title='Cscape - Logged In : "armando@controlnautas.com" - [TankLevelClosedLoop.csp]'
[2026-09-06T04:13:39.339Z] [AGENT1-SUPERVISOR] Watchdog health check cycle 780: PID=16128, HWND=0x024903DC, Title='Cscape - Logged In : "armando@controlnautas.com" - [TankLevelClosedLoop.csp]'
[2026-09-06T04:14:39.636Z] [AGENT1-SUPERVISOR] Watchdog health check cycle 810: PID=16128, HWND=0x024903DC, Title='Cscape - Logged In : "armando@controlnautas.com" - [TankLevelClosedLoop.csp]'
[2026-09-06T04:15:40.207Z] [AGENT1-SUPERVISOR] Watchdog health check cycle 840: PID=16128, HWND=0x024903DC, Title='Cscape - Logged In : "armando@controlnautas.com" - [TankLevelClosedLoop.csp]'
[2026-09-06T04:16:41.762Z] [AGENT1-SUPERVISOR] Watchdog health check cycle 870: PID=16128, HWND=0x024903DC, Title='Cscape - Logged In : "armando@controlnautas.com" - [TankLevelClosedLoop.csp]'
[2026-09-06T04:17:42.169Z] [AGENT1-SUPERVISOR] Watchdog health check cycle 900: PID=16128, HWND=0x024903DC, Title='Cscape - Logged In : "armando@controlnautas.com" - [TankLevelClosedLoop.csp]'
[2026-09-06T04:18:42.509Z] [AGENT1-SUPERVISOR] Watchdog health check cycle 930: PID=16128, HWND=0x024903DC, Title='Cscape - Logged In : "armando@controlnautas.com" - [TankLevelClosedLoop.csp]'
[2026-09-06T04:19:42.702Z] [AGENT1-SUPERVISOR] Watchdog health check cycle 960: PID=16128, HWND=0x024903DC, Title='Cscape - Logged In : "armando@controlnautas.com" - [TankLevelClosedLoop.csp]'
[2026-09-06T04:20:42.940Z] [AGENT1-SUPERVISOR] Watchdog health check cycle 990: PID=16128, HWND=0x024903DC, Title='Cscape - Logged In : "armando@controlnautas.com" - [TankLevelClosedLoop.csp]'
[2026-09-06T04:21:43.224Z] [AGENT1-SUPERVISOR] Watchdog health check cycle 1020: PID=16128, HWND=0x024903DC, Title='Cscape - Logged In : "armando@controlnautas.com" - [TankLevelClosedLoop.csp]'
[2026-09-06T04:22:44.294Z] [AGENT1-SUPERVISOR] Watchdog health check cycle 1050: PID=16128, HWND=0x024903DC, Title='Cscape - Logged In : "armando@controlnautas.com" - [TankLevelClosedLoop.csp]'
[2026-09-06T04:23:45.036Z] [AGENT1-SUPERVISOR] Watchdog health check cycle 1080: PID=16128, HWND=0x024903DC, Title='Cscape - Logged In : "armando@controlnautas.com" - [TankLevelClosedLoop.csp]'
[2026-09-06T04:24:45.430Z] [AGENT1-SUPERVISOR] Watchdog health check cycle 1110: PID=16128, HWND=0x024903DC, Title='Cscape - Logged In : "armando@controlnautas.com" - [TankLevelClosedLoop.csp]'
[2026-09-06T04:25:45.781Z] [AGENT1-SUPERVISOR] Watchdog health check cycle 1140: PID=16128, HWND=0x024903DC, Title='Cscape - Logged In : "armando@controlnautas.com" - [TankLevelClosedLoop.csp]'
[2026-09-06T04:26:46.130Z] [AGENT1-SUPERVISOR] Watchdog health check cycle 1170: PID=16128, HWND=0x024903DC, Title='Cscape - Logged In : "armando@controlnautas.com" - [TankLevelClosedLoop.csp]'
[2026-09-06T04:27:46.382Z] [AGENT1-SUPERVISOR] Watchdog health check cycle 1200: PID=16128, HWND=0x024903DC, Title='Cscape - Logged In : "armando@controlnautas.com" - [TankLevelClosedLoop.csp]'
[2026-09-06T04:28:46.586Z] [AGENT1-SUPERVISOR] Watchdog health check cycle 1230: PID=16128, HWND=0x024903DC, Title='Cscape - Logged In : "armando@controlnautas.com" - [TankLevelClosedLoop.csp]'
[2026-09-06T04:29:46.783Z] [AGENT1-SUPERVISOR] Watchdog health check cycle 1260: PID=16128, HWND=0x024903DC, Title='Cscape - Logged In : "armando@controlnautas.com" - [TankLevelClosedLoop.csp]'
[2026-09-06T04:30:47.089Z] [AGENT1-SUPERVISOR] Watchdog health check cycle 1290: PID=16128, HWND=0x024903DC, Title='Cscape - Logged In : "armando@controlnautas.com" - [TankLevelClosedLoop.csp]'
[2026-09-06T04:31:47.594Z] [AGENT1-SUPERVISOR] Watchdog health check cycle 1320: PID=16128, HWND=0x024903DC, Title='Cscape - Logged In : "armando@controlnautas.com" - [TankLevelClosedLoop.csp]'
[2026-09-06T04:32:47.980Z] [AGENT1-SUPERVISOR] Watchdog health check cycle 1350: PID=16128, HWND=0x024903DC, Title='Cscape - Logged In : "armando@controlnautas.com" - [TankLevelClosedLoop.csp]'
[2026-09-06T04:33:48.349Z] [AGENT1-SUPERVISOR] Watchdog health check cycle 1380: PID=16128, HWND=0x024903DC, Title='Cscape - Logged In : "armando@controlnautas.com" - [TankLevelClosedLoop.csp]'
[2026-09-06T04:34:48.732Z] [AGENT1-SUPERVISOR] Watchdog health check cycle 1410: PID=16128, HWND=0x024903DC, Title='Cscape - Logged In : "armando@controlnautas.com" - [TankLevelClosedLoop.csp]'
[2026-09-06T04:35:49.072Z] [AGENT1-SUPERVISOR] Watchdog health check cycle 1440: PID=16128, HWND=0x024903DC, Title='Cscape - Logged In : "armando@controlnautas.com" - [TankLevelClosedLoop.csp]'
[2026-09-06T04:36:49.306Z] [AGENT1-SUPERVISOR] Watchdog health check cycle 1470: PID=16128, HWND=0x024903DC, Title='Cscape - Logged In : "armando@controlnautas.com" - [TankLevelClosedLoop.csp]'
[2026-09-06T04:37:49.525Z] [AGENT1-SUPERVISOR] Watchdog health check cycle 1500: PID=16128, HWND=0x024903DC, Title='Cscape - Logged In : "armando@controlnautas.com" - [TankLevelClosedLoop.csp]'
[2026-09-06T05:27:25.361Z] [AGENT1-SUPERVISOR] ================================================================================
[2026-09-06T05:27:25.361Z] [AGENT1-SUPERVISOR] STARTING CSCAPE VISIBLE SETUP & VERIFICATION
[2026-09-06T05:27:25.363Z] [AGENT1-SUPERVISOR] ================================================================================
[2026-09-06T05:27:25.421Z] [AGENT1-SUPERVISOR] Killing any lingering Cscape processes...
[2026-09-06T05:27:27.572Z] [AGENT1-SUPERVISOR] Configuring registry keys for clean visible startup...
[2026-09-06T05:27:27.573Z] [AGENT1-SUPERVISOR] Registry keys successfully set.
[2026-09-06T05:27:27.574Z] [AGENT1-SUPERVISOR] Spawning Cscape visibly: "C:\Program Files (x86)\Cscape 10.2\Cscape.exe" "C:\HornerAI\horner-cscape-mcp\artifacts\projects\TankLevelClosedLoop\TankLevelClosedLoop.csp" (Cwd: C:\Program Files (x86)\Cscape 10.2)
[2026-09-06T05:27:27.592Z] [AGENT1-SUPERVISOR] Successfully spawned Cscape PID=3340
[2026-09-06T05:27:27.592Z] [AGENT1-SUPERVISOR] Monitoring startup and dialogs (up to 35 seconds)...
[2026-09-06T05:27:34.878Z] [AGENT1-SUPERVISOR] --------------------------------------------------------------------------------
[2026-09-06T05:27:34.880Z] [AGENT1-SUPERVISOR] Cscape Window Located: PID=3340, HWND=0x00FF080A, Title='Cscape - [TankLevelClosedLoop.csp]'
[2026-09-06T05:27:34.884Z] [AGENT1-SUPERVISOR] IsWindowVisible=True, IsWindowEnabled=True, IsHungAppWindow=False, HasTankLevelProject=True
[2026-09-06T05:27:38.457Z] [AGENT1-SUPERVISOR] Dismissing splash dialog HWND=0x005207E6 ('About Cscape')...
[2026-09-06T05:27:38.561Z] [AGENT1-SUPERVISOR] Project Navigator visibility status: True
[2026-09-06T05:27:38.562Z] [AGENT1-SUPERVISOR] Capturing live screenshot proof for HWND=0x00FF080A...
[2026-09-06T05:27:38.967Z] [AGENT1-SUPERVISOR] Saved screenshot proof: C:\HornerAI\horner-cscape-mcp\artifacts\screenshots\live_cscape_tanklevel_visible.png (1296x728, 72694 bytes)
[2026-09-06T05:27:39.075Z] [AGENT1-SUPERVISOR] Saved screenshot proof: C:\Users\ArmandoSilva\artifacts\screenshots\live_cscape_tanklevel_visible.png (1296x728, 72694 bytes)
[2026-09-06T05:27:39.094Z] [AGENT1-SUPERVISOR] Updating gate files for PID=3340, HWND=0x00FF080A...
[2026-09-06T05:27:39.102Z] [AGENT1-SUPERVISOR] ================================================================================
[2026-09-06T05:27:39.103Z] [AGENT1-SUPERVISOR] CSCAPE VERIFIED VISIBLE ON INTERACTIVE DESKTOP: PID=3340, HWND=0x00FF080A
[2026-09-06T05:27:39.111Z] [AGENT1-SUPERVISOR] ================================================================================
[2026-09-06T05:27:39.111Z] [AGENT1-SUPERVISOR] Entering autonomous keepalive supervisor loop...
[2026-09-06T05:28:39.278Z] [AGENT1-SUPERVISOR] Watchdog health check cycle 30: PID=3340, HWND=0x00FF080A, Title='Cscape - Logged In : "armando@controlnautas.com" - [TankLevelClosedLoop.csp]'
[2026-09-06T05:29:40.199Z] [AGENT1-SUPERVISOR] Watchdog health check cycle 60: PID=3340, HWND=0x00FF080A, Title='Cscape - Logged In : "armando@controlnautas.com" - [TankLevelClosedLoop.csp]'
[2026-09-06T05:30:43.060Z] [AGENT1-SUPERVISOR] Watchdog health check cycle 90: PID=3340, HWND=0x00FF080A, Title='Cscape - Logged In : "armando@controlnautas.com" - [TankLevelClosedLoop.csp]'
[2026-09-06T05:31:44.640Z] [AGENT1-SUPERVISOR] Watchdog health check cycle 120: PID=3340, HWND=0x00FF080A, Title='Cscape - Logged In : "armando@controlnautas.com" - [TankLevelClosedLoop.csp]'
[2026-09-06T05:32:47.084Z] [AGENT1-SUPERVISOR] Watchdog health check cycle 150: PID=3340, HWND=0x00FF080A, Title='Cscape - Logged In : "armando@controlnautas.com" - [TankLevelClosedLoop.csp]'
[2026-09-06T05:33:51.112Z] [AGENT1-SUPERVISOR] Watchdog health check cycle 180: PID=3340, HWND=0x00FF080A, Title='Cscape - Logged In : "armando@controlnautas.com" - [TankLevelClosedLoop.csp]'
[2026-09-06T05:34:51.890Z] [AGENT1-SUPERVISOR] Watchdog health check cycle 210: PID=3340, HWND=0x00FF080A, Title='Cscape - Logged In : "armando@controlnautas.com" - [TankLevelClosedLoop.csp]'
[2026-09-06T05:35:52.175Z] [AGENT1-SUPERVISOR] Watchdog health check cycle 240: PID=3340, HWND=0x00FF080A, Title='Cscape - Logged In : "armando@controlnautas.com" - [TankLevelClosedLoop.csp]'
[2026-09-06T05:36:52.604Z] [AGENT1-SUPERVISOR] Watchdog health check cycle 270: PID=3340, HWND=0x00FF080A, Title='Cscape - Logged In : "armando@controlnautas.com" - [TankLevelClosedLoop.csp]'
[2026-09-06T05:37:52.808Z] [AGENT1-SUPERVISOR] Watchdog health check cycle 300: PID=3340, HWND=0x00FF080A, Title='Cscape - Logged In : "armando@controlnautas.com" - [TankLevelClosedLoop.csp]'
[2026-09-06T05:38:53.000Z] [AGENT1-SUPERVISOR] Watchdog health check cycle 330: PID=3340, HWND=0x00FF080A, Title='Cscape - Logged In : "armando@controlnautas.com" - [TankLevelClosedLoop.csp]'
[2026-09-06T05:39:53.193Z] [AGENT1-SUPERVISOR] Watchdog health check cycle 360: PID=3340, HWND=0x00FF080A, Title='Cscape - Logged In : "armando@controlnautas.com" - [TankLevelClosedLoop.csp]'
[2026-09-06T05:40:53.393Z] [AGENT1-SUPERVISOR] Watchdog health check cycle 390: PID=3340, HWND=0x00FF080A, Title='Cscape - Logged In : "armando@controlnautas.com" - [TankLevelClosedLoop.csp]'
[2026-09-06T05:41:53.585Z] [AGENT1-SUPERVISOR] Watchdog health check cycle 420: PID=3340, HWND=0x00FF080A, Title='Cscape - Logged In : "armando@controlnautas.com" - [TankLevelClosedLoop.csp]'
[2026-09-06T05:42:53.776Z] [AGENT1-SUPERVISOR] Watchdog health check cycle 450: PID=3340, HWND=0x00FF080A, Title='Cscape - Logged In : "armando@controlnautas.com" - [TankLevelClosedLoop.csp]'
[2026-09-06T05:43:53.981Z] [AGENT1-SUPERVISOR] Watchdog health check cycle 480: PID=3340, HWND=0x00FF080A, Title='Cscape - Logged In : "armando@controlnautas.com" - [TankLevelClosedLoop.csp]'
[2026-09-06T05:44:54.170Z] [AGENT1-SUPERVISOR] Watchdog health check cycle 510: PID=3340, HWND=0x00FF080A, Title='Cscape - Logged In : "armando@controlnautas.com" - [TankLevelClosedLoop.csp]'
[2026-09-06T05:45:54.365Z] [AGENT1-SUPERVISOR] Watchdog health check cycle 540: PID=3340, HWND=0x00FF080A, Title='Cscape - Logged In : "armando@controlnautas.com" - [TankLevelClosedLoop.csp]'
[2026-09-06T05:46:54.573Z] [AGENT1-SUPERVISOR] Watchdog health check cycle 570: PID=3340, HWND=0x00FF080A, Title='Cscape - Logged In : "armando@controlnautas.com" - [TankLevelClosedLoop.csp]'
[2026-09-06T05:47:54.838Z] [AGENT1-SUPERVISOR] Watchdog health check cycle 600: PID=3340, HWND=0x00FF080A, Title='Cscape - Logged In : "armando@controlnautas.com" - [TankLevelClosedLoop.csp]'
[2026-09-06T05:48:55.500Z] [AGENT1-SUPERVISOR] Watchdog health check cycle 630: PID=3340, HWND=0x00FF080A, Title='Cscape - Logged In : "armando@controlnautas.com" - [TankLevelClosedLoop.csp]'
[2026-09-06T05:49:59.744Z] [AGENT1-SUPERVISOR] Watchdog health check cycle 660: PID=3340, HWND=0x00FF080A, Title='Cscape - Logged In : "armando@controlnautas.com" - [TankLevelClosedLoop.csp]'
[2026-09-06T05:51:03.594Z] [AGENT1-SUPERVISOR] Watchdog health check cycle 690: PID=3340, HWND=0x00FF080A, Title='Cscape - Logged In : "armando@controlnautas.com" - [TankLevelClosedLoop.csp]'
[2026-09-06T05:52:07.563Z] [AGENT1-SUPERVISOR] Watchdog health check cycle 720: PID=3340, HWND=0x00FF080A, Title='Cscape - Logged In : "armando@controlnautas.com" - [TankLevelClosedLoop.csp]'
[2026-09-06T05:53:11.100Z] [AGENT1-SUPERVISOR] Watchdog health check cycle 750: PID=3340, HWND=0x00FF080A, Title='Cscape - Logged In : "armando@controlnautas.com" - [TankLevelClosedLoop.csp]'
[2026-09-06T05:54:12.616Z] [AGENT1-SUPERVISOR] Watchdog health check cycle 780: PID=3340, HWND=0x00FF080A, Title='Cscape - Logged In : "armando@controlnautas.com" - [TankLevelClosedLoop.csp]'
[2026-09-06T05:55:14.948Z] [AGENT1-SUPERVISOR] Watchdog health check cycle 810: PID=3340, HWND=0x00FF080A, Title='Cscape - Logged In : "armando@controlnautas.com" - [TankLevelClosedLoop.csp]'
[2026-09-06T05:56:15.553Z] [AGENT1-SUPERVISOR] Watchdog health check cycle 840: PID=3340, HWND=0x00FF080A, Title='Cscape - Logged In : "armando@controlnautas.com" - [TankLevelClosedLoop.csp]'
[2026-09-06T05:57:16.176Z] [AGENT1-SUPERVISOR] Watchdog health check cycle 870: PID=3340, HWND=0x00FF080A, Title='Cscape - Logged In : "armando@controlnautas.com" - [TankLevelClosedLoop.csp]'
[2026-09-06T05:58:16.777Z] [AGENT1-SUPERVISOR] Watchdog health check cycle 900: PID=3340, HWND=0x00FF080A, Title='Cscape - Logged In : "armando@controlnautas.com" - [TankLevelClosedLoop.csp]'
[2026-09-06T05:59:17.448Z] [AGENT1-SUPERVISOR] Watchdog health check cycle 930: PID=3340, HWND=0x00FF080A, Title='Cscape - Logged In : "armando@controlnautas.com" - [TankLevelClosedLoop.csp]'
[2026-09-06T06:00:17.768Z] [AGENT1-SUPERVISOR] Watchdog health check cycle 960: PID=3340, HWND=0x00FF080A, Title='Cscape - Logged In : "armando@controlnautas.com" - [TankLevelClosedLoop.csp]'
[2026-09-06T06:01:18.063Z] [AGENT1-SUPERVISOR] Watchdog health check cycle 990: PID=3340, HWND=0x00FF080A, Title='Cscape - Logged In : "armando@controlnautas.com" - [TankLevelClosedLoop.csp]'
[2026-09-06T06:02:18.768Z] [AGENT1-SUPERVISOR] Watchdog health check cycle 1020: PID=3340, HWND=0x00FF080A, Title='Cscape - Logged In : "armando@controlnautas.com" - [TankLevelClosedLoop.csp]'
[2026-09-06T06:03:19.354Z] [AGENT1-SUPERVISOR] Watchdog health check cycle 1050: PID=3340, HWND=0x00FF080A, Title='Cscape - Logged In : "armando@controlnautas.com" - [TankLevelClosedLoop.csp]'
[2026-09-06T06:03:27.449Z] [AGENT1-SUPERVISOR] Cscape PID=3340 exited and no active successor found! Relaunching...
[2026-09-06T06:03:27.449Z] [AGENT1-SUPERVISOR] ================================================================================
[2026-09-06T06:03:27.449Z] [AGENT1-SUPERVISOR] STARTING CSCAPE VISIBLE SETUP & VERIFICATION
[2026-09-06T06:03:27.451Z] [AGENT1-SUPERVISOR] ================================================================================
[2026-09-06T06:03:27.463Z] [AGENT1-SUPERVISOR] Killing any lingering Cscape processes...
[2026-09-06T06:03:28.659Z] [AGENT1-SUPERVISOR] Configuring registry keys for clean visible startup...
[2026-09-06T06:03:28.659Z] [AGENT1-SUPERVISOR] Registry keys successfully set.
[2026-09-06T06:03:28.659Z] [AGENT1-SUPERVISOR] Spawning Cscape visibly: "C:\Program Files (x86)\Cscape 10.2\Cscape.exe" "C:\HornerAI\horner-cscape-mcp\artifacts\projects\TankLevelClosedLoop\TankLevelClosedLoop.csp" (Cwd: C:\Program Files (x86)\Cscape 10.2)
[2026-09-06T06:03:28.678Z] [AGENT1-SUPERVISOR] Successfully spawned Cscape PID=16452
[2026-09-06T06:03:28.678Z] [AGENT1-SUPERVISOR] Monitoring startup and dialogs (up to 35 seconds)...
[2026-09-06T06:04:04.381Z] [AGENT1-SUPERVISOR] Main title is 'Cscape'. Sending ID_FILE_MRU_FILE1 (57616)...
[2026-09-06T06:04:07.389Z] [AGENT1-SUPERVISOR] --------------------------------------------------------------------------------
[2026-09-06T06:04:07.389Z] [AGENT1-SUPERVISOR] Cscape Window Located: PID=16452, HWND=0x00E50690, Title='Cscape'
[2026-09-06T06:04:07.395Z] [AGENT1-SUPERVISOR] IsWindowVisible=False, IsWindowEnabled=False, IsHungAppWindow=False, HasTankLevelProject=False
[2026-09-06T06:04:07.396Z] [AGENT1-SUPERVISOR] Exception in supervisor loop: Window verification failed: vis=False, en=False, hung=False, title='Cscape'
[2026-09-06T06:04:14.431Z] [AGENT1-SUPERVISOR] Cscape PID=3340 exited and no active successor found! Relaunching...
[2026-09-06T06:04:14.433Z] [AGENT1-SUPERVISOR] ================================================================================
[2026-09-06T06:04:14.433Z] [AGENT1-SUPERVISOR] STARTING CSCAPE VISIBLE SETUP & VERIFICATION
[2026-09-06T06:04:14.433Z] [AGENT1-SUPERVISOR] ================================================================================
[2026-09-06T06:04:14.444Z] [AGENT1-SUPERVISOR] Killing any lingering Cscape processes...
[2026-09-06T06:04:15.828Z] [AGENT1-SUPERVISOR] Configuring registry keys for clean visible startup...
[2026-09-06T06:04:15.830Z] [AGENT1-SUPERVISOR] Registry keys successfully set.
[2026-09-06T06:04:15.831Z] [AGENT1-SUPERVISOR] Spawning Cscape visibly: "C:\Program Files (x86)\Cscape 10.2\Cscape.exe" "C:\HornerAI\horner-cscape-mcp\artifacts\projects\TankLevelClosedLoop\TankLevelClosedLoop.csp" (Cwd: C:\Program Files (x86)\Cscape 10.2)
[2026-09-06T06:04:15.851Z] [AGENT1-SUPERVISOR] Successfully spawned Cscape PID=16420
[2026-09-06T06:04:15.851Z] [AGENT1-SUPERVISOR] Monitoring startup and dialogs (up to 35 seconds)...
[2026-09-06T06:04:22.331Z] [AGENT1-SUPERVISOR] --------------------------------------------------------------------------------
[2026-09-06T06:04:22.332Z] [AGENT1-SUPERVISOR] Cscape Window Located: PID=16420, HWND=0x016C0374, Title='Cscape - [TankLevelClosedLoop.csp]'
[2026-09-06T06:04:22.332Z] [AGENT1-SUPERVISOR] IsWindowVisible=True, IsWindowEnabled=True, IsHungAppWindow=False, HasTankLevelProject=True
[2026-09-06T06:04:26.119Z] [AGENT1-SUPERVISOR] Dismissing splash dialog HWND=0x026604EA ('About Cscape')...
[2026-09-06T06:04:26.238Z] [AGENT1-SUPERVISOR] Project Navigator visibility status: True
[2026-09-06T06:04:26.238Z] [AGENT1-SUPERVISOR] Capturing live screenshot proof for HWND=0x016C0374...
[2026-09-06T06:04:26.546Z] [AGENT1-SUPERVISOR] Saved screenshot proof: C:\HornerAI\horner-cscape-mcp\artifacts\screenshots\live_cscape_tanklevel_visible.png (1296x728, 72694 bytes)
[2026-09-06T06:04:26.734Z] [AGENT1-SUPERVISOR] Saved screenshot proof: C:\Users\ArmandoSilva\artifacts\screenshots\live_cscape_tanklevel_visible.png (1296x728, 72694 bytes)
[2026-09-06T06:04:26.734Z] [AGENT1-SUPERVISOR] Updating gate files for PID=16420, HWND=0x016C0374...
[2026-09-06T06:04:26.771Z] [AGENT1-SUPERVISOR] ================================================================================
[2026-09-06T06:04:26.788Z] [AGENT1-SUPERVISOR] CSCAPE VERIFIED VISIBLE ON INTERACTIVE DESKTOP: PID=16420, HWND=0x016C0374
[2026-09-06T06:04:26.788Z] [AGENT1-SUPERVISOR] ================================================================================
[2026-09-06T06:05:00.056Z] [AGENT1-SUPERVISOR] Cscape PID=16420 exited and no active successor found! Relaunching...
[2026-09-06T06:05:00.056Z] [AGENT1-SUPERVISOR] ================================================================================
[2026-09-06T06:05:00.056Z] [AGENT1-SUPERVISOR] STARTING CSCAPE VISIBLE SETUP & VERIFICATION
[2026-09-06T06:05:00.058Z] [AGENT1-SUPERVISOR] ================================================================================
[2026-09-06T06:05:00.071Z] [AGENT1-SUPERVISOR] Killing any lingering Cscape processes...
[2026-09-06T06:05:01.494Z] [AGENT1-SUPERVISOR] Configuring registry keys for clean visible startup...
[2026-09-06T06:05:01.494Z] [AGENT1-SUPERVISOR] Registry keys successfully set.
[2026-09-06T06:05:01.494Z] [AGENT1-SUPERVISOR] Spawning Cscape visibly: "C:\Program Files (x86)\Cscape 10.2\Cscape.exe" "C:\HornerAI\horner-cscape-mcp\artifacts\projects\TankLevelClosedLoop\TankLevelClosedLoop.csp" (Cwd: C:\Program Files (x86)\Cscape 10.2)
[2026-09-06T06:05:01.536Z] [AGENT1-SUPERVISOR] Successfully spawned Cscape PID=14280
[2026-09-06T06:05:01.536Z] [AGENT1-SUPERVISOR] Monitoring startup and dialogs (up to 35 seconds)...
[2026-09-06T06:05:37.515Z] [AGENT1-SUPERVISOR] Main title is 'Cscape'. Sending ID_FILE_MRU_FILE1 (57616)...
[2026-09-06T06:05:40.558Z] [AGENT1-SUPERVISOR] --------------------------------------------------------------------------------
[2026-09-06T06:05:40.560Z] [AGENT1-SUPERVISOR] Cscape Window Located: PID=14280, HWND=0x026C041A, Title='Cscape'
[2026-09-06T06:05:40.560Z] [AGENT1-SUPERVISOR] IsWindowVisible=False, IsWindowEnabled=False, IsHungAppWindow=False, HasTankLevelProject=False
[2026-09-06T06:05:40.560Z] [AGENT1-SUPERVISOR] Exception in supervisor loop: Window verification failed: vis=False, en=False, hung=False, title='Cscape'
[2026-09-06T06:05:47.609Z] [AGENT1-SUPERVISOR] Cscape PID=16420 exited and no active successor found! Relaunching...
[2026-09-06T06:05:47.609Z] [AGENT1-SUPERVISOR] ================================================================================
[2026-09-06T06:05:47.609Z] [AGENT1-SUPERVISOR] STARTING CSCAPE VISIBLE SETUP & VERIFICATION
[2026-09-06T06:05:47.611Z] [AGENT1-SUPERVISOR] ================================================================================
[2026-09-06T06:05:47.621Z] [AGENT1-SUPERVISOR] Killing any lingering Cscape processes...
[2026-09-06T06:05:48.886Z] [AGENT1-SUPERVISOR] Configuring registry keys for clean visible startup...
[2026-09-06T06:05:48.888Z] [AGENT1-SUPERVISOR] Registry keys successfully set.
[2026-09-06T06:05:48.888Z] [AGENT1-SUPERVISOR] Spawning Cscape visibly: "C:\Program Files (x86)\Cscape 10.2\Cscape.exe" "C:\HornerAI\horner-cscape-mcp\artifacts\projects\TankLevelClosedLoop\TankLevelClosedLoop.csp" (Cwd: C:\Program Files (x86)\Cscape 10.2)
[2026-09-06T06:05:48.900Z] [AGENT1-SUPERVISOR] Successfully spawned Cscape PID=11776
[2026-09-06T06:05:48.901Z] [AGENT1-SUPERVISOR] Monitoring startup and dialogs (up to 35 seconds)...
[2026-09-06T06:05:55.112Z] [AGENT1-SUPERVISOR] --------------------------------------------------------------------------------
[2026-09-06T06:05:55.112Z] [AGENT1-SUPERVISOR] Cscape Window Located: PID=11776, HWND=0x00A903D0, Title='Cscape - [TankLevelClosedLoop.csp]'
[2026-09-06T06:05:55.114Z] [AGENT1-SUPERVISOR] IsWindowVisible=True, IsWindowEnabled=True, IsHungAppWindow=False, HasTankLevelProject=True
[2026-09-06T06:05:58.865Z] [AGENT1-SUPERVISOR] Dismissing splash dialog HWND=0x006508F0 ('About Cscape')...
[2026-09-06T06:05:59.025Z] [AGENT1-SUPERVISOR] Project Navigator visibility status: True
[2026-09-06T06:05:59.033Z] [AGENT1-SUPERVISOR] Capturing live screenshot proof for HWND=0x00A903D0...
[2026-09-06T06:05:59.320Z] [AGENT1-SUPERVISOR] Saved screenshot proof: C:\HornerAI\horner-cscape-mcp\artifacts\screenshots\live_cscape_tanklevel_visible.png (1296x728, 72694 bytes)
[2026-09-06T06:05:59.458Z] [AGENT1-SUPERVISOR] Saved screenshot proof: C:\Users\ArmandoSilva\artifacts\screenshots\live_cscape_tanklevel_visible.png (1296x728, 72694 bytes)
[2026-09-06T06:05:59.460Z] [AGENT1-SUPERVISOR] Updating gate files for PID=11776, HWND=0x00A903D0...
[2026-09-06T06:05:59.469Z] [AGENT1-SUPERVISOR] ================================================================================
[2026-09-06T06:05:59.469Z] [AGENT1-SUPERVISOR] CSCAPE VERIFIED VISIBLE ON INTERACTIVE DESKTOP: PID=11776, HWND=0x00A903D0
[2026-09-06T06:05:59.499Z] [AGENT1-SUPERVISOR] ================================================================================
[2026-09-06T06:06:15.891Z] [AGENT1-SUPERVISOR] Watchdog health check cycle 1080: PID=11776, HWND=0x00A903D0, Title='Cscape - Logged In : "armando@controlnautas.com" - [TankLevelClosedLoop.csp]'
[2026-09-06T06:07:16.295Z] [AGENT1-SUPERVISOR] Watchdog health check cycle 1110: PID=11776, HWND=0x00A903D0, Title='Cscape - Logged In : "armando@controlnautas.com" - [TankLevelClosedLoop.csp]'
[2026-09-06T06:08:16.488Z] [AGENT1-SUPERVISOR] Watchdog health check cycle 1140: PID=11776, HWND=0x00A903D0, Title='Cscape - Logged In : "armando@controlnautas.com" - [TankLevelClosedLoop.csp]'
[2026-09-06T06:09:16.687Z] [AGENT1-SUPERVISOR] Watchdog health check cycle 1170: PID=11776, HWND=0x00A903D0, Title='Cscape - Logged In : "armando@controlnautas.com" - [TankLevelClosedLoop.csp]'
[2026-09-06T06:10:16.920Z] [AGENT1-SUPERVISOR] Watchdog health check cycle 1200: PID=11776, HWND=0x00A903D0, Title='Cscape - Logged In : "armando@controlnautas.com" - [TankLevelClosedLoop.csp]'
[2026-09-06T06:11:17.119Z] [AGENT1-SUPERVISOR] Watchdog health check cycle 1230: PID=11776, HWND=0x00A903D0, Title='Cscape - Logged In : "armando@controlnautas.com" - [TankLevelClosedLoop.csp]'
[2026-09-06T06:12:17.320Z] [AGENT1-SUPERVISOR] Watchdog health check cycle 1260: PID=11776, HWND=0x00A903D0, Title='Cscape - Logged In : "armando@controlnautas.com" - [TankLevelClosedLoop.csp]'
[2026-09-06T06:13:17.515Z] [AGENT1-SUPERVISOR] Watchdog health check cycle 1290: PID=11776, HWND=0x00A903D0, Title='Cscape - Logged In : "armando@controlnautas.com" - [TankLevelClosedLoop.csp]'
[2026-09-06T06:14:17.709Z] [AGENT1-SUPERVISOR] Watchdog health check cycle 1320: PID=11776, HWND=0x00A903D0, Title='Cscape - Logged In : "armando@controlnautas.com" - [TankLevelClosedLoop.csp]'
[2026-09-06T06:15:17.905Z] [AGENT1-SUPERVISOR] Watchdog health check cycle 1350: PID=11776, HWND=0x00A903D0, Title='Cscape - Logged In : "armando@controlnautas.com" - [TankLevelClosedLoop.csp]'
[2026-09-06T06:16:18.343Z] [AGENT1-SUPERVISOR] Watchdog health check cycle 1380: PID=11776, HWND=0x00A903D0, Title='Cscape - Logged In : "armando@controlnautas.com" - [TankLevelClosedLoop.csp]'
[2026-09-06T06:17:18.613Z] [AGENT1-SUPERVISOR] Watchdog health check cycle 1410: PID=11776, HWND=0x00A903D0, Title='Cscape - Logged In : "armando@controlnautas.com" - [TankLevelClosedLoop.csp]'
[2026-09-06T08:52:18.185Z] [AGENT1-SUPERVISOR] ================================================================================
[2026-09-06T08:52:18.185Z] [AGENT1-SUPERVISOR] STARTING CSCAPE VISIBLE SETUP & VERIFICATION
[2026-09-06T08:52:18.186Z] [AGENT1-SUPERVISOR] ================================================================================
[2026-09-06T08:52:18.203Z] [AGENT1-SUPERVISOR] Killing any lingering Cscape processes...
[2026-09-06T08:52:19.455Z] [AGENT1-SUPERVISOR] Configuring registry keys for clean visible startup...
[2026-09-06T08:52:19.457Z] [AGENT1-SUPERVISOR] Registry keys successfully set.
[2026-09-06T08:52:19.457Z] [AGENT1-SUPERVISOR] Spawning Cscape visibly: "C:\Program Files (x86)\Cscape 10.2\Cscape.exe" "C:\HornerAI\horner-cscape-mcp\artifacts\projects\TankLevelClosedLoop\TankLevelClosedLoop.csp" (Cwd: C:\Program Files (x86)\Cscape 10.2)
[2026-09-06T08:52:19.475Z] [AGENT1-SUPERVISOR] Successfully spawned Cscape PID=7128
[2026-09-06T08:52:19.475Z] [AGENT1-SUPERVISOR] Monitoring startup and dialogs (up to 35 seconds)...
[2026-09-06T08:52:25.708Z] [AGENT1-SUPERVISOR] --------------------------------------------------------------------------------
[2026-09-06T08:52:25.710Z] [AGENT1-SUPERVISOR] Cscape Window Located: PID=7128, HWND=0x00C90096, Title='Cscape - [TankLevelClosedLoop.csp]'
[2026-09-06T08:52:25.710Z] [AGENT1-SUPERVISOR] IsWindowVisible=True, IsWindowEnabled=True, IsHungAppWindow=False, HasTankLevelProject=True
[2026-09-06T08:52:29.539Z] [AGENT1-SUPERVISOR] Dismissing splash dialog HWND=0x000A0CA0 ('About Cscape')...
[2026-09-06T08:52:29.662Z] [AGENT1-SUPERVISOR] Project Navigator visibility status: True
[2026-09-06T08:52:29.664Z] [AGENT1-SUPERVISOR] Capturing live screenshot proof for HWND=0x00C90096...
[2026-09-06T08:52:30.100Z] [AGENT1-SUPERVISOR] Saved screenshot proof: C:\HornerAI\horner-cscape-mcp\artifacts\screenshots\live_cscape_tanklevel_visible.png (1296x728, 72694 bytes)
[2026-09-06T08:52:30.448Z] [AGENT1-SUPERVISOR] Saved screenshot proof: C:\Users\ArmandoSilva\artifacts\screenshots\live_cscape_tanklevel_visible.png (1296x728, 72694 bytes)
[2026-09-06T08:52:30.467Z] [AGENT1-SUPERVISOR] Updating gate files for PID=7128, HWND=0x00C90096...
[2026-09-06T08:52:30.560Z] [AGENT1-SUPERVISOR] ================================================================================
[2026-09-06T08:52:30.560Z] [AGENT1-SUPERVISOR] CSCAPE VERIFIED VISIBLE ON INTERACTIVE DESKTOP: PID=7128, HWND=0x00C90096
[2026-09-06T08:52:30.585Z] [AGENT1-SUPERVISOR] ================================================================================
[2026-09-06T08:52:30.585Z] [AGENT1-SUPERVISOR] Entering autonomous keepalive supervisor loop...
[2026-09-06T08:53:30.626Z] [AGENT1-SUPERVISOR] Watchdog health check cycle 30: PID=7128, HWND=0x00C90096, Title='Cscape - Logged In : "armando@controlnautas.com" - [TankLevelClosedLoop.csp]'
[2026-09-06T08:54:30.930Z] [AGENT1-SUPERVISOR] Watchdog health check cycle 60: PID=7128, HWND=0x00C90096, Title='Cscape - Logged In : "armando@controlnautas.com" - [TankLevelClosedLoop.csp]'
[2026-09-06T08:55:31.227Z] [AGENT1-SUPERVISOR] Watchdog health check cycle 90: PID=7128, HWND=0x00C90096, Title='Cscape - Logged In : "armando@controlnautas.com" - [TankLevelClosedLoop.csp]'
[2026-09-06T08:56:31.599Z] [AGENT1-SUPERVISOR] Watchdog health check cycle 120: PID=7128, HWND=0x00C90096, Title='Cscape - Logged In : "armando@controlnautas.com" - [TankLevelClosedLoop.csp]'
[2026-09-06T08:57:32.966Z] [AGENT1-SUPERVISOR] Watchdog health check cycle 150: PID=7128, HWND=0x00C90096, Title='Cscape - Logged In : "armando@controlnautas.com" - [TankLevelClosedLoop.csp]'
[2026-09-06T08:58:35.835Z] [AGENT1-SUPERVISOR] Watchdog health check cycle 180: PID=7128, HWND=0x00C90096, Title='Cscape - Logged In : "armando@controlnautas.com" - [TankLevelClosedLoop.csp]'
[2026-09-06T08:59:37.695Z] [AGENT1-SUPERVISOR] Watchdog health check cycle 210: PID=7128, HWND=0x00C90096, Title='Cscape - Logged In : "armando@controlnautas.com" - [TankLevelClosedLoop.csp]'
[2026-09-06T09:00:38.091Z] [AGENT1-SUPERVISOR] Watchdog health check cycle 240: PID=7128, HWND=0x00C90096, Title='Cscape - Logged In : "armando@controlnautas.com" - [TankLevelClosedLoop.csp]'
[2026-09-06T09:01:38.628Z] [AGENT1-SUPERVISOR] Watchdog health check cycle 270: PID=7128, HWND=0x00C90096, Title='Cscape - Logged In : "armando@controlnautas.com" - [TankLevelClosedLoop.csp]'
[2026-09-06T09:02:38.918Z] [AGENT1-SUPERVISOR] Watchdog health check cycle 300: PID=7128, HWND=0x00C90096, Title='Cscape - Logged In : "armando@controlnautas.com" - [TankLevelClosedLoop.csp]'
[2026-09-06T09:03:39.203Z] [AGENT1-SUPERVISOR] Watchdog health check cycle 330: PID=7128, HWND=0x00C90096, Title='Cscape - Logged In : "armando@controlnautas.com" - [TankLevelClosedLoop.csp]'
[2026-09-06T09:04:39.484Z] [AGENT1-SUPERVISOR] Watchdog health check cycle 360: PID=7128, HWND=0x00C90096, Title='Cscape - Logged In : "armando@controlnautas.com" - [TankLevelClosedLoop.csp]'
[2026-09-06T09:05:40.017Z] [AGENT1-SUPERVISOR] Watchdog health check cycle 390: PID=7128, HWND=0x00C90096, Title='Cscape - Logged In : "armando@controlnautas.com" - [TankLevelClosedLoop.csp]'
[2026-09-06T09:06:41.729Z] [AGENT1-SUPERVISOR] Watchdog health check cycle 420: PID=7128, HWND=0x00C90096, Title='Cscape - Logged In : "armando@controlnautas.com" - [TankLevelClosedLoop.csp]'
[2026-09-06T09:07:44.887Z] [AGENT1-SUPERVISOR] Watchdog health check cycle 450: PID=7128, HWND=0x00C90096, Title='Cscape - Logged In : "armando@controlnautas.com" - [TankLevelClosedLoop.csp]'
[2026-09-06T09:08:45.620Z] [AGENT1-SUPERVISOR] Watchdog health check cycle 480: PID=7128, HWND=0x00C90096, Title='Cscape - Logged In : "armando@controlnautas.com" - [TankLevelClosedLoop.csp]'
[2026-09-06T09:09:45.944Z] [AGENT1-SUPERVISOR] Watchdog health check cycle 510: PID=7128, HWND=0x00C90096, Title='Cscape - Logged In : "armando@controlnautas.com" - [TankLevelClosedLoop.csp]'
[2026-09-06T09:10:46.142Z] [AGENT1-SUPERVISOR] Watchdog health check cycle 540: PID=7128, HWND=0x00C90096, Title='Cscape - Logged In : "armando@controlnautas.com" - [TankLevelClosedLoop.csp]'
[2026-09-06T09:11:46.415Z] [AGENT1-SUPERVISOR] Watchdog health check cycle 570: PID=7128, HWND=0x00C90096, Title='Cscape - Logged In : "armando@controlnautas.com" - [TankLevelClosedLoop.csp]'
[2026-09-06T09:12:46.627Z] [AGENT1-SUPERVISOR] Watchdog health check cycle 600: PID=7128, HWND=0x00C90096, Title='Cscape - Logged In : "armando@controlnautas.com" - [TankLevelClosedLoop.csp]'
[2026-09-06T09:13:47.044Z] [AGENT1-SUPERVISOR] Watchdog health check cycle 630: PID=7128, HWND=0x00C90096, Title='Cscape - Logged In : "armando@controlnautas.com" - [TankLevelClosedLoop.csp]'
[2026-09-06T09:14:47.473Z] [AGENT1-SUPERVISOR] Watchdog health check cycle 660: PID=7128, HWND=0x00C90096, Title='Cscape - Logged In : "armando@controlnautas.com" - [TankLevelClosedLoop.csp]'
[2026-09-06T09:15:48.440Z] [AGENT1-SUPERVISOR] Watchdog health check cycle 690: PID=7128, HWND=0x00C90096, Title='Cscape - Logged In : "armando@controlnautas.com" - [TankLevelClosedLoop.csp]'
[2026-09-06T09:16:49.245Z] [AGENT1-SUPERVISOR] Watchdog health check cycle 720: PID=7128, HWND=0x00C90096, Title='Cscape - Logged In : "armando@controlnautas.com" - [TankLevelClosedLoop.csp]'
[2026-09-06T09:17:50.154Z] [AGENT1-SUPERVISOR] Watchdog health check cycle 750: PID=7128, HWND=0x00C90096, Title='Cscape - Logged In : "armando@controlnautas.com" - [TankLevelClosedLoop.csp]'
[2026-09-06T09:18:50.670Z] [AGENT1-SUPERVISOR] Watchdog health check cycle 780: PID=7128, HWND=0x00C90096, Title='Cscape - Logged In : "armando@controlnautas.com" - [TankLevelClosedLoop.csp]'
[2026-09-06T09:19:51.071Z] [AGENT1-SUPERVISOR] Watchdog health check cycle 810: PID=7128, HWND=0x00C90096, Title='Cscape - Logged In : "armando@controlnautas.com" - [TankLevelClosedLoop.csp]'
[2026-09-06T09:20:51.557Z] [AGENT1-SUPERVISOR] Watchdog health check cycle 840: PID=7128, HWND=0x00C90096, Title='Cscape - Logged In : "armando@controlnautas.com" - [TankLevelClosedLoop.csp]'
[2026-09-06T09:21:52.425Z] [AGENT1-SUPERVISOR] Watchdog health check cycle 870: PID=7128, HWND=0x00C90096, Title='Cscape - Logged In : "armando@controlnautas.com" - [TankLevelClosedLoop.csp]'
[2026-09-06T09:22:53.278Z] [AGENT1-SUPERVISOR] Watchdog health check cycle 900: PID=7128, HWND=0x00C90096, Title='Cscape - Logged In : "armando@controlnautas.com" - [TankLevelClosedLoop.csp]'
[2026-09-06T09:23:54.065Z] [AGENT1-SUPERVISOR] Watchdog health check cycle 930: PID=7128, HWND=0x00C90096, Title='Cscape - Logged In : "armando@controlnautas.com" - [TankLevelClosedLoop.csp]'
[2026-09-06T09:24:54.879Z] [AGENT1-SUPERVISOR] Watchdog health check cycle 960: PID=7128, HWND=0x00C90096, Title='Cscape - Logged In : "armando@controlnautas.com" - [TankLevelClosedLoop.csp]'
[2026-09-06T09:25:55.509Z] [AGENT1-SUPERVISOR] Watchdog health check cycle 990: PID=7128, HWND=0x00C90096, Title='Cscape - Logged In : "armando@controlnautas.com" - [TankLevelClosedLoop.csp]'
[2026-09-06T09:26:55.881Z] [AGENT1-SUPERVISOR] Watchdog health check cycle 1020: PID=7128, HWND=0x00C90096, Title='Cscape - Logged In : "armando@controlnautas.com" - [TankLevelClosedLoop.csp]'
[2026-09-06T09:27:56.262Z] [AGENT1-SUPERVISOR] Watchdog health check cycle 1050: PID=7128, HWND=0x00C90096, Title='Cscape - Logged In : "armando@controlnautas.com" - [TankLevelClosedLoop.csp]'
[2026-09-06T09:28:56.626Z] [AGENT1-SUPERVISOR] Watchdog health check cycle 1080: PID=7128, HWND=0x00C90096, Title='Cscape - Logged In : "armando@controlnautas.com" - [TankLevelClosedLoop.csp]'
[2026-09-06T09:32:21.481Z] [AGENT1-SUPERVISOR] ================================================================================
[2026-09-06T09:32:21.481Z] [AGENT1-SUPERVISOR] STARTING CSCAPE VISIBLE SETUP & VERIFICATION
[2026-09-06T09:32:21.481Z] [AGENT1-SUPERVISOR] ================================================================================
[2026-09-06T09:32:21.490Z] [AGENT1-SUPERVISOR] Adopting already active visible Cscape window: PID=10892, HWND=0x01B005DC, Title='Cscape - Logged In : "armando@controlnautas.com" - [TankLevelClosedLoop.csp]'
[2026-09-06T09:32:23.210Z] [AGENT1-SUPERVISOR] Project Navigator visibility status: True
[2026-09-06T09:32:23.376Z] [AGENT1-SUPERVISOR] Saved screenshot proof: C:\HornerAI\horner-cscape-mcp\artifacts\screenshots\live_cscape_tanklevel_visible.png (1296x728, 72901 bytes)
[2026-09-06T09:32:23.438Z] [AGENT1-SUPERVISOR] Saved screenshot proof: C:\Users\ArmandoSilva\artifacts\screenshots\live_cscape_tanklevel_visible.png (1296x728, 72901 bytes)
[2026-09-07T04:53:37.636Z] [AGENT1-SUPERVISOR] ================================================================================
[2026-09-07T04:53:37.636Z] [AGENT1-SUPERVISOR] STARTING CSCAPE VISIBLE SETUP & VERIFICATION
[2026-09-07T04:53:37.636Z] [AGENT1-SUPERVISOR] ================================================================================
[2026-09-07T04:53:37.657Z] [AGENT1-SUPERVISOR] Killing any lingering Cscape processes...
[2026-09-07T04:53:39.145Z] [AGENT1-SUPERVISOR] Configuring registry keys for clean visible startup...
[2026-09-07T04:53:39.146Z] [AGENT1-SUPERVISOR] Registry keys successfully set.
[2026-09-07T04:53:39.146Z] [AGENT1-SUPERVISOR] Spawning Cscape visibly: "C:\Program Files (x86)\Cscape 10.2\Cscape.exe" "C:\HornerAI\horner-cscape-mcp\artifacts\projects\TankLevelClosedLoop\TankLevelClosedLoop.csp" (Cwd: C:\Program Files (x86)\Cscape 10.2)
[2026-09-07T04:53:39.166Z] [AGENT1-SUPERVISOR] Successfully spawned Cscape PID=17320
[2026-09-07T04:53:39.167Z] [AGENT1-SUPERVISOR] Monitoring startup and dialogs (up to 35 seconds)...
[2026-09-07T04:53:47.769Z] [AGENT1-SUPERVISOR] --------------------------------------------------------------------------------
[2026-09-07T04:53:47.786Z] [AGENT1-SUPERVISOR] Cscape Window Located: PID=17320, HWND=0x00F60504, Title='Cscape - [TankLevelClosedLoop.csp]'
[2026-09-07T04:53:47.786Z] [AGENT1-SUPERVISOR] IsWindowVisible=True, IsWindowEnabled=True, IsHungAppWindow=False, HasTankLevelProject=True
[2026-09-07T04:53:51.469Z] [AGENT1-SUPERVISOR] Dismissing splash dialog HWND=0x007A0BC6 ('About Cscape')...
[2026-09-07T04:53:51.582Z] [AGENT1-SUPERVISOR] Project Navigator visibility status: True
[2026-09-07T04:53:51.584Z] [AGENT1-SUPERVISOR] Capturing live screenshot proof for HWND=0x00F60504...
[2026-09-07T04:53:52.158Z] [AGENT1-SUPERVISOR] Saved screenshot proof: C:\HornerAI\horner-cscape-mcp\artifacts\screenshots\live_cscape_tanklevel_visible.png (1300x636, 72007 bytes)
[2026-09-07T04:53:52.274Z] [AGENT1-SUPERVISOR] Saved screenshot proof: C:\Users\ArmandoSilva\artifacts\screenshots\live_cscape_tanklevel_visible.png (1300x636, 72007 bytes)
[2026-09-07T04:53:52.276Z] [AGENT1-SUPERVISOR] Updating gate files for PID=17320, HWND=0x00F60504...
[2026-09-07T04:53:52.279Z] [AGENT1-SUPERVISOR] ================================================================================
[2026-09-07T04:53:52.281Z] [AGENT1-SUPERVISOR] CSCAPE VERIFIED VISIBLE ON INTERACTIVE DESKTOP: PID=17320, HWND=0x00F60504
[2026-09-07T04:53:52.281Z] [AGENT1-SUPERVISOR] ================================================================================
[2026-09-07T04:53:52.281Z] [AGENT1-SUPERVISOR] Entering autonomous keepalive supervisor loop...
[2026-09-07T04:54:53.804Z] [AGENT1-SUPERVISOR] Watchdog health check cycle 30: PID=17320, HWND=0x00F60504, Title='Cscape - Logged In : "armando@controlnautas.com" - [TankLevelClosedLoop.csp]'
[2026-09-07T04:55:55.707Z] [AGENT1-SUPERVISOR] Watchdog health check cycle 60: PID=17320, HWND=0x00F60504, Title='Cscape - Logged In : "armando@controlnautas.com" - [TankLevelClosedLoop.csp]'
[2026-09-07T04:56:56.877Z] [AGENT1-SUPERVISOR] Watchdog health check cycle 90: PID=17320, HWND=0x00F60504, Title='Cscape - Logged In : "armando@controlnautas.com" - [TankLevelClosedLoop.csp]'
[2026-09-07T04:57:57.385Z] [AGENT1-SUPERVISOR] Watchdog health check cycle 120: PID=17320, HWND=0x00F60504, Title='Cscape - Logged In : "armando@controlnautas.com" - [TankLevelClosedLoop.csp]'
[2026-09-07T04:58:57.692Z] [AGENT1-SUPERVISOR] Watchdog health check cycle 150: PID=17320, HWND=0x00F60504, Title='Cscape - Logged In : "armando@controlnautas.com" - [TankLevelClosedLoop.csp]'
[2026-09-07T04:59:58.038Z] [AGENT1-SUPERVISOR] Watchdog health check cycle 180: PID=17320, HWND=0x00F60504, Title='Cscape - Logged In : "armando@controlnautas.com" - [TankLevelClosedLoop.csp]'
[2026-09-07T05:00:58.403Z] [AGENT1-SUPERVISOR] Watchdog health check cycle 210: PID=17320, HWND=0x00F60504, Title='Cscape - Logged In : "armando@controlnautas.com" - [TankLevelClosedLoop.csp]'
[2026-09-07T05:01:58.900Z] [AGENT1-SUPERVISOR] Watchdog health check cycle 240: PID=17320, HWND=0x00F60504, Title='Cscape - Logged In : "armando@controlnautas.com" - [TankLevelClosedLoop.csp]'
[2026-09-07T05:02:59.560Z] [AGENT1-SUPERVISOR] Watchdog health check cycle 270: PID=17320, HWND=0x00F60504, Title='Cscape - Logged In : "armando@controlnautas.com" - [TankLevelClosedLoop.csp]'
[2026-09-07T05:03:59.842Z] [AGENT1-SUPERVISOR] Watchdog health check cycle 300: PID=17320, HWND=0x00F60504, Title='Cscape - Logged In : "armando@controlnautas.com" - [TankLevelClosedLoop.csp]'
[2026-09-07T05:05:00.160Z] [AGENT1-SUPERVISOR] Watchdog health check cycle 330: PID=17320, HWND=0x00F60504, Title='Cscape - Logged In : "armando@controlnautas.com" - [TankLevelClosedLoop.csp]'
[2026-09-07T05:06:00.781Z] [AGENT1-SUPERVISOR] Watchdog health check cycle 360: PID=17320, HWND=0x00F60504, Title='Cscape - Logged In : "armando@controlnautas.com" - [TankLevelClosedLoop.csp]'
[2026-09-07T05:07:01.525Z] [AGENT1-SUPERVISOR] Watchdog health check cycle 390: PID=17320, HWND=0x00F60504, Title='Cscape - Logged In : "armando@controlnautas.com" - [TankLevelClosedLoop.csp]'
[2026-09-07T05:08:44.563Z] [AGENT1-SUPERVISOR] ================================================================================
[2026-09-07T05:08:44.565Z] [AGENT1-SUPERVISOR] STARTING CSCAPE VISIBLE SETUP & VERIFICATION
[2026-09-07T05:08:44.565Z] [AGENT1-SUPERVISOR] ================================================================================
[2026-09-07T05:08:44.581Z] [AGENT1-SUPERVISOR] Killing any lingering Cscape processes...
[2026-09-07T05:08:46.961Z] [AGENT1-SUPERVISOR] Configuring registry keys for clean visible startup...
[2026-09-07T05:08:46.963Z] [AGENT1-SUPERVISOR] Registry keys successfully set.
[2026-09-07T05:08:46.963Z] [AGENT1-SUPERVISOR] Spawning Cscape visibly: "C:\Program Files (x86)\Cscape 10.2\Cscape.exe" "C:\HornerAI\horner-cscape-mcp\artifacts\projects\TankLevelClosedLoop\TankLevelClosedLoop.csp" (Cwd: C:\Program Files (x86)\Cscape 10.2)
[2026-09-07T05:08:47.022Z] [AGENT1-SUPERVISOR] Successfully spawned Cscape PID=924
[2026-09-07T05:08:47.022Z] [AGENT1-SUPERVISOR] Monitoring startup and dialogs (up to 35 seconds)...
[2026-09-07T05:08:56.514Z] [AGENT1-SUPERVISOR] --------------------------------------------------------------------------------
[2026-09-07T05:08:56.515Z] [AGENT1-SUPERVISOR] Cscape Window Located: PID=924, HWND=0x04B4020A, Title='Cscape - [TankLevelClosedLoop.csp]'
[2026-09-07T05:08:56.515Z] [AGENT1-SUPERVISOR] IsWindowVisible=True, IsWindowEnabled=True, IsHungAppWindow=False, HasTankLevelProject=True
[2026-09-07T05:09:00.417Z] [AGENT1-SUPERVISOR] Dismissing splash dialog HWND=0x00340CBC ('About Cscape')...
[2026-09-07T05:09:00.530Z] [AGENT1-SUPERVISOR] Project Navigator visibility status: True
[2026-09-07T05:09:00.530Z] [AGENT1-SUPERVISOR] Capturing live screenshot proof for HWND=0x04B4020A...
[2026-09-07T05:09:01.001Z] [AGENT1-SUPERVISOR] Saved screenshot proof: C:\HornerAI\horner-cscape-mcp\artifacts\screenshots\live_cscape_tanklevel_visible.png (1300x636, 72007 bytes)
[2026-09-07T05:09:01.174Z] [AGENT1-SUPERVISOR] Saved screenshot proof: C:\Users\ArmandoSilva\artifacts\screenshots\live_cscape_tanklevel_visible.png (1300x636, 72007 bytes)
[2026-09-07T05:09:01.176Z] [AGENT1-SUPERVISOR] Updating gate files for PID=924, HWND=0x04B4020A...
[2026-09-07T05:09:01.182Z] [AGENT1-SUPERVISOR] ================================================================================
[2026-09-07T05:09:01.182Z] [AGENT1-SUPERVISOR] CSCAPE VERIFIED VISIBLE ON INTERACTIVE DESKTOP: PID=924, HWND=0x04B4020A
[2026-09-07T05:09:01.189Z] [AGENT1-SUPERVISOR] ================================================================================
[2026-09-07T05:09:01.189Z] [AGENT1-SUPERVISOR] Entering autonomous keepalive supervisor loop...
[2026-09-07T05:10:02.055Z] [AGENT1-SUPERVISOR] Watchdog health check cycle 30: PID=924, HWND=0x04B4020A, Title='Cscape - Logged In : "armando@controlnautas.com" - [TankLevelClosedLoop.csp]'
[2026-09-07T05:11:03.287Z] [AGENT1-SUPERVISOR] Watchdog health check cycle 60: PID=924, HWND=0x04B4020A, Title='Cscape - Logged In : "armando@controlnautas.com" - [TankLevelClosedLoop.csp]'
[2026-09-07T05:12:03.535Z] [AGENT1-SUPERVISOR] Watchdog health check cycle 90: PID=924, HWND=0x04B4020A, Title='Cscape - Logged In : "armando@controlnautas.com" - [TankLevelClosedLoop.csp]'
[2026-09-07T05:13:03.791Z] [AGENT1-SUPERVISOR] Watchdog health check cycle 120: PID=924, HWND=0x04B4020A, Title='Cscape - Logged In : "armando@controlnautas.com" - [TankLevelClosedLoop.csp]'
[2026-09-07T05:14:04.050Z] [AGENT1-SUPERVISOR] Watchdog health check cycle 150: PID=924, HWND=0x04B4020A, Title='Cscape - Logged In : "armando@controlnautas.com" - [TankLevelClosedLoop.csp]'
[2026-09-07T05:15:04.277Z] [AGENT1-SUPERVISOR] Watchdog health check cycle 180: PID=924, HWND=0x04B4020A, Title='Cscape - Logged In : "armando@controlnautas.com" - [TankLevelClosedLoop.csp]'
[2026-09-07T05:16:04.505Z] [AGENT1-SUPERVISOR] Watchdog health check cycle 210: PID=924, HWND=0x04B4020A, Title='Cscape - Logged In : "armando@controlnautas.com" - [TankLevelClosedLoop.csp]'
[2026-09-07T05:17:04.725Z] [AGENT1-SUPERVISOR] Watchdog health check cycle 240: PID=924, HWND=0x04B4020A, Title='Cscape - Logged In : "armando@controlnautas.com" - [TankLevelClosedLoop.csp]'
[2026-09-07T05:18:04.975Z] [AGENT1-SUPERVISOR] Watchdog health check cycle 270: PID=924, HWND=0x04B4020A, Title='Cscape - Logged In : "armando@controlnautas.com" - [TankLevelClosedLoop.csp]'
[2026-09-07T05:18:35.363Z] [AGENT1-SUPERVISOR] Cscape PID=924 exited and no active successor found! Relaunching...
[2026-09-07T05:18:35.363Z] [AGENT1-SUPERVISOR] ================================================================================
[2026-09-07T05:18:35.363Z] [AGENT1-SUPERVISOR] STARTING CSCAPE VISIBLE SETUP & VERIFICATION
[2026-09-07T05:18:35.365Z] [AGENT1-SUPERVISOR] ================================================================================
[2026-09-07T05:18:35.375Z] [AGENT1-SUPERVISOR] Killing any lingering Cscape processes...
[2026-09-07T05:18:35.379Z] [AGENT1-SUPERVISOR] Terminating Cscape PID 11892...
[2026-09-07T05:18:36.748Z] [AGENT1-SUPERVISOR] Configuring registry keys for clean visible startup...
[2026-09-07T05:18:36.748Z] [AGENT1-SUPERVISOR] Registry keys successfully set.
[2026-09-07T05:18:36.748Z] [AGENT1-SUPERVISOR] Spawning Cscape visibly: "C:\Program Files (x86)\Cscape 10.2\Cscape.exe" "C:\HornerAI\horner-cscape-mcp\artifacts\projects\TankLevelClosedLoop\TankLevelClosedLoop.csp" (Cwd: C:\Program Files (x86)\Cscape 10.2)
[2026-09-07T05:18:36.766Z] [AGENT1-SUPERVISOR] Successfully spawned Cscape PID=11804
[2026-09-07T05:18:36.767Z] [AGENT1-SUPERVISOR] Monitoring startup and dialogs (up to 35 seconds)...
[2026-09-07T05:18:44.117Z] [AGENT1-SUPERVISOR] --------------------------------------------------------------------------------
[2026-09-07T05:18:44.117Z] [AGENT1-SUPERVISOR] Cscape Window Located: PID=11804, HWND=0x01830478, Title='Cscape - [TankLevelClosedLoop.csp]'
[2026-09-07T05:18:44.117Z] [AGENT1-SUPERVISOR] IsWindowVisible=True, IsWindowEnabled=True, IsHungAppWindow=False, HasTankLevelProject=True
[2026-09-07T05:18:48.365Z] [AGENT1-SUPERVISOR] Project Navigator visibility status: True
[2026-09-07T05:18:48.365Z] [AGENT1-SUPERVISOR] Capturing live screenshot proof for HWND=0x01830478...
[2026-09-07T05:18:48.594Z] [AGENT1-SUPERVISOR] Saved screenshot proof: C:\HornerAI\horner-cscape-mcp\artifacts\screenshots\live_cscape_tanklevel_visible.png (1300x636, 72002 bytes)
[2026-09-07T05:18:48.655Z] [AGENT1-SUPERVISOR] Saved screenshot proof: C:\Users\ArmandoSilva\artifacts\screenshots\live_cscape_tanklevel_visible.png (1300x636, 72002 bytes)
[2026-09-07T05:18:48.662Z] [AGENT1-SUPERVISOR] Updating gate files for PID=11804, HWND=0x01830478...
[2026-09-07T05:18:48.664Z] [AGENT1-SUPERVISOR] ================================================================================
[2026-09-07T05:18:48.667Z] [AGENT1-SUPERVISOR] CSCAPE VERIFIED VISIBLE ON INTERACTIVE DESKTOP: PID=11804, HWND=0x01830478
[2026-09-07T05:18:48.667Z] [AGENT1-SUPERVISOR] ================================================================================
[2026-09-07T05:19:19.065Z] [AGENT1-SUPERVISOR] Watchdog health check cycle 300: PID=11804, HWND=0x01830478, Title='Cscape - Logged In : "armando@controlnautas.com" - [TankLevelClosedLoop.csp]'
[2026-09-07T05:20:19.683Z] [AGENT1-SUPERVISOR] Watchdog health check cycle 330: PID=11804, HWND=0x01830478, Title='Cscape'
[2026-09-07T05:20:23.709Z] [AGENT1-SUPERVISOR] Cscape PID=11804 exited and no active successor found! Relaunching...
[2026-09-07T05:20:23.710Z] [AGENT1-SUPERVISOR] ================================================================================
[2026-09-07T05:20:23.710Z] [AGENT1-SUPERVISOR] STARTING CSCAPE VISIBLE SETUP & VERIFICATION
[2026-09-07T05:20:23.710Z] [AGENT1-SUPERVISOR] ================================================================================
[2026-09-07T05:20:23.726Z] [AGENT1-SUPERVISOR] Killing any lingering Cscape processes...
[2026-09-07T05:20:24.965Z] [AGENT1-SUPERVISOR] Configuring registry keys for clean visible startup...
[2026-09-07T05:20:24.965Z] [AGENT1-SUPERVISOR] Registry keys successfully set.
[2026-09-07T05:20:24.965Z] [AGENT1-SUPERVISOR] Spawning Cscape visibly: "C:\Program Files (x86)\Cscape 10.2\Cscape.exe" "C:\HornerAI\horner-cscape-mcp\artifacts\projects\TankLevelClosedLoop\TankLevelClosedLoop.csp" (Cwd: C:\Program Files (x86)\Cscape 10.2)
[2026-09-07T05:20:24.978Z] [AGENT1-SUPERVISOR] Successfully spawned Cscape PID=3324
[2026-09-07T05:20:24.978Z] [AGENT1-SUPERVISOR] Monitoring startup and dialogs (up to 35 seconds)...
[2026-09-07T05:20:31.257Z] [AGENT1-SUPERVISOR] --------------------------------------------------------------------------------
[2026-09-07T05:20:31.260Z] [AGENT1-SUPERVISOR] Cscape Window Located: PID=9420, HWND=0x0162044A, Title='Cscape - [TankLevelClosedLoop.csp]'
[2026-09-07T05:20:31.299Z] [AGENT1-SUPERVISOR] IsWindowVisible=True, IsWindowEnabled=True, IsHungAppWindow=True, HasTankLevelProject=True
[2026-09-07T05:20:31.299Z] [AGENT1-SUPERVISOR] Exception in supervisor loop: Window verification failed: vis=True, en=True, hung=True, title='Cscape - [TankLevelClosedLoop.csp]'
[2026-09-07T05:20:38.391Z] [AGENT1-SUPERVISOR] Cscape PID=11804 exited and no active successor found! Relaunching...
[2026-09-07T05:20:38.391Z] [AGENT1-SUPERVISOR] ================================================================================
[2026-09-07T05:20:38.391Z] [AGENT1-SUPERVISOR] STARTING CSCAPE VISIBLE SETUP & VERIFICATION
[2026-09-07T05:20:38.393Z] [AGENT1-SUPERVISOR] ================================================================================
[2026-09-07T05:20:38.440Z] [AGENT1-SUPERVISOR] Killing any lingering Cscape processes...
[2026-09-07T05:20:40.125Z] [AGENT1-SUPERVISOR] Configuring registry keys for clean visible startup...
[2026-09-07T05:20:40.126Z] [AGENT1-SUPERVISOR] Registry keys successfully set.
[2026-09-07T05:20:40.126Z] [AGENT1-SUPERVISOR] Spawning Cscape visibly: "C:\Program Files (x86)\Cscape 10.2\Cscape.exe" "C:\HornerAI\horner-cscape-mcp\artifacts\projects\TankLevelClosedLoop\TankLevelClosedLoop.csp" (Cwd: C:\Program Files (x86)\Cscape 10.2)
[2026-09-07T05:20:40.164Z] [AGENT1-SUPERVISOR] Successfully spawned Cscape PID=10636
[2026-09-07T05:20:40.164Z] [AGENT1-SUPERVISOR] Monitoring startup and dialogs (up to 35 seconds)...
[2026-09-07T05:20:49.117Z] [AGENT1-SUPERVISOR] --------------------------------------------------------------------------------
[2026-09-07T05:20:49.117Z] [AGENT1-SUPERVISOR] Cscape Window Located: PID=10636, HWND=0x02F603BA, Title='Cscape - [TankLevelClosedLoop.csp]'
[2026-09-07T05:20:49.146Z] [AGENT1-SUPERVISOR] IsWindowVisible=True, IsWindowEnabled=True, IsHungAppWindow=False, HasTankLevelProject=True
[2026-09-07T05:20:52.840Z] [AGENT1-SUPERVISOR] Dismissing splash dialog HWND=0x009A0ABE ('About Cscape')...
[2026-09-07T05:20:53.033Z] [AGENT1-SUPERVISOR] Project Navigator visibility status: True
[2026-09-07T05:20:53.034Z] [AGENT1-SUPERVISOR] Capturing live screenshot proof for HWND=0x02F603BA...
[2026-09-07T05:20:53.284Z] [AGENT1-SUPERVISOR] Saved screenshot proof: C:\HornerAI\horner-cscape-mcp\artifacts\screenshots\live_cscape_tanklevel_visible.png (1300x636, 72007 bytes)
[2026-09-07T05:20:53.375Z] [AGENT1-SUPERVISOR] Saved screenshot proof: C:\Users\ArmandoSilva\artifacts\screenshots\live_cscape_tanklevel_visible.png (1300x636, 72007 bytes)
[2026-09-07T05:20:53.385Z] [AGENT1-SUPERVISOR] Updating gate files for PID=10636, HWND=0x02F603BA...
[2026-09-07T05:20:53.389Z] [AGENT1-SUPERVISOR] ================================================================================
[2026-09-07T05:20:53.389Z] [AGENT1-SUPERVISOR] CSCAPE VERIFIED VISIBLE ON INTERACTIVE DESKTOP: PID=10636, HWND=0x02F603BA
[2026-09-07T05:20:53.389Z] [AGENT1-SUPERVISOR] ================================================================================
[2026-09-07T05:21:49.398Z] [AGENT1-SUPERVISOR] Watchdog health check cycle 360: PID=10636, HWND=0x02F603BA, Title='Cscape - Logged In : "armando@controlnautas.com" - [TankLevelClosedLoop.csp]'
[2026-09-07T05:22:49.635Z] [AGENT1-SUPERVISOR] Watchdog health check cycle 390: PID=10636, HWND=0x02F603BA, Title='Cscape - Logged In : "armando@controlnautas.com" - [TankLevelClosedLoop.csp]'
[2026-09-07T05:23:49.850Z] [AGENT1-SUPERVISOR] Watchdog health check cycle 420: PID=10636, HWND=0x02F603BA, Title='Cscape - Logged In : "armando@controlnautas.com" - [TankLevelClosedLoop.csp]'
[2026-09-07T05:24:50.087Z] [AGENT1-SUPERVISOR] Watchdog health check cycle 450: PID=10636, HWND=0x02F603BA, Title='Cscape - Logged In : "armando@controlnautas.com" - [TankLevelClosedLoop.csp]'
[2026-09-07T05:25:50.314Z] [AGENT1-SUPERVISOR] Watchdog health check cycle 480: PID=10636, HWND=0x02F603BA, Title='Cscape - Logged In : "armando@controlnautas.com" - [TankLevelClosedLoop.csp]'
[2026-09-07T05:26:50.880Z] [AGENT1-SUPERVISOR] Watchdog health check cycle 510: PID=10636, HWND=0x02F603BA, Title='Cscape - Logged In : "armando@controlnautas.com" - [C6_Native_Run.csp]'
[2026-09-07T05:27:09.143Z] [AGENT1-SUPERVISOR] Cscape PID=10636 exited and no active successor found! Relaunching...
[2026-09-07T05:27:09.144Z] [AGENT1-SUPERVISOR] ================================================================================
[2026-09-07T05:27:09.144Z] [AGENT1-SUPERVISOR] STARTING CSCAPE VISIBLE SETUP & VERIFICATION
[2026-09-07T05:27:09.144Z] [AGENT1-SUPERVISOR] ================================================================================
[2026-09-07T05:27:09.156Z] [AGENT1-SUPERVISOR] Killing any lingering Cscape processes...
[2026-09-07T05:27:10.481Z] [AGENT1-SUPERVISOR] Configuring registry keys for clean visible startup...
[2026-09-07T05:27:10.483Z] [AGENT1-SUPERVISOR] Registry keys successfully set.
[2026-09-07T05:27:10.500Z] [AGENT1-SUPERVISOR] Spawning Cscape visibly: "C:\Program Files (x86)\Cscape 10.2\Cscape.exe" "C:\HornerAI\horner-cscape-mcp\artifacts\projects\TankLevelClosedLoop\TankLevelClosedLoop.csp" (Cwd: C:\Program Files (x86)\Cscape 10.2)
[2026-09-07T05:27:10.532Z] [AGENT1-SUPERVISOR] Successfully spawned Cscape PID=13520
[2026-09-07T05:27:10.532Z] [AGENT1-SUPERVISOR] Monitoring startup and dialogs (up to 35 seconds)...
[2026-09-07T05:27:22.828Z] [AGENT1-SUPERVISOR] --------------------------------------------------------------------------------
[2026-09-07T05:27:22.829Z] [AGENT1-SUPERVISOR] Cscape Window Located: PID=13520, HWND=0x004B0658, Title='Cscape - [TankLevelClosedLoop.csp]'
[2026-09-07T05:27:22.829Z] [AGENT1-SUPERVISOR] IsWindowVisible=True, IsWindowEnabled=True, IsHungAppWindow=False, HasTankLevelProject=True
[2026-09-07T05:27:26.679Z] [AGENT1-SUPERVISOR] Project Navigator visibility status: True
[2026-09-07T05:27:26.680Z] [AGENT1-SUPERVISOR] Capturing live screenshot proof for HWND=0x004B0658...
[2026-09-07T05:27:26.891Z] [AGENT1-SUPERVISOR] Saved screenshot proof: C:\HornerAI\horner-cscape-mcp\artifacts\screenshots\live_cscape_tanklevel_visible.png (1300x636, 72002 bytes)
[2026-09-07T05:27:28.079Z] [AGENT1-SUPERVISOR] Saved screenshot proof: C:\Users\ArmandoSilva\artifacts\screenshots\live_cscape_tanklevel_visible.png (1300x636, 72002 bytes)
[2026-09-07T05:27:28.103Z] [AGENT1-SUPERVISOR] Updating gate files for PID=13520, HWND=0x004B0658...
[2026-09-07T05:27:28.128Z] [AGENT1-SUPERVISOR] ================================================================================
[2026-09-07T05:27:28.130Z] [AGENT1-SUPERVISOR] CSCAPE VERIFIED VISIBLE ON INTERACTIVE DESKTOP: PID=13520, HWND=0x004B0658
[2026-09-07T05:27:28.149Z] [AGENT1-SUPERVISOR] ================================================================================
[2026-09-07T05:28:10.921Z] [AGENT1-SUPERVISOR] Watchdog health check cycle 540: PID=13520, HWND=0x004B0658, Title='Cscape - Logged In : "armando@controlnautas.com" - [TankLevelClosedLoop.csp]'
[2026-09-07T05:29:11.223Z] [AGENT1-SUPERVISOR] Watchdog health check cycle 570: PID=13520, HWND=0x004B0658, Title='Cscape - Logged In : "armando@controlnautas.com" - [TankLevelClosedLoop.csp]'
[2026-09-07T05:30:11.553Z] [AGENT1-SUPERVISOR] Watchdog health check cycle 600: PID=13520, HWND=0x004B0658, Title='Cscape - Logged In : "armando@controlnautas.com" - [TankLevelClosedLoop.csp]'
[2026-09-07T05:31:12.080Z] [AGENT1-SUPERVISOR] Watchdog health check cycle 630: PID=13520, HWND=0x004B0658, Title='Cscape - Logged In : "armando@controlnautas.com" - [TankLevelClosedLoop.csp]'
[2026-09-07T05:32:13.243Z] [AGENT1-SUPERVISOR] Watchdog health check cycle 660: PID=13520, HWND=0x004B0658, Title='Cscape - Logged In : "armando@controlnautas.com" - [TankLevelClosedLoop.csp]'
[2026-09-07T05:33:17.181Z] [AGENT1-SUPERVISOR] Watchdog health check cycle 690: PID=13520, HWND=0x004B0658, Title='Cscape - Logged In : "armando@controlnautas.com" - [TankLevelClosedLoop.csp]'
[2026-09-07T05:34:20.492Z] [AGENT1-SUPERVISOR] Watchdog health check cycle 720: PID=13520, HWND=0x004B0658, Title='Cscape - Logged In : "armando@controlnautas.com" - [TankLevelClosedLoop.csp]'
[2026-09-07T05:35:24.968Z] [AGENT1-SUPERVISOR] Watchdog health check cycle 750: PID=13520, HWND=0x004B0658, Title='Cscape - Logged In : "armando@controlnautas.com" - [TankLevelClosedLoop.csp]'
[2026-09-07T05:36:30.496Z] [AGENT1-SUPERVISOR] Watchdog health check cycle 780: PID=13520, HWND=0x004B0658, Title='Cscape - Logged In : "armando@controlnautas.com" - [TankLevelClosedLoop.csp]'
[2026-09-07T05:37:34.692Z] [AGENT1-SUPERVISOR] Watchdog health check cycle 810: PID=13520, HWND=0x004B0658, Title='Cscape - Logged In : "armando@controlnautas.com" - [TankLevelClosedLoop.csp]'
[2026-09-07T05:38:39.212Z] [AGENT1-SUPERVISOR] Watchdog health check cycle 840: PID=13520, HWND=0x004B0658, Title='Cscape - Logged In : "armando@controlnautas.com" - [TankLevelClosedLoop.csp]'
[2026-09-07T05:39:42.949Z] [AGENT1-SUPERVISOR] Watchdog health check cycle 870: PID=13520, HWND=0x004B0658, Title='Cscape - Logged In : "armando@controlnautas.com" - [TankLevelClosedLoop.csp]'
[2026-09-07T05:40:20.721Z] [AGENT1-SUPERVISOR] ================================================================================
[2026-09-07T05:40:20.722Z] [AGENT1-SUPERVISOR] STARTING CSCAPE VISIBLE SETUP & VERIFICATION
[2026-09-07T05:40:20.723Z] [AGENT1-SUPERVISOR] ================================================================================
[2026-09-07T05:40:20.740Z] [AGENT1-SUPERVISOR] Killing any lingering Cscape processes...
[2026-09-07T05:40:22.522Z] [AGENT1-SUPERVISOR] Configuring registry keys for clean visible startup...
[2026-09-07T05:40:22.523Z] [AGENT1-SUPERVISOR] Registry keys successfully set.
[2026-09-07T05:40:22.524Z] [AGENT1-SUPERVISOR] Spawning Cscape visibly: "C:\Program Files (x86)\Cscape 10.2\Cscape.exe" "C:\HornerAI\horner-cscape-mcp\artifacts\projects\TankLevelClosedLoop\TankLevelClosedLoop.csp" (Cwd: C:\Program Files (x86)\Cscape 10.2)
[2026-09-07T05:40:22.561Z] [AGENT1-SUPERVISOR] Successfully spawned Cscape PID=12240
[2026-09-07T05:40:22.564Z] [AGENT1-SUPERVISOR] Monitoring startup and dialogs (up to 35 seconds)...
[2026-09-07T05:40:38.572Z] [AGENT1-SUPERVISOR] --------------------------------------------------------------------------------
[2026-09-07T05:40:38.572Z] [AGENT1-SUPERVISOR] Cscape Window Located: PID=12240, HWND=0x008B03C8, Title='Cscape - [TankLevelClosedLoop.csp]'
[2026-09-07T05:40:38.572Z] [AGENT1-SUPERVISOR] IsWindowVisible=True, IsWindowEnabled=True, IsHungAppWindow=False, HasTankLevelProject=True
[2026-09-07T05:40:42.076Z] [AGENT1-SUPERVISOR] Dismissing splash dialog HWND=0x00250BD0 ('About Cscape')...
[2026-09-07T05:40:42.572Z] [AGENT1-SUPERVISOR] Project Navigator visibility status: True
[2026-09-07T05:40:42.572Z] [AGENT1-SUPERVISOR] Capturing live screenshot proof for HWND=0x008B03C8...
[2026-09-07T05:40:43.784Z] [AGENT1-SUPERVISOR] Saved screenshot proof: C:\HornerAI\horner-cscape-mcp\artifacts\screenshots\live_cscape_tanklevel_visible.png (1300x636, 72002 bytes)
[2026-09-07T05:40:44.417Z] [AGENT1-SUPERVISOR] Saved screenshot proof: C:\Users\ArmandoSilva\artifacts\screenshots\live_cscape_tanklevel_visible.png (1300x636, 72002 bytes)
[2026-09-07T05:40:44.464Z] [AGENT1-SUPERVISOR] Updating gate files for PID=12240, HWND=0x008B03C8...
[2026-09-07T05:40:44.509Z] [AGENT1-SUPERVISOR] ================================================================================
[2026-09-07T05:40:44.592Z] [AGENT1-SUPERVISOR] CSCAPE VERIFIED VISIBLE ON INTERACTIVE DESKTOP: PID=12240, HWND=0x008B03C8
[2026-09-07T05:40:44.594Z] [AGENT1-SUPERVISOR] ================================================================================
[2026-09-07T05:40:44.594Z] [AGENT1-SUPERVISOR] Entering autonomous keepalive supervisor loop...
[2026-09-07T05:41:51.337Z] [AGENT1-SUPERVISOR] Watchdog health check cycle 30: PID=12240, HWND=0x008B03C8, Title='Cscape - Logged In : "armando@controlnautas.com" - [TankLevelClosedLoop.csp]'
[2026-09-07T05:42:27.047Z] [AGENT1-SUPERVISOR] Cscape PID=12240 exited and no active successor found! Relaunching...
[2026-09-07T05:42:27.049Z] [AGENT1-SUPERVISOR] ================================================================================
[2026-09-07T05:42:27.049Z] [AGENT1-SUPERVISOR] STARTING CSCAPE VISIBLE SETUP & VERIFICATION
[2026-09-07T05:42:27.058Z] [AGENT1-SUPERVISOR] ================================================================================
[2026-09-07T05:42:27.152Z] [AGENT1-SUPERVISOR] Killing any lingering Cscape processes...
[2026-09-07T05:42:27.231Z] [AGENT1-SUPERVISOR] Terminating Cscape PID 18348...
[2026-09-07T05:42:28.903Z] [AGENT1-SUPERVISOR] Configuring registry keys for clean visible startup...
[2026-09-07T05:42:28.903Z] [AGENT1-SUPERVISOR] Registry keys successfully set.
[2026-09-07T05:42:28.903Z] [AGENT1-SUPERVISOR] Spawning Cscape visibly: "C:\Program Files (x86)\Cscape 10.2\Cscape.exe" "C:\HornerAI\horner-cscape-mcp\artifacts\projects\TankLevelClosedLoop\TankLevelClosedLoop.csp" (Cwd: C:\Program Files (x86)\Cscape 10.2)
[2026-09-07T05:42:28.939Z] [AGENT1-SUPERVISOR] Successfully spawned Cscape PID=1828
[2026-09-07T05:42:28.945Z] [AGENT1-SUPERVISOR] Monitoring startup and dialogs (up to 35 seconds)...
[2026-09-07T05:42:38.624Z] [AGENT1-SUPERVISOR] --------------------------------------------------------------------------------
[2026-09-07T05:42:38.626Z] [AGENT1-SUPERVISOR] Cscape Window Located: PID=1828, HWND=0x018B0478, Title='Cscape - [TankLevelClosedLoop.csp]'
[2026-09-07T05:42:38.626Z] [AGENT1-SUPERVISOR] IsWindowVisible=True, IsWindowEnabled=True, IsHungAppWindow=False, HasTankLevelProject=True
[2026-09-07T05:42:43.379Z] [AGENT1-SUPERVISOR] Dismissing splash dialog HWND=0x014706DC ('About Cscape')...
[2026-09-07T05:42:43.517Z] [AGENT1-SUPERVISOR] Project Navigator visibility status: True
[2026-09-07T05:42:43.517Z] [AGENT1-SUPERVISOR] Capturing live screenshot proof for HWND=0x018B0478...
[2026-09-07T05:42:43.859Z] [AGENT1-SUPERVISOR] Saved screenshot proof: C:\HornerAI\horner-cscape-mcp\artifacts\screenshots\live_cscape_tanklevel_visible.png (1300x636, 72007 bytes)
[2026-09-07T05:42:44.078Z] [AGENT1-SUPERVISOR] Saved screenshot proof: C:\Users\ArmandoSilva\artifacts\screenshots\live_cscape_tanklevel_visible.png (1300x636, 72007 bytes)
[2026-09-07T05:42:44.082Z] [AGENT1-SUPERVISOR] Updating gate files for PID=1828, HWND=0x018B0478...
[2026-09-07T05:42:44.088Z] [AGENT1-SUPERVISOR] ================================================================================
[2026-09-07T05:42:44.088Z] [AGENT1-SUPERVISOR] CSCAPE VERIFIED VISIBLE ON INTERACTIVE DESKTOP: PID=1828, HWND=0x018B0478
[2026-09-07T05:42:44.090Z] [AGENT1-SUPERVISOR] ================================================================================
[2026-09-07T05:43:12.939Z] [AGENT1-SUPERVISOR] Watchdog health check cycle 60: PID=1828, HWND=0x018B0478, Title='Cscape - Logged In : "armando@controlnautas.com" - [TankLevelClosedLoop.csp]'
[2026-09-07T05:44:15.386Z] [AGENT1-SUPERVISOR] Watchdog health check cycle 90: PID=1828, HWND=0x018B0478, Title='Cscape - Logged In : "armando@controlnautas.com" - [TankLevelClosedLoop.csp]'
[2026-09-07T05:48:55.843Z] [AGENT1-SUPERVISOR] ================================================================================
[2026-09-07T05:48:55.843Z] [AGENT1-SUPERVISOR] STARTING CSCAPE VISIBLE SETUP & VERIFICATION
[2026-09-07T05:48:55.843Z] [AGENT1-SUPERVISOR] ================================================================================
[2026-09-07T05:48:55.849Z] [AGENT1-SUPERVISOR] Adopting already active visible Cscape window: PID=3448, HWND=0x00670BB2, Title='Cscape - Logged In : "armando@controlnautas.com" - [TankLevelClosedLoop.csp]'
[2026-09-07T05:48:55.872Z] [AGENT1-SUPERVISOR] Killing duplicate orphan Cscape PID 3952...
[2026-09-07T05:48:59.224Z] [AGENT1-SUPERVISOR] Project Navigator visibility status: True
[2026-09-07T05:49:00.123Z] [AGENT1-SUPERVISOR] Saved screenshot proof: C:\HornerAI\horner-cscape-mcp\artifacts\screenshots\live_cscape_tanklevel_visible.png (1296x584, 71506 bytes)
[2026-09-07T05:49:00.765Z] [AGENT1-SUPERVISOR] Saved screenshot proof: C:\Users\ArmandoSilva\artifacts\screenshots\live_cscape_tanklevel_visible.png (1296x584, 71506 bytes)
[2026-09-07T05:49:00.816Z] [AGENT1-SUPERVISOR] Entering autonomous keepalive supervisor loop...
[2026-09-07T05:49:09.871Z] [AGENT1-SUPERVISOR] Cscape PID=3448 exited and no active successor found! Relaunching...
[2026-09-07T05:49:09.871Z] [AGENT1-SUPERVISOR] ================================================================================
[2026-09-07T05:49:09.873Z] [AGENT1-SUPERVISOR] STARTING CSCAPE VISIBLE SETUP & VERIFICATION
[2026-09-07T05:49:09.873Z] [AGENT1-SUPERVISOR] ================================================================================
[2026-09-07T05:49:09.883Z] [AGENT1-SUPERVISOR] Killing any lingering Cscape processes...
[2026-09-07T05:49:11.365Z] [AGENT1-SUPERVISOR] Configuring registry keys for clean visible startup...
[2026-09-07T05:49:11.365Z] [AGENT1-SUPERVISOR] Registry keys successfully set.
[2026-09-07T05:49:11.370Z] [AGENT1-SUPERVISOR] Spawning Cscape visibly: "C:\Program Files (x86)\Cscape 10.2\Cscape.exe" "C:\HornerAI\horner-cscape-mcp\artifacts\projects\TankLevelClosedLoop\TankLevelClosedLoop.csp" (Cwd: C:\Program Files (x86)\Cscape 10.2)
[2026-09-07T05:49:11.389Z] [AGENT1-SUPERVISOR] Successfully spawned Cscape PID=14032
[2026-09-07T05:49:11.389Z] [AGENT1-SUPERVISOR] Monitoring startup and dialogs (up to 35 seconds)...
[2026-09-07T05:49:21.360Z] [AGENT1-SUPERVISOR] --------------------------------------------------------------------------------
[2026-09-07T05:49:21.360Z] [AGENT1-SUPERVISOR] Cscape Window Located: PID=14032, HWND=0x00AA0ABE, Title='Cscape - [TankLevelClosedLoop.csp]'
[2026-09-07T05:49:21.362Z] [AGENT1-SUPERVISOR] IsWindowVisible=True, IsWindowEnabled=True, IsHungAppWindow=False, HasTankLevelProject=True
[2026-09-07T05:49:24.662Z] [AGENT1-SUPERVISOR] Dismissing splash dialog HWND=0x016F03CC ('About Cscape')...
[2026-09-07T05:49:24.813Z] [AGENT1-SUPERVISOR] Project Navigator visibility status: True
[2026-09-07T05:49:24.815Z] [AGENT1-SUPERVISOR] Capturing live screenshot proof for HWND=0x00AA0ABE...
[2026-09-07T05:49:25.121Z] [AGENT1-SUPERVISOR] Saved screenshot proof: C:\HornerAI\horner-cscape-mcp\artifacts\screenshots\live_cscape_tanklevel_visible.png (1300x636, 72007 bytes)
[2026-09-07T05:49:25.199Z] [AGENT1-SUPERVISOR] Saved screenshot proof: C:\Users\ArmandoSilva\artifacts\screenshots\live_cscape_tanklevel_visible.png (1300x636, 72007 bytes)
[2026-09-07T05:49:25.210Z] [AGENT1-SUPERVISOR] Updating gate files for PID=14032, HWND=0x00AA0ABE...
[2026-09-07T05:49:25.214Z] [AGENT1-SUPERVISOR] ================================================================================
[2026-09-07T05:49:25.214Z] [AGENT1-SUPERVISOR] CSCAPE VERIFIED VISIBLE ON INTERACTIVE DESKTOP: PID=14032, HWND=0x00AA0ABE
[2026-09-07T05:49:25.214Z] [AGENT1-SUPERVISOR] ================================================================================
[2026-09-07T05:50:17.787Z] [AGENT1-SUPERVISOR] Watchdog health check cycle 30: PID=14032, HWND=0x00AA0ABE, Title='Cscape - Logged In : "armando@controlnautas.com" - [TankLevelClosedLoop.csp]'
[2026-09-07T05:51:19.786Z] [AGENT1-SUPERVISOR] Watchdog health check cycle 60: PID=14032, HWND=0x00AA0ABE, Title='Cscape - Logged In : "armando@controlnautas.com" - [TankLevelClosedLoop.csp]'
[2026-09-07T05:52:21.196Z] [AGENT1-SUPERVISOR] Watchdog health check cycle 90: PID=14032, HWND=0x00AA0ABE, Title='Cscape - Logged In : "armando@controlnautas.com" - [TankLevelClosedLoop.csp]'
[2026-09-07T05:53:22.274Z] [AGENT1-SUPERVISOR] Watchdog health check cycle 120: PID=14032, HWND=0x00AA0ABE, Title='Cscape - Logged In : "armando@controlnautas.com" - [TankLevelClosedLoop.csp]'
[2026-09-07T05:54:22.654Z] [AGENT1-SUPERVISOR] Watchdog health check cycle 150: PID=14032, HWND=0x00AA0ABE, Title='Cscape - Logged In : "armando@controlnautas.com" - [TankLevelClosedLoop.csp]'
[2026-09-07T05:55:23.023Z] [AGENT1-SUPERVISOR] Watchdog health check cycle 180: PID=14032, HWND=0x00AA0ABE, Title='Cscape - Logged In : "armando@controlnautas.com" - [TankLevelClosedLoop.csp]'
[2026-09-07T05:56:23.425Z] [AGENT1-SUPERVISOR] Watchdog health check cycle 210: PID=14032, HWND=0x00AA0ABE, Title='Cscape - Logged In : "armando@controlnautas.com" - [TankLevelClosedLoop.csp]'
[2026-09-07T05:57:23.799Z] [AGENT1-SUPERVISOR] Watchdog health check cycle 240: PID=14032, HWND=0x00AA0ABE, Title='Cscape - Logged In : "armando@controlnautas.com" - [TankLevelClosedLoop.csp]'
[2026-09-07T05:58:24.186Z] [AGENT1-SUPERVISOR] Watchdog health check cycle 270: PID=14032, HWND=0x00AA0ABE, Title='Cscape - Logged In : "armando@controlnautas.com" - [TankLevelClosedLoop.csp]'
[2026-09-07T05:59:25.489Z] [AGENT1-SUPERVISOR] Watchdog health check cycle 300: PID=14032, HWND=0x00AA0ABE, Title='Cscape - Logged In : "armando@controlnautas.com" - [TankLevelClosedLoop.csp]'
[2026-09-07T06:00:28.971Z] [AGENT1-SUPERVISOR] Watchdog health check cycle 330: PID=14032, HWND=0x00AA0ABE, Title='Cscape - Logged In : "armando@controlnautas.com" - [TankLevelClosedLoop.csp]'
[2026-09-07T06:00:30.995Z] [AGENT1-SUPERVISOR] Cscape PID=14032 exited and no active successor found! Relaunching...
[2026-09-07T06:00:30.995Z] [AGENT1-SUPERVISOR] ================================================================================
[2026-09-07T06:00:30.995Z] [AGENT1-SUPERVISOR] STARTING CSCAPE VISIBLE SETUP & VERIFICATION
[2026-09-07T06:00:30.999Z] [AGENT1-SUPERVISOR] ================================================================================
[2026-09-07T06:00:31.041Z] [AGENT1-SUPERVISOR] Killing any lingering Cscape processes...
[2026-09-07T06:00:32.345Z] [AGENT1-SUPERVISOR] Configuring registry keys for clean visible startup...
[2026-09-07T06:00:32.345Z] [AGENT1-SUPERVISOR] Registry keys successfully set.
[2026-09-07T06:00:32.345Z] [AGENT1-SUPERVISOR] Spawning Cscape visibly: "C:\Program Files (x86)\Cscape 10.2\Cscape.exe" "C:\HornerAI\horner-cscape-mcp\artifacts\projects\TankLevelClosedLoop\TankLevelClosedLoop.csp" (Cwd: C:\Program Files (x86)\Cscape 10.2)
[2026-09-07T06:00:32.551Z] [AGENT1-SUPERVISOR] Successfully spawned Cscape PID=17416
[2026-09-07T06:00:32.611Z] [AGENT1-SUPERVISOR] Monitoring startup and dialogs (up to 35 seconds)...
[2026-09-07T06:00:41.029Z] [AGENT1-SUPERVISOR] --------------------------------------------------------------------------------
[2026-09-07T06:00:41.031Z] [AGENT1-SUPERVISOR] Cscape Window Located: PID=18220, HWND=0x005D09E4, Title='Cscape - [TankLevelClosedLoop.csp]'
[2026-09-07T06:00:41.036Z] [AGENT1-SUPERVISOR] IsWindowVisible=True, IsWindowEnabled=True, IsHungAppWindow=True, HasTankLevelProject=True
[2026-09-07T06:00:41.036Z] [AGENT1-SUPERVISOR] Exception in supervisor loop: Window verification failed: vis=True, en=True, hung=True, title='Cscape - [TankLevelClosedLoop.csp]'
[2026-09-07T06:00:48.083Z] [AGENT1-SUPERVISOR] Adopted successor Cscape PID=18220, HWND=0x005D09E4
[2026-09-07T06:01:44.622Z] [AGENT1-SUPERVISOR] Watchdog health check cycle 360: PID=18220, HWND=0x005D09E4, Title='Cscape - Logged In : "armando@controlnautas.com" - [LabProject_W01.csp]'
[2026-09-07T06:02:45.185Z] [AGENT1-SUPERVISOR] Watchdog health check cycle 390: PID=18220, HWND=0x005D09E4, Title='Cscape - Logged In : "armando@controlnautas.com" - [LabProject_W01.csp]'
[2026-09-07T06:03:45.777Z] [AGENT1-SUPERVISOR] Watchdog health check cycle 420: PID=18220, HWND=0x005D09E4, Title='Cscape - Logged In : "armando@controlnautas.com" - [LabProject_W01.csp]'
[2026-09-07T06:04:46.234Z] [AGENT1-SUPERVISOR] Watchdog health check cycle 450: PID=18220, HWND=0x005D09E4, Title='Cscape - Logged In : "armando@controlnautas.com" - [LabProject_W01.csp]'
[2026-09-07T06:05:46.723Z] [AGENT1-SUPERVISOR] Watchdog health check cycle 480: PID=18220, HWND=0x005D09E4, Title='Cscape - Logged In : "armando@controlnautas.com" - [LabProject_W01.csp]'
[2026-09-07T06:07:06.243Z] [AGENT1-SUPERVISOR] ================================================================================
[2026-09-07T06:07:06.245Z] [AGENT1-SUPERVISOR] STARTING CSCAPE VISIBLE SETUP & VERIFICATION
[2026-09-07T06:07:06.245Z] [AGENT1-SUPERVISOR] ================================================================================
[2026-09-07T06:07:06.259Z] [AGENT1-SUPERVISOR] Killing any lingering Cscape processes...
[2026-09-07T06:07:07.929Z] [AGENT1-SUPERVISOR] Configuring registry keys for clean visible startup...
[2026-09-07T06:07:07.929Z] [AGENT1-SUPERVISOR] Registry keys successfully set.
[2026-09-07T06:07:07.929Z] [AGENT1-SUPERVISOR] Spawning Cscape visibly: "C:\Program Files (x86)\Cscape 10.2\Cscape.exe" "C:\HornerAI\horner-cscape-mcp\artifacts\projects\TankLevelClosedLoop\TankLevelClosedLoop.csp" (Cwd: C:\Program Files (x86)\Cscape 10.2)
[2026-09-07T06:07:07.954Z] [AGENT1-SUPERVISOR] Successfully spawned Cscape PID=6732
[2026-09-07T06:07:07.954Z] [AGENT1-SUPERVISOR] Monitoring startup and dialogs (up to 35 seconds)...
[2026-09-07T06:07:17.052Z] [AGENT1-SUPERVISOR] --------------------------------------------------------------------------------
[2026-09-07T06:07:17.054Z] [AGENT1-SUPERVISOR] Cscape Window Located: PID=6732, HWND=0x01470926, Title='Cscape - [C6_Native_Run.csp]'
[2026-09-07T06:07:17.190Z] [AGENT1-SUPERVISOR] IsWindowVisible=True, IsWindowEnabled=True, IsHungAppWindow=True, HasTankLevelProject=False
[2026-09-07T06:07:42.915Z] [AGENT1-SUPERVISOR] ================================================================================
[2026-09-07T06:07:42.915Z] [AGENT1-SUPERVISOR] STARTING CSCAPE VISIBLE SETUP & VERIFICATION
[2026-09-07T06:07:42.915Z] [AGENT1-SUPERVISOR] ================================================================================
[2026-09-07T06:07:42.926Z] [AGENT1-SUPERVISOR] Killing any lingering Cscape processes...
[2026-09-07T06:07:44.808Z] [AGENT1-SUPERVISOR] Configuring registry keys for clean visible startup...
[2026-09-07T06:07:44.810Z] [AGENT1-SUPERVISOR] Registry keys successfully set.
[2026-09-07T06:07:44.810Z] [AGENT1-SUPERVISOR] Spawning Cscape visibly: "C:\Program Files (x86)\Cscape 10.2\Cscape.exe" "C:\HornerAI\horner-cscape-mcp\artifacts\projects\TankLevelClosedLoop\TankLevelClosedLoop.csp" (Cwd: C:\Program Files (x86)\Cscape 10.2)
[2026-09-07T06:07:44.855Z] [AGENT1-SUPERVISOR] Successfully spawned Cscape PID=11300
[2026-09-07T06:07:44.855Z] [AGENT1-SUPERVISOR] Monitoring startup and dialogs (up to 35 seconds)...
[2026-09-07T06:07:55.063Z] [AGENT1-SUPERVISOR] --------------------------------------------------------------------------------
[2026-09-07T06:07:55.063Z] [AGENT1-SUPERVISOR] Cscape Window Located: PID=11300, HWND=0x01490926, Title='Cscape - [TankLevelClosedLoop.csp]'
[2026-09-07T06:07:55.081Z] [AGENT1-SUPERVISOR] IsWindowVisible=True, IsWindowEnabled=True, IsHungAppWindow=False, HasProject=True
[2026-09-07T06:07:58.612Z] [AGENT1-SUPERVISOR] Dismissing splash dialog HWND=0x00570C72 ('About Cscape')...
[2026-09-07T06:07:58.721Z] [AGENT1-SUPERVISOR] Project Navigator visibility status: True
[2026-09-07T06:07:58.723Z] [AGENT1-SUPERVISOR] Capturing live screenshot proof for HWND=0x01490926...
[2026-09-07T06:07:59.587Z] [AGENT1-SUPERVISOR] Saved screenshot proof: C:\HornerAI\horner-cscape-mcp\artifacts\screenshots\live_cscape_tanklevel_visible.png (1300x636, 72007 bytes)
[2026-09-07T06:07:59.863Z] [AGENT1-SUPERVISOR] Saved screenshot proof: C:\Users\ArmandoSilva\artifacts\screenshots\live_cscape_tanklevel_visible.png (1300x636, 72007 bytes)
[2026-09-07T06:07:59.867Z] [AGENT1-SUPERVISOR] Updating gate files for PID=11300, HWND=0x01490926...
[2026-09-07T06:07:59.870Z] [AGENT1-SUPERVISOR] ================================================================================
[2026-09-07T06:07:59.872Z] [AGENT1-SUPERVISOR] CSCAPE VERIFIED VISIBLE ON INTERACTIVE DESKTOP: PID=11300, HWND=0x01490926
[2026-09-07T06:07:59.872Z] [AGENT1-SUPERVISOR] ================================================================================
[2026-09-07T06:07:59.872Z] [AGENT1-SUPERVISOR] Entering autonomous keepalive supervisor loop...
[2026-09-07T06:09:05.818Z] [AGENT1-SUPERVISOR] Watchdog health check cycle 30: PID=11300, HWND=0x01490926, Title='Cscape - Logged In : "armando@controlnautas.com" - [TankLevelClosedLoop.csp]'
[2026-09-07T06:10:15.556Z] [AGENT1-SUPERVISOR] Watchdog health check cycle 60: PID=11300, HWND=0x01490926, Title='Cscape - Logged In : "armando@controlnautas.com" - [TankLevelClosedLoop.csp]'
[2026-09-07T06:11:18.408Z] [AGENT1-SUPERVISOR] Cscape PID=11300 exited and no active successor found! Relaunching...
[2026-09-07T06:11:18.410Z] [AGENT1-SUPERVISOR] ================================================================================
[2026-09-07T06:11:18.410Z] [AGENT1-SUPERVISOR] STARTING CSCAPE VISIBLE SETUP & VERIFICATION
[2026-09-07T06:11:18.411Z] [AGENT1-SUPERVISOR] ================================================================================
[2026-09-07T06:11:18.422Z] [AGENT1-SUPERVISOR] Killing any lingering Cscape processes...
[2026-09-07T06:11:19.629Z] [AGENT1-SUPERVISOR] Configuring registry keys for clean visible startup...
[2026-09-07T06:11:19.629Z] [AGENT1-SUPERVISOR] Registry keys successfully set.
[2026-09-07T06:11:19.631Z] [AGENT1-SUPERVISOR] Spawning Cscape visibly: "C:\Program Files (x86)\Cscape 10.2\Cscape.exe" "C:\HornerAI\horner-cscape-mcp\artifacts\projects\TankLevelClosedLoop\TankLevelClosedLoop.csp" (Cwd: C:\Program Files (x86)\Cscape 10.2)
[2026-09-07T06:11:19.649Z] [AGENT1-SUPERVISOR] Successfully spawned Cscape PID=13368
[2026-09-07T06:11:19.649Z] [AGENT1-SUPERVISOR] Monitoring startup and dialogs (up to 35 seconds)...
[2026-09-07T06:11:35.130Z] [AGENT1-SUPERVISOR] --------------------------------------------------------------------------------
[2026-09-07T06:11:35.131Z] [AGENT1-SUPERVISOR] Cscape Window Located: PID=14756, HWND=0x030803E0, Title='Cscape - [TankLevelClosedLoop.csp]'
[2026-09-07T06:11:39.267Z] [AGENT1-SUPERVISOR] IsWindowVisible=True, IsWindowEnabled=True, IsHungAppWindow=False, HasProject=True
[2026-09-07T06:11:41.508Z] [AGENT1-SUPERVISOR] Project Navigator not immediately visible; sending ID_TOOLS_PROJECTNAVIGATOR (45012)...
[2026-09-07T06:11:42.524Z] [AGENT1-SUPERVISOR] Project Navigator visibility status: False
[2026-09-07T06:11:42.526Z] [AGENT1-SUPERVISOR] Capturing live screenshot proof for HWND=0x030803E0...
[2026-09-07T06:11:42.526Z] [AGENT1-SUPERVISOR] Updating gate files for PID=14756, HWND=0x030803E0...
[2026-09-07T06:11:42.528Z] [AGENT1-SUPERVISOR] ================================================================================
[2026-09-07T06:11:42.528Z] [AGENT1-SUPERVISOR] CSCAPE VERIFIED VISIBLE ON INTERACTIVE DESKTOP: PID=14756, HWND=0x030803E0
[2026-09-07T06:11:42.531Z] [AGENT1-SUPERVISOR] ================================================================================
[2026-09-07T06:11:44.540Z] [AGENT1-SUPERVISOR] Cscape PID=14756 exited and no active successor found! Relaunching...
[2026-09-07T06:11:44.542Z] [AGENT1-SUPERVISOR] ================================================================================
[2026-09-07T06:11:44.542Z] [AGENT1-SUPERVISOR] STARTING CSCAPE VISIBLE SETUP & VERIFICATION
[2026-09-07T06:11:44.542Z] [AGENT1-SUPERVISOR] ================================================================================
[2026-09-07T06:11:44.550Z] [AGENT1-SUPERVISOR] Killing any lingering Cscape processes...
[2026-09-07T06:11:45.936Z] [AGENT1-SUPERVISOR] Configuring registry keys for clean visible startup...
[2026-09-07T06:11:45.936Z] [AGENT1-SUPERVISOR] Registry keys successfully set.
[2026-09-07T06:11:45.936Z] [AGENT1-SUPERVISOR] Spawning Cscape visibly: "C:\Program Files (x86)\Cscape 10.2\Cscape.exe" "C:\HornerAI\horner-cscape-mcp\artifacts\projects\TankLevelClosedLoop\TankLevelClosedLoop.csp" (Cwd: C:\Program Files (x86)\Cscape 10.2)
[2026-09-07T06:11:45.968Z] [AGENT1-SUPERVISOR] Successfully spawned Cscape PID=18192
[2026-09-07T06:11:45.968Z] [AGENT1-SUPERVISOR] Monitoring startup and dialogs (up to 35 seconds)...
[2026-09-07T06:11:56.562Z] [AGENT1-SUPERVISOR] --------------------------------------------------------------------------------
[2026-09-07T06:11:56.562Z] [AGENT1-SUPERVISOR] Cscape Window Located: PID=18192, HWND=0x021905B2, Title='Cscape - [TankLevelClosedLoop.csp]'
[2026-09-07T06:11:56.562Z] [AGENT1-SUPERVISOR] IsWindowVisible=True, IsWindowEnabled=True, IsHungAppWindow=False, HasProject=True
[2026-09-07T06:11:59.800Z] [AGENT1-SUPERVISOR] Dismissing splash dialog HWND=0x00C2098A ('About Cscape')...
[2026-09-07T06:11:59.902Z] [AGENT1-SUPERVISOR] Project Navigator visibility status: True
[2026-09-07T06:11:59.904Z] [AGENT1-SUPERVISOR] Capturing live screenshot proof for HWND=0x021905B2...
[2026-09-07T06:12:00.236Z] [AGENT1-SUPERVISOR] Saved screenshot proof: C:\HornerAI\horner-cscape-mcp\artifacts\screenshots\live_cscape_tanklevel_visible.png (1300x636, 72007 bytes)
[2026-09-07T06:12:00.472Z] [AGENT1-SUPERVISOR] Saved screenshot proof: C:\Users\ArmandoSilva\artifacts\screenshots\live_cscape_tanklevel_visible.png (1300x636, 72007 bytes)
[2026-09-07T06:12:00.545Z] [AGENT1-SUPERVISOR] Updating gate files for PID=18192, HWND=0x021905B2...
[2026-09-07T06:12:00.551Z] [AGENT1-SUPERVISOR] ================================================================================
[2026-09-07T06:12:00.551Z] [AGENT1-SUPERVISOR] CSCAPE VERIFIED VISIBLE ON INTERACTIVE DESKTOP: PID=18192, HWND=0x021905B2
[2026-09-07T06:12:00.551Z] [AGENT1-SUPERVISOR] ================================================================================
[2026-09-07T06:13:02.470Z] [AGENT1-SUPERVISOR] Watchdog health check cycle 120: PID=18192, HWND=0x021905B2, Title='Cscape - Logged In : "armando@controlnautas.com" - [TankLevelClosedLoop.csp]'
[2026-09-07T06:14:02.812Z] [AGENT1-SUPERVISOR] Watchdog health check cycle 150: PID=18192, HWND=0x021905B2, Title='Cscape - Logged In : "armando@controlnautas.com" - [TankLevelClosedLoop.csp]'
[2026-09-07T06:15:03.035Z] [AGENT1-SUPERVISOR] Watchdog health check cycle 180: PID=18192, HWND=0x021905B2, Title='Cscape - Logged In : "armando@controlnautas.com" - [TankLevelClosedLoop.csp]'
[2026-09-07T06:16:03.240Z] [AGENT1-SUPERVISOR] Watchdog health check cycle 210: PID=18192, HWND=0x021905B2, Title='Cscape - Logged In : "armando@controlnautas.com" - [TankLevelClosedLoop.csp]'
[2026-09-07T06:17:03.499Z] [AGENT1-SUPERVISOR] Watchdog health check cycle 240: PID=18192, HWND=0x021905B2, Title='Cscape - Logged In : "armando@controlnautas.com" - [TankLevelClosedLoop.csp]'
[2026-09-07T06:18:03.729Z] [AGENT1-SUPERVISOR] Watchdog health check cycle 270: PID=18192, HWND=0x021905B2, Title='Cscape - Logged In : "armando@controlnautas.com" - [TankLevelClosedLoop.csp]'
[2026-09-07T06:19:04.853Z] [AGENT1-SUPERVISOR] Watchdog health check cycle 300: PID=18192, HWND=0x021905B2, Title='Cscape - Logged In : "armando@controlnautas.com" - [TankLevelClosedLoop.csp]'
[2026-09-07T06:20:05.159Z] [AGENT1-SUPERVISOR] Watchdog health check cycle 330: PID=18192, HWND=0x021905B2, Title='Cscape - Logged In : "armando@controlnautas.com" - [TankLevelClosedLoop.csp]'
[2026-09-07T06:21:05.376Z] [AGENT1-SUPERVISOR] Watchdog health check cycle 360: PID=18192, HWND=0x021905B2, Title='Cscape - Logged In : "armando@controlnautas.com" - [TankLevelClosedLoop.csp]'
[2026-09-07T06:22:05.665Z] [AGENT1-SUPERVISOR] Watchdog health check cycle 390: PID=18192, HWND=0x021905B2, Title='Cscape - Logged In : "armando@controlnautas.com" - [TankLevelClosedLoop.csp]'
[2026-09-07T06:23:05.954Z] [AGENT1-SUPERVISOR] Watchdog health check cycle 420: PID=18192, HWND=0x021905B2, Title='Cscape - Logged In : "armando@controlnautas.com" - [TankLevelClosedLoop.csp]'
[2026-09-07T06:24:06.430Z] [AGENT1-SUPERVISOR] Watchdog health check cycle 450: PID=18192, HWND=0x021905B2, Title='Cscape - Logged In : "armando@controlnautas.com" - [TankLevelClosedLoop.csp]'
[2026-09-07T06:25:06.686Z] [AGENT1-SUPERVISOR] Watchdog health check cycle 480: PID=18192, HWND=0x021905B2, Title='Cscape - Logged In : "armando@controlnautas.com" - [TankLevelClosedLoop.csp]'
[2026-09-07T06:26:06.920Z] [AGENT1-SUPERVISOR] Watchdog health check cycle 510: PID=18192, HWND=0x021905B2, Title='Cscape - Logged In : "armando@controlnautas.com" - [TankLevelClosedLoop.csp]'
[2026-09-07T06:27:07.195Z] [AGENT1-SUPERVISOR] Watchdog health check cycle 540: PID=18192, HWND=0x021905B2, Title='Cscape - Logged In : "armando@controlnautas.com" - [TankLevelClosedLoop.csp]'
[2026-09-07T06:28:07.872Z] [AGENT1-SUPERVISOR] Watchdog health check cycle 570: PID=18192, HWND=0x021905B2, Title='Cscape - Logged In : "armando@controlnautas.com" - [C6_Native_Run.csp]'
[2026-09-07T06:29:11.123Z] [AGENT1-SUPERVISOR] Watchdog health check cycle 600: PID=18192, HWND=0x021905B2, Title='Cscape - Logged In : "armando@controlnautas.com" - [C6_Native_Run.csp]'
[2026-09-07T06:30:11.926Z] [AGENT1-SUPERVISOR] Watchdog health check cycle 630: PID=18192, HWND=0x021905B2, Title='Cscape - Logged In : "armando@controlnautas.com" - [C6_Native_Run.csp]'
[2026-09-07T06:31:12.915Z] [AGENT1-SUPERVISOR] Watchdog health check cycle 660: PID=18192, HWND=0x021905B2, Title='Cscape - Logged In : "armando@controlnautas.com" - [C6_Native_Run.csp]'
[2026-09-07T06:32:13.494Z] [AGENT1-SUPERVISOR] Watchdog health check cycle 690: PID=18192, HWND=0x021905B2, Title='Cscape - Logged In : "armando@controlnautas.com" - [C6_Native_Run.csp]'
[2026-09-07T06:33:13.821Z] [AGENT1-SUPERVISOR] Watchdog health check cycle 720: PID=18192, HWND=0x021905B2, Title='Cscape - Logged In : "armando@controlnautas.com" - [C6_Native_Run.csp]'
[2026-09-07T06:34:14.102Z] [AGENT1-SUPERVISOR] Watchdog health check cycle 750: PID=18192, HWND=0x021905B2, Title='Cscape - Logged In : "armando@controlnautas.com" - [C6_Native_Run.csp]'
[2026-09-07T06:35:14.383Z] [AGENT1-SUPERVISOR] Watchdog health check cycle 780: PID=18192, HWND=0x021905B2, Title='Cscape - Logged In : "armando@controlnautas.com" - [C6_Native_Run.csp]'
[2026-09-07T06:36:14.682Z] [AGENT1-SUPERVISOR] Watchdog health check cycle 810: PID=18192, HWND=0x021905B2, Title='Cscape - Logged In : "armando@controlnautas.com" - [C6_Native_Run.csp]'
[2026-09-07T06:37:14.974Z] [AGENT1-SUPERVISOR] Watchdog health check cycle 840: PID=18192, HWND=0x021905B2, Title='Cscape - Logged In : "armando@controlnautas.com" - [C6_Native_Run.csp]'
[2026-09-07T06:38:15.298Z] [AGENT1-SUPERVISOR] Watchdog health check cycle 870: PID=18192, HWND=0x021905B2, Title='Cscape - Logged In : "armando@controlnautas.com" - [C6_Native_Run.csp]'
[2026-09-07T06:39:15.595Z] [AGENT1-SUPERVISOR] Watchdog health check cycle 900: PID=18192, HWND=0x021905B2, Title='Cscape - Logged In : "armando@controlnautas.com" - [C6_Native_Run.csp]'
[2026-09-07T06:40:15.894Z] [AGENT1-SUPERVISOR] Watchdog health check cycle 930: PID=18192, HWND=0x021905B2, Title='Cscape - Logged In : "armando@controlnautas.com" - [C6_Native_Run.csp]'
[2026-09-07T06:41:16.183Z] [AGENT1-SUPERVISOR] Watchdog health check cycle 960: PID=18192, HWND=0x021905B2, Title='Cscape - Logged In : "armando@controlnautas.com" - [C6_Native_Run.csp]'
[2026-09-07T06:42:16.565Z] [AGENT1-SUPERVISOR] Watchdog health check cycle 990: PID=18192, HWND=0x021905B2, Title='Cscape - Logged In : "armando@controlnautas.com" - [C6_Native_Run.csp]'
[2026-09-07T06:43:16.918Z] [AGENT1-SUPERVISOR] Watchdog health check cycle 1020: PID=18192, HWND=0x021905B2, Title='Cscape - Logged In : "armando@controlnautas.com" - [C6_Native_Run.csp]'
[2026-09-07T06:44:17.243Z] [AGENT1-SUPERVISOR] Watchdog health check cycle 1050: PID=18192, HWND=0x021905B2, Title='Cscape - Logged In : "armando@controlnautas.com" - [C6_Native_Run.csp]'
[2026-09-07T06:45:17.518Z] [AGENT1-SUPERVISOR] Watchdog health check cycle 1080: PID=18192, HWND=0x021905B2, Title='Cscape - Logged In : "armando@controlnautas.com" - [C6_Native_Run.csp]'
[2026-09-07T06:46:17.804Z] [AGENT1-SUPERVISOR] Watchdog health check cycle 1110: PID=18192, HWND=0x021905B2, Title='Cscape - Logged In : "armando@controlnautas.com" - [C6_Native_Run.csp]'
[2026-09-07T06:47:18.092Z] [AGENT1-SUPERVISOR] Watchdog health check cycle 1140: PID=18192, HWND=0x021905B2, Title='Cscape - Logged In : "armando@controlnautas.com" - [C6_Native_Run.csp]'
[2026-09-07T06:48:18.602Z] [AGENT1-SUPERVISOR] Watchdog health check cycle 1170: PID=18192, HWND=0x021905B2, Title='Cscape - Logged In : "armando@controlnautas.com" - [C6_Native_Run.csp]'
[2026-09-07T06:49:18.982Z] [AGENT1-SUPERVISOR] Watchdog health check cycle 1200: PID=18192, HWND=0x021905B2, Title='Cscape - Logged In : "armando@controlnautas.com" - [C6_Native_Run.csp]'
[2026-09-07T06:50:19.292Z] [AGENT1-SUPERVISOR] Watchdog health check cycle 1230: PID=18192, HWND=0x021905B2, Title='Cscape - Logged In : "armando@controlnautas.com" - [C6_Native_Run.csp]'
[2026-09-07T06:51:19.650Z] [AGENT1-SUPERVISOR] Watchdog health check cycle 1260: PID=18192, HWND=0x021905B2, Title='Cscape - Logged In : "armando@controlnautas.com" - [C6_Native_Run.csp]'
[2026-09-07T06:52:20.471Z] [AGENT1-SUPERVISOR] Watchdog health check cycle 1290: PID=18192, HWND=0x021905B2, Title='Cscape - Logged In : "armando@controlnautas.com" - [C6_Native_Run.csp]'
[2026-09-07T06:53:25.032Z] [AGENT1-SUPERVISOR] Watchdog health check cycle 1320: PID=18192, HWND=0x021905B2, Title='Cscape - Logged In : "armando@controlnautas.com" - [C6_Native_Run.csp]'
[2026-09-07T06:54:28.586Z] [AGENT1-SUPERVISOR] Watchdog health check cycle 1350: PID=18192, HWND=0x021905B2, Title='Cscape - Logged In : "armando@controlnautas.com" - [C6_Native_Run.csp]'
[2026-09-07T06:55:29.932Z] [AGENT1-SUPERVISOR] Watchdog health check cycle 1380: PID=18192, HWND=0x021905B2, Title='Cscape - Logged In : "armando@controlnautas.com" - [C6_Native_Run.csp]'
[2026-09-07T06:56:31.257Z] [AGENT1-SUPERVISOR] Watchdog health check cycle 1410: PID=18192, HWND=0x021905B2, Title='Cscape - Logged In : "armando@controlnautas.com" - [C6_Native_Run.csp]'
[2026-09-07T06:57:32.372Z] [AGENT1-SUPERVISOR] Watchdog health check cycle 1440: PID=18192, HWND=0x021905B2, Title='Cscape - Logged In : "armando@controlnautas.com" - [C6_Native_Run.csp]'
[2026-09-07T06:58:33.319Z] [AGENT1-SUPERVISOR] Watchdog health check cycle 1470: PID=18192, HWND=0x021905B2, Title='Cscape - Logged In : "armando@controlnautas.com" - [C6_Native_Run.csp]'
[2026-09-07T06:59:34.614Z] [AGENT1-SUPERVISOR] Watchdog health check cycle 1500: PID=18192, HWND=0x021905B2, Title='Cscape - Logged In : "armando@controlnautas.com" - [C6_Native_Run.csp]'
[2026-09-07T07:00:35.404Z] [AGENT1-SUPERVISOR] Watchdog health check cycle 1530: PID=18192, HWND=0x021905B2, Title='Cscape - Logged In : "armando@controlnautas.com" - [C6_Native_Run.csp]'
[2026-09-07T07:01:35.723Z] [AGENT1-SUPERVISOR] Watchdog health check cycle 1560: PID=18192, HWND=0x021905B2, Title='Cscape - Logged In : "armando@controlnautas.com" - [C6_Native_Run.csp]'
[2026-09-07T07:02:36.171Z] [AGENT1-SUPERVISOR] Watchdog health check cycle 1590: PID=18192, HWND=0x021905B2, Title='Cscape - Logged In : "armando@controlnautas.com" - [C6_Native_Run.csp]'
[2026-09-07T07:03:40.476Z] [AGENT1-SUPERVISOR] Watchdog health check cycle 1620: PID=18192, HWND=0x021905B2, Title='Cscape - Logged In : "armando@controlnautas.com" - [C6_Native_Run.csp]'
[2026-09-07T07:04:44.635Z] [AGENT1-SUPERVISOR] Watchdog health check cycle 1650: PID=18192, HWND=0x021905B2, Title='Cscape - Logged In : "armando@controlnautas.com" - [C6_Native_Run.csp]'
[2026-09-07T07:05:45.626Z] [AGENT1-SUPERVISOR] Watchdog health check cycle 1680: PID=18192, HWND=0x021905B2, Title='Cscape - Logged In : "armando@controlnautas.com" - [C6_Native_Run.csp]'
[2026-09-07T07:06:47.032Z] [AGENT1-SUPERVISOR] Watchdog health check cycle 1710: PID=18192, HWND=0x021905B2, Title='Cscape - Logged In : "armando@controlnautas.com" - [C6_Native_Run.csp]'
[2026-09-07T07:07:48.166Z] [AGENT1-SUPERVISOR] Watchdog health check cycle 1740: PID=18192, HWND=0x021905B2, Title='Cscape - Logged In : "armando@controlnautas.com" - [C6_Native_Run.csp]'
[2026-09-07T07:08:49.660Z] [AGENT1-SUPERVISOR] Watchdog health check cycle 1770: PID=18192, HWND=0x021905B2, Title='Cscape - Logged In : "armando@controlnautas.com" - [C6_Native_Run.csp]'
[2026-09-07T07:09:50.915Z] [AGENT1-SUPERVISOR] Watchdog health check cycle 1800: PID=18192, HWND=0x021905B2, Title='Cscape - Logged In : "armando@controlnautas.com" - [C6_Native_Run.csp]'
[2026-09-07T07:10:52.069Z] [AGENT1-SUPERVISOR] Watchdog health check cycle 1830: PID=18192, HWND=0x021905B2, Title='Cscape - Logged In : "armando@controlnautas.com" - [C6_Native_Run.csp]'
[2026-09-07T07:11:53.221Z] [AGENT1-SUPERVISOR] Watchdog health check cycle 1860: PID=18192, HWND=0x021905B2, Title='Cscape - Logged In : "armando@controlnautas.com" - [C6_Native_Run.csp]'
[2026-09-07T07:12:55.141Z] [AGENT1-SUPERVISOR] Watchdog health check cycle 1890: PID=18192, HWND=0x021905B2, Title='Cscape - Logged In : "armando@controlnautas.com" - [C6_Native_Run.csp]'
[2026-09-07T07:13:56.511Z] [AGENT1-SUPERVISOR] Watchdog health check cycle 1920: PID=18192, HWND=0x021905B2, Title='Cscape - Logged In : "armando@controlnautas.com" - [C6_Native_Run.csp]'
[2026-09-07T07:14:58.027Z] [AGENT1-SUPERVISOR] Watchdog health check cycle 1950: PID=18192, HWND=0x021905B2, Title='Cscape - Logged In : "armando@controlnautas.com" - [C6_Native_Run.csp]'
[2026-09-09T00:48:06.828Z] [AGENT1-SUPERVISOR] ================================================================================
[2026-09-09T00:48:06.828Z] [AGENT1-SUPERVISOR] STARTING CSCAPE VISIBLE SETUP & VERIFICATION
[2026-09-09T00:48:06.828Z] [AGENT1-SUPERVISOR] ================================================================================
[2026-09-09T00:48:06.844Z] [AGENT1-SUPERVISOR] Killing any lingering Cscape processes...
[2026-09-09T00:48:08.090Z] [AGENT1-SUPERVISOR] Configuring registry keys for clean visible startup...
[2026-09-09T00:48:08.091Z] [AGENT1-SUPERVISOR] Registry keys successfully set.
[2026-09-09T00:48:08.091Z] [AGENT1-SUPERVISOR] Spawning Cscape visibly: "C:\Program Files (x86)\Cscape 10.2\Cscape.exe" "C:\HornerAI\horner-cscape-mcp\artifacts\projects\TankLevelClosedLoop\TankLevelClosedLoop.csp" (Cwd: C:\Program Files (x86)\Cscape 10.2)
[2026-09-09T00:48:08.092Z] [AGENT1-SUPERVISOR] CreateProcessW with breakaway failed, retrying without breakaway...
[2026-09-09T00:48:08.118Z] [AGENT1-SUPERVISOR] Successfully spawned Cscape PID=7592
[2026-09-09T00:48:08.118Z] [AGENT1-SUPERVISOR] Monitoring startup and dialogs (up to 35 seconds)...
[2026-09-09T00:48:15.406Z] [AGENT1-SUPERVISOR] --------------------------------------------------------------------------------
[2026-09-09T00:48:15.418Z] [AGENT1-SUPERVISOR] Cscape Window Located: PID=7592, HWND=0x0146010C, Title='Cscape - [TankLevelClosedLoop.csp]'
[2026-09-09T00:48:15.418Z] [AGENT1-SUPERVISOR] IsWindowVisible=True, IsWindowEnabled=True, IsHungAppWindow=False, HasProject=True
[2026-09-09T00:48:19.633Z] [AGENT1-SUPERVISOR] Dismissing splash dialog HWND=0x00660BC8 ('About Cscape')...
[2026-09-09T00:48:19.649Z] [AGENT1-SUPERVISOR] Project Navigator visibility status: True
[2026-09-09T00:48:19.650Z] [AGENT1-SUPERVISOR] Capturing live screenshot proof for HWND=0x0146010C...
[2026-09-09T00:48:19.870Z] [AGENT1-SUPERVISOR] Saved screenshot proof: C:\HornerAI\horner-cscape-mcp\artifacts\screenshots\live_cscape_tanklevel_visible.png (1300x636, 65489 bytes)
[2026-09-09T00:48:19.930Z] [AGENT1-SUPERVISOR] Saved screenshot proof: C:\Users\ArmandoSilva\artifacts\screenshots\live_cscape_tanklevel_visible.png (1300x636, 65489 bytes)
[2026-09-09T00:48:19.932Z] [AGENT1-SUPERVISOR] Updating gate files for PID=7592, HWND=0x0146010C...
[2026-09-09T00:48:19.939Z] [AGENT1-SUPERVISOR] ================================================================================
[2026-09-09T00:48:19.939Z] [AGENT1-SUPERVISOR] CSCAPE VERIFIED VISIBLE ON INTERACTIVE DESKTOP: PID=7592, HWND=0x0146010C
[2026-09-09T00:48:19.939Z] [AGENT1-SUPERVISOR] ================================================================================
[2026-09-09T00:48:19.939Z] [AGENT1-SUPERVISOR] Entering autonomous keepalive supervisor loop...
[2026-09-09T00:49:19.249Z] [AGENT1-SUPERVISOR] Watchdog health check cycle 30: PID=7592, HWND=0x0146010C, Title='Cscape - Logged In : "armando@controlnautas.com" - [TankLevelClosedLoop.csp]'
[2026-09-09T00:50:20.833Z] [AGENT1-SUPERVISOR] Watchdog health check cycle 60: PID=7592, HWND=0x0146010C, Title='Cscape - Logged In : "armando@controlnautas.com" - [TankLevelClosedLoop.csp]'
[2026-09-09T00:51:22.031Z] [AGENT1-SUPERVISOR] Watchdog health check cycle 90: PID=7592, HWND=0x0146010C, Title='Cscape - Logged In : "armando@controlnautas.com" - [TankLevelClosedLoop.csp]'
[2026-09-09T00:52:22.861Z] [AGENT1-SUPERVISOR] Watchdog health check cycle 120: PID=7592, HWND=0x0146010C, Title='Cscape - Logged In : "armando@controlnautas.com" - [TankLevelClosedLoop.csp]'
[2026-09-09T00:53:23.678Z] [AGENT1-SUPERVISOR] Watchdog health check cycle 150: PID=7592, HWND=0x0146010C, Title='Cscape - Logged In : "armando@controlnautas.com" - [TankLevelClosedLoop.csp]'
[2026-09-09T00:54:24.107Z] [AGENT1-SUPERVISOR] Watchdog health check cycle 180: PID=7592, HWND=0x0146010C, Title='Cscape - Logged In : "armando@controlnautas.com" - [TankLevelClosedLoop.csp]'
[2026-09-09T00:55:24.638Z] [AGENT1-SUPERVISOR] Watchdog health check cycle 210: PID=7592, HWND=0x0146010C, Title='Cscape - Logged In : "armando@controlnautas.com" - [TankLevelClosedLoop.csp]'
[2026-09-09T00:56:25.061Z] [AGENT1-SUPERVISOR] Watchdog health check cycle 240: PID=7592, HWND=0x0146010C, Title='Cscape - Logged In : "armando@controlnautas.com" - [TankLevelClosedLoop.csp]'
[2026-09-09T00:57:25.523Z] [AGENT1-SUPERVISOR] Watchdog health check cycle 270: PID=7592, HWND=0x0146010C, Title='Cscape - Logged In : "armando@controlnautas.com" - [TankLevelClosedLoop.csp]'
[2026-09-09T00:58:26.099Z] [AGENT1-SUPERVISOR] Watchdog health check cycle 300: PID=7592, HWND=0x0146010C, Title='Cscape - Logged In : "armando@controlnautas.com" - [TankLevelClosedLoop.csp]'
[2026-09-09T00:59:26.555Z] [AGENT1-SUPERVISOR] Watchdog health check cycle 330: PID=7592, HWND=0x0146010C, Title='Cscape - Logged In : "armando@controlnautas.com" - [TankLevelClosedLoop.csp]'
[2026-09-09T01:00:26.876Z] [AGENT1-SUPERVISOR] Watchdog health check cycle 360: PID=7592, HWND=0x0146010C, Title='Cscape - Logged In : "armando@controlnautas.com" - [TankLevelClosedLoop.csp]'
[2026-09-09T01:01:27.441Z] [AGENT1-SUPERVISOR] Watchdog health check cycle 390: PID=7592, HWND=0x0146010C, Title='Cscape - Logged In : "armando@controlnautas.com" - [TankLevelClosedLoop.csp]'
[2026-09-09T01:02:28.199Z] [AGENT1-SUPERVISOR] Watchdog health check cycle 420: PID=7592, HWND=0x0146010C, Title='Cscape - Logged In : "armando@controlnautas.com" - [TankLevelClosedLoop.csp]'
[2026-09-09T01:03:28.884Z] [AGENT1-SUPERVISOR] Watchdog health check cycle 450: PID=7592, HWND=0x0146010C, Title='Cscape - Logged In : "armando@controlnautas.com" - [TankLevelClosedLoop.csp]'
[2026-09-09T01:04:29.644Z] [AGENT1-SUPERVISOR] Watchdog health check cycle 480: PID=7592, HWND=0x0146010C, Title='Cscape - Logged In : "armando@controlnautas.com" - [TankLevelClosedLoop.csp]'
[2026-09-09T01:05:30.289Z] [AGENT1-SUPERVISOR] Watchdog health check cycle 510: PID=7592, HWND=0x0146010C, Title='Cscape - Logged In : "armando@controlnautas.com" - [TankLevelClosedLoop.csp]'
[2026-09-09T01:06:30.969Z] [AGENT1-SUPERVISOR] Watchdog health check cycle 540: PID=7592, HWND=0x0146010C, Title='Cscape - Logged In : "armando@controlnautas.com" - [TankLevelClosedLoop.csp]'
[2026-09-09T01:07:31.451Z] [AGENT1-SUPERVISOR] Watchdog health check cycle 570: PID=7592, HWND=0x0146010C, Title='Cscape - Logged In : "armando@controlnautas.com" - [TankLevelClosedLoop.csp]'
[2026-09-09T01:08:31.763Z] [AGENT1-SUPERVISOR] Watchdog health check cycle 600: PID=7592, HWND=0x0146010C, Title='Cscape - Logged In : "armando@controlnautas.com" - [TankLevelClosedLoop.csp]'
[2026-09-09T01:09:32.080Z] [AGENT1-SUPERVISOR] Watchdog health check cycle 630: PID=7592, HWND=0x0146010C, Title='Cscape - Logged In : "armando@controlnautas.com" - [TankLevelClosedLoop.csp]'
[2026-09-09T01:10:32.354Z] [AGENT1-SUPERVISOR] Watchdog health check cycle 660: PID=7592, HWND=0x0146010C, Title='Cscape - Logged In : "armando@controlnautas.com" - [TankLevelClosedLoop.csp]'
[2026-09-09T01:11:32.857Z] [AGENT1-SUPERVISOR] Watchdog health check cycle 690: PID=7592, HWND=0x0146010C, Title='Cscape - Logged In : "armando@controlnautas.com" - [TankLevelClosedLoop.csp]'
[2026-09-09T01:12:33.162Z] [AGENT1-SUPERVISOR] Watchdog health check cycle 720: PID=7592, HWND=0x0146010C, Title='Cscape - Logged In : "armando@controlnautas.com" - [TankLevelClosedLoop.csp]'
[2026-09-09T01:13:33.486Z] [AGENT1-SUPERVISOR] Watchdog health check cycle 750: PID=7592, HWND=0x0146010C, Title='Cscape - Logged In : "armando@controlnautas.com" - [TankLevelClosedLoop.csp]'
[2026-09-09T01:14:34.035Z] [AGENT1-SUPERVISOR] Watchdog health check cycle 780: PID=7592, HWND=0x0146010C, Title='Cscape - Logged In : "armando@controlnautas.com" - [TankLevelClosedLoop.csp]'
[2026-09-09T01:15:34.760Z] [AGENT1-SUPERVISOR] Watchdog health check cycle 810: PID=7592, HWND=0x0146010C, Title='Cscape - Logged In : "armando@controlnautas.com" - [TankLevelClosedLoop.csp]'
[2026-09-09T01:16:35.392Z] [AGENT1-SUPERVISOR] Watchdog health check cycle 840: PID=7592, HWND=0x0146010C, Title='Cscape - Logged In : "armando@controlnautas.com" - [TankLevelClosedLoop.csp]'
[2026-09-09T01:17:36.094Z] [AGENT1-SUPERVISOR] Watchdog health check cycle 870: PID=7592, HWND=0x0146010C, Title='Cscape - Logged In : "armando@controlnautas.com" - [TankLevelClosedLoop.csp]'
[2026-09-09T01:18:36.758Z] [AGENT1-SUPERVISOR] Watchdog health check cycle 900: PID=7592, HWND=0x0146010C, Title='Cscape - Logged In : "armando@controlnautas.com" - [TankLevelClosedLoop.csp]'
[2026-09-09T01:19:37.373Z] [AGENT1-SUPERVISOR] Watchdog health check cycle 930: PID=7592, HWND=0x0146010C, Title='Cscape - Logged In : "armando@controlnautas.com" - [TankLevelClosedLoop.csp]'
[2026-09-09T01:20:37.819Z] [AGENT1-SUPERVISOR] Watchdog health check cycle 960: PID=7592, HWND=0x0146010C, Title='Cscape - Logged In : "armando@controlnautas.com" - [TankLevelClosedLoop.csp]'
[2026-09-09T01:21:38.110Z] [AGENT1-SUPERVISOR] Watchdog health check cycle 990: PID=7592, HWND=0x0146010C, Title='Cscape - Logged In : "armando@controlnautas.com" - [TankLevelClosedLoop.csp]'
[2026-09-09T01:22:38.412Z] [AGENT1-SUPERVISOR] Watchdog health check cycle 1020: PID=7592, HWND=0x0146010C, Title='Cscape - Logged In : "armando@controlnautas.com" - [TankLevelClosedLoop.csp]'
[2026-09-09T01:23:38.775Z] [AGENT1-SUPERVISOR] Watchdog health check cycle 1050: PID=7592, HWND=0x0146010C, Title='Cscape - Logged In : "armando@controlnautas.com" - [TankLevelClosedLoop.csp]'
[2026-09-09T01:24:39.085Z] [AGENT1-SUPERVISOR] Watchdog health check cycle 1080: PID=7592, HWND=0x0146010C, Title='Cscape - Logged In : "armando@controlnautas.com" - [TankLevelClosedLoop.csp]'
[2026-09-09T01:25:39.393Z] [AGENT1-SUPERVISOR] Watchdog health check cycle 1110: PID=7592, HWND=0x0146010C, Title='Cscape - Logged In : "armando@controlnautas.com" - [TankLevelClosedLoop.csp]'
[2026-09-09T01:26:39.704Z] [AGENT1-SUPERVISOR] Watchdog health check cycle 1140: PID=7592, HWND=0x0146010C, Title='Cscape - Logged In : "armando@controlnautas.com" - [TankLevelClosedLoop.csp]'
[2026-09-09T01:27:40.031Z] [AGENT1-SUPERVISOR] Watchdog health check cycle 1170: PID=7592, HWND=0x0146010C, Title='Cscape - Logged In : "armando@controlnautas.com" - [TankLevelClosedLoop.csp]'
[2026-09-09T01:28:40.591Z] [AGENT1-SUPERVISOR] Watchdog health check cycle 1200: PID=7592, HWND=0x0146010C, Title='Cscape - Logged In : "armando@controlnautas.com" - [TankLevelClosedLoop.csp]'
[2026-09-09T01:29:41.456Z] [AGENT1-SUPERVISOR] Watchdog health check cycle 1230: PID=7592, HWND=0x0146010C, Title='Cscape - Logged In : "armando@controlnautas.com" - [TankLevelClosedLoop.csp]'
[2026-09-09T01:30:42.092Z] [AGENT1-SUPERVISOR] Watchdog health check cycle 1260: PID=7592, HWND=0x0146010C, Title='Cscape - Logged In : "armando@controlnautas.com" - [TankLevelClosedLoop.csp]'
[2026-09-09T01:31:42.734Z] [AGENT1-SUPERVISOR] Watchdog health check cycle 1290: PID=7592, HWND=0x0146010C, Title='Cscape - Logged In : "armando@controlnautas.com" - [TankLevelClosedLoop.csp]'
[2026-09-09T01:32:43.382Z] [AGENT1-SUPERVISOR] Watchdog health check cycle 1320: PID=7592, HWND=0x0146010C, Title='Cscape - Logged In : "armando@controlnautas.com" - [TankLevelClosedLoop.csp]'
[2026-09-09T01:33:43.621Z] [AGENT1-SUPERVISOR] Watchdog health check cycle 1350: PID=7592, HWND=0x0146010C, Title='Cscape - Logged In : "armando@controlnautas.com" - [TankLevelClosedLoop.csp]'
[2026-09-09T01:34:43.826Z] [AGENT1-SUPERVISOR] Watchdog health check cycle 1380: PID=7592, HWND=0x0146010C, Title='Cscape - Logged In : "armando@controlnautas.com" - [TankLevelClosedLoop.csp]'
[2026-09-09T01:35:44.023Z] [AGENT1-SUPERVISOR] Watchdog health check cycle 1410: PID=7592, HWND=0x0146010C, Title='Cscape - Logged In : "armando@controlnautas.com" - [TankLevelClosedLoop.csp]'
[2026-09-09T01:36:44.277Z] [AGENT1-SUPERVISOR] Watchdog health check cycle 1440: PID=7592, HWND=0x0146010C, Title='Cscape - Logged In : "armando@controlnautas.com" - [TankLevelClosedLoop.csp]'
[2026-09-09T01:37:44.488Z] [AGENT1-SUPERVISOR] Watchdog health check cycle 1470: PID=7592, HWND=0x0146010C, Title='Cscape - Logged In : "armando@controlnautas.com" - [TankLevelClosedLoop.csp]'
[2026-09-09T01:38:44.696Z] [AGENT1-SUPERVISOR] Watchdog health check cycle 1500: PID=7592, HWND=0x0146010C, Title='Cscape - Logged In : "armando@controlnautas.com" - [TankLevelClosedLoop.csp]'
[2026-09-09T01:39:44.916Z] [AGENT1-SUPERVISOR] Watchdog health check cycle 1530: PID=7592, HWND=0x0146010C, Title='Cscape - Logged In : "armando@controlnautas.com" - [TankLevelClosedLoop.csp]'
[2026-09-09T01:40:45.346Z] [AGENT1-SUPERVISOR] Watchdog health check cycle 1560: PID=7592, HWND=0x0146010C, Title='Cscape - Logged In : "armando@controlnautas.com" - [TankLevelClosedLoop.csp]'
[2026-09-09T01:41:46.177Z] [AGENT1-SUPERVISOR] Watchdog health check cycle 1590: PID=7592, HWND=0x0146010C, Title='Cscape - Logged In : "armando@controlnautas.com" - [TankLevelClosedLoop.csp]'
[2026-09-09T01:42:46.476Z] [AGENT1-SUPERVISOR] Watchdog health check cycle 1620: PID=7592, HWND=0x0146010C, Title='Cscape - Logged In : "armando@controlnautas.com" - [TankLevelClosedLoop.csp]'
[2026-09-09T01:43:46.730Z] [AGENT1-SUPERVISOR] Watchdog health check cycle 1650: PID=7592, HWND=0x0146010C, Title='Cscape - Logged In : "armando@controlnautas.com" - [TankLevelClosedLoop.csp]'
[2026-09-09T01:44:47.022Z] [AGENT1-SUPERVISOR] Watchdog health check cycle 1680: PID=7592, HWND=0x0146010C, Title='Cscape - Logged In : "armando@controlnautas.com" - [TankLevelClosedLoop.csp]'
[2026-09-09T01:45:47.270Z] [AGENT1-SUPERVISOR] Watchdog health check cycle 1710: PID=7592, HWND=0x0146010C, Title='Cscape - Logged In : "armando@controlnautas.com" - [TankLevelClosedLoop.csp]'
[2026-09-09T01:46:24.437Z] [AGENT1-SUPERVISOR] ================================================================================
[2026-09-09T01:46:24.439Z] [AGENT1-SUPERVISOR] STARTING CSCAPE VISIBLE SETUP & VERIFICATION
[2026-09-09T01:46:24.439Z] [AGENT1-SUPERVISOR] ================================================================================
[2026-09-09T01:46:24.462Z] [AGENT1-SUPERVISOR] Killing any lingering Cscape processes...
[2026-09-09T01:46:25.784Z] [AGENT1-SUPERVISOR] Configuring registry keys for clean visible startup...
[2026-09-09T01:46:25.784Z] [AGENT1-SUPERVISOR] Registry keys successfully set.
[2026-09-09T01:46:25.786Z] [AGENT1-SUPERVISOR] Spawning Cscape visibly: "C:\Program Files (x86)\Cscape 10.2\Cscape.exe" "C:\HornerAI\horner-cscape-mcp\artifacts\projects\TankLevelClosedLoop\TankLevelClosedLoop.csp" (Cwd: C:\Program Files (x86)\Cscape 10.2)
[2026-09-09T01:46:25.786Z] [AGENT1-SUPERVISOR] CreateProcessW with breakaway failed, retrying without breakaway...
[2026-09-09T01:46:25.804Z] [AGENT1-SUPERVISOR] Successfully spawned Cscape PID=5064
[2026-09-09T01:46:25.805Z] [AGENT1-SUPERVISOR] Monitoring startup and dialogs (up to 35 seconds)...
[2026-09-09T01:46:32.613Z] [AGENT1-SUPERVISOR] --------------------------------------------------------------------------------
[2026-09-09T01:46:32.613Z] [AGENT1-SUPERVISOR] Cscape Window Located: PID=5064, HWND=0x00A302DA, Title='Cscape - [TankLevelClosedLoop.csp]'
[2026-09-09T01:46:32.615Z] [AGENT1-SUPERVISOR] IsWindowVisible=True, IsWindowEnabled=True, IsHungAppWindow=False, HasProject=True
[2026-09-09T01:46:36.443Z] [AGENT1-SUPERVISOR] Dismissing splash dialog HWND=0x02C605A0 ('About Cscape')...
[2026-09-09T01:46:36.555Z] [AGENT1-SUPERVISOR] Project Navigator visibility status: True
[2026-09-09T01:46:36.555Z] [AGENT1-SUPERVISOR] Capturing live screenshot proof for HWND=0x00A302DA...
[2026-09-09T01:46:37.033Z] [AGENT1-SUPERVISOR] Saved screenshot proof: C:\HornerAI\horner-cscape-mcp\artifacts\screenshots\live_cscape_tanklevel_visible.png (1300x636, 72007 bytes)
[2026-09-09T01:46:37.130Z] [AGENT1-SUPERVISOR] Saved screenshot proof: C:\Users\ArmandoSilva\artifacts\screenshots\live_cscape_tanklevel_visible.png (1300x636, 72007 bytes)
[2026-09-09T01:46:37.146Z] [AGENT1-SUPERVISOR] Updating gate files for PID=5064, HWND=0x00A302DA...
[2026-09-09T01:46:37.150Z] [AGENT1-SUPERVISOR] ================================================================================
[2026-09-09T01:46:37.150Z] [AGENT1-SUPERVISOR] CSCAPE VERIFIED VISIBLE ON INTERACTIVE DESKTOP: PID=5064, HWND=0x00A302DA
[2026-09-09T01:46:37.150Z] [AGENT1-SUPERVISOR] ================================================================================
[2026-09-09T01:47:20.428Z] [AGENT1-SUPERVISOR] ================================================================================
[2026-09-09T01:47:20.428Z] [AGENT1-SUPERVISOR] STARTING CSCAPE VISIBLE SETUP & VERIFICATION
[2026-09-09T01:47:20.428Z] [AGENT1-SUPERVISOR] ================================================================================
[2026-09-09T01:47:20.457Z] [AGENT1-SUPERVISOR] Killing any lingering Cscape processes...
[2026-09-09T01:47:22.123Z] [AGENT1-SUPERVISOR] Configuring registry keys for clean visible startup...
[2026-09-09T01:47:22.123Z] [AGENT1-SUPERVISOR] Registry keys successfully set.
[2026-09-09T01:47:22.123Z] [AGENT1-SUPERVISOR] Spawning Cscape visibly: "C:\Program Files (x86)\Cscape 10.2\Cscape.exe" "C:\HornerAI\horner-cscape-mcp\artifacts\projects\TankLevelClosedLoop\TankLevelClosedLoop.csp" (Cwd: C:\Program Files (x86)\Cscape 10.2)
[2026-09-09T01:47:22.125Z] [AGENT1-SUPERVISOR] CreateProcessW with breakaway failed, retrying without breakaway...
[2026-09-09T01:47:22.151Z] [AGENT1-SUPERVISOR] Successfully spawned Cscape PID=416
[2026-09-09T01:47:22.151Z] [AGENT1-SUPERVISOR] Monitoring startup and dialogs (up to 35 seconds)...
[2026-09-09T01:47:29.011Z] [AGENT1-SUPERVISOR] --------------------------------------------------------------------------------
[2026-09-09T01:47:29.011Z] [AGENT1-SUPERVISOR] Cscape Window Located: PID=416, HWND=0x0148010C, Title='Cscape - [TankLevelClosedLoop.csp]'
[2026-09-09T01:47:29.011Z] [AGENT1-SUPERVISOR] IsWindowVisible=True, IsWindowEnabled=True, IsHungAppWindow=False, HasProject=True
[2026-09-09T01:47:32.719Z] [AGENT1-SUPERVISOR] Dismissing splash dialog HWND=0x032A03E0 ('About Cscape')...
[2026-09-09T01:47:32.906Z] [AGENT1-SUPERVISOR] Project Navigator visibility status: True
[2026-09-09T01:47:32.908Z] [AGENT1-SUPERVISOR] Capturing live screenshot proof for HWND=0x0148010C...
[2026-09-09T01:47:33.281Z] [AGENT1-SUPERVISOR] Saved screenshot proof: C:\HornerAI\horner-cscape-mcp\artifacts\screenshots\live_cscape_tanklevel_visible.png (1300x636, 72007 bytes)
[2026-09-09T01:47:33.473Z] [AGENT1-SUPERVISOR] Saved screenshot proof: C:\Users\ArmandoSilva\artifacts\screenshots\live_cscape_tanklevel_visible.png (1300x636, 72007 bytes)
[2026-09-09T01:47:33.475Z] [AGENT1-SUPERVISOR] Updating gate files for PID=416, HWND=0x0148010C...
[2026-09-09T01:47:33.479Z] [AGENT1-SUPERVISOR] ================================================================================
[2026-09-09T01:47:33.479Z] [AGENT1-SUPERVISOR] CSCAPE VERIFIED VISIBLE ON INTERACTIVE DESKTOP: PID=416, HWND=0x0148010C
[2026-09-09T01:47:33.479Z] [AGENT1-SUPERVISOR] ================================================================================
[2026-09-09T01:47:33.481Z] [AGENT1-SUPERVISOR] Entering autonomous keepalive supervisor loop...
[2026-09-09T01:48:32.903Z] [AGENT1-SUPERVISOR] Watchdog health check cycle 30: PID=416, HWND=0x0148010C, Title='Cscape - Logged In : "armando@controlnautas.com" - [TankLevelClosedLoop.csp]'
[2026-09-09T01:49:33.659Z] [AGENT1-SUPERVISOR] Watchdog health check cycle 60: PID=416, HWND=0x0148010C, Title='Cscape - Logged In : "armando@controlnautas.com" - [TankLevelClosedLoop.csp]'
[2026-09-09T01:50:34.504Z] [AGENT1-SUPERVISOR] Watchdog health check cycle 90: PID=416, HWND=0x0148010C, Title='Cscape - Logged In : "armando@controlnautas.com" - [TankLevelClosedLoop.csp]'
[2026-09-09T01:51:35.215Z] [AGENT1-SUPERVISOR] Watchdog health check cycle 120: PID=416, HWND=0x0148010C, Title='Cscape - Logged In : "armando@controlnautas.com" - [TankLevelClosedLoop.csp]'
[2026-09-09T01:52:35.909Z] [AGENT1-SUPERVISOR] Watchdog health check cycle 150: PID=416, HWND=0x0148010C, Title='Cscape - Logged In : "armando@controlnautas.com" - [TankLevelClosedLoop.csp]'
[2026-09-09T01:53:38.310Z] [AGENT1-SUPERVISOR] Watchdog health check cycle 180: PID=416, HWND=0x0148010C, Title='Cscape - Logged In : "armando@controlnautas.com" - [TankLevelClosedLoop.csp]'
[2026-09-09T01:54:43.490Z] [AGENT1-SUPERVISOR] Watchdog health check cycle 210: PID=416, HWND=0x0148010C, Title='Cscape - Logged In : "armando@controlnautas.com" - [TankLevelClosedLoop.csp]'
[2026-09-09T01:55:47.731Z] [AGENT1-SUPERVISOR] Watchdog health check cycle 240: PID=416, HWND=0x0148010C, Title='Cscape - Logged In : "armando@controlnautas.com" - [TankLevelClosedLoop.csp]'
[2026-09-09T01:56:53.084Z] [AGENT1-SUPERVISOR] Watchdog health check cycle 270: PID=416, HWND=0x0148010C, Title='Cscape - Logged In : "armando@controlnautas.com" - [TankLevelClosedLoop.csp]'
[2026-09-09T01:57:57.622Z] [AGENT1-SUPERVISOR] Watchdog health check cycle 300: PID=416, HWND=0x0148010C, Title='Cscape - Logged In : "armando@controlnautas.com" - [TankLevelClosedLoop.csp]'
[2026-09-09T01:59:01.924Z] [AGENT1-SUPERVISOR] Watchdog health check cycle 330: PID=416, HWND=0x0148010C, Title='Cscape - Logged In : "armando@controlnautas.com" - [TankLevelClosedLoop.csp]'
[2026-09-09T02:00:02.717Z] [AGENT1-SUPERVISOR] Watchdog health check cycle 360: PID=416, HWND=0x0148010C, Title='Cscape - Logged In : "armando@controlnautas.com" - [TankLevelClosedLoop.csp]'
[2026-09-09T02:01:03.262Z] [AGENT1-SUPERVISOR] Watchdog health check cycle 390: PID=416, HWND=0x0148010C, Title='Cscape - Logged In : "armando@controlnautas.com" - [TankLevelClosedLoop.csp]'
[2026-09-09T02:02:05.099Z] [AGENT1-SUPERVISOR] Watchdog health check cycle 420: PID=416, HWND=0x0148010C, Title='Cscape - Logged In : "armando@controlnautas.com" - [TankLevelClosedLoop.csp]'
[2026-09-09T02:03:25.972Z] [AGENT1-SUPERVISOR] Watchdog health check cycle 450: PID=416, HWND=0x0148010C, Title='Cscape - Logged In : "armando@controlnautas.com" - [TankLevelClosedLoop.csp]'
[2026-09-09T02:04:34.215Z] [AGENT1-SUPERVISOR] Watchdog health check cycle 480: PID=416, HWND=0x0148010C, Title='Cscape - Logged In : "armando@controlnautas.com" - [TankLevelClosedLoop.csp]'
[2026-09-09T02:05:43.946Z] [AGENT1-SUPERVISOR] Watchdog health check cycle 510: PID=416, HWND=0x0148010C, Title='Cscape - Logged In : "armando@controlnautas.com" - [TankLevelClosedLoop.csp]'
[2026-09-09T02:06:45.120Z] [AGENT1-SUPERVISOR] Watchdog health check cycle 540: PID=416, HWND=0x0148010C, Title='Cscape - Logged In : "armando@controlnautas.com" - [TankLevelClosedLoop.csp]'
[2026-09-09T02:07:55.188Z] [AGENT1-SUPERVISOR] Watchdog health check cycle 570: PID=416, HWND=0x0148010C, Title='Cscape - Logged In : "armando@controlnautas.com" - [TankLevelClosedLoop.csp]'
[2026-09-09T02:09:04.129Z] [AGENT1-SUPERVISOR] Watchdog health check cycle 600: PID=416, HWND=0x0148010C, Title='Cscape - Logged In : "armando@controlnautas.com" - [TankLevelClosedLoop.csp]'
[2026-09-09T02:10:11.469Z] [AGENT1-SUPERVISOR] Watchdog health check cycle 630: PID=416, HWND=0x0148010C, Title='Cscape - Logged In : "armando@controlnautas.com" - [TankLevelClosedLoop.csp]'
[2026-09-09T02:11:21.048Z] [AGENT1-SUPERVISOR] Watchdog health check cycle 660: PID=416, HWND=0x0148010C, Title='Cscape - Logged In : "armando@controlnautas.com" - [TankLevelClosedLoop.csp]'
[2026-09-09T02:12:31.405Z] [AGENT1-SUPERVISOR] Watchdog health check cycle 690: PID=416, HWND=0x0148010C, Title='Cscape - Logged In : "armando@controlnautas.com" - [TankLevelClosedLoop.csp]'
[2026-09-09T02:13:37.555Z] [AGENT1-SUPERVISOR] Watchdog health check cycle 720: PID=416, HWND=0x0148010C, Title='Cscape - Logged In : "armando@controlnautas.com" - [TankLevelClosedLoop.csp]'
[2026-09-09T02:14:45.130Z] [AGENT1-SUPERVISOR] Watchdog health check cycle 750: PID=416, HWND=0x0148010C, Title='Cscape - Logged In : "armando@controlnautas.com" - [TankLevelClosedLoop.csp]'
[2026-09-09T02:15:54.752Z] [AGENT1-SUPERVISOR] Watchdog health check cycle 780: PID=416, HWND=0x0148010C, Title='Cscape - Logged In : "armando@controlnautas.com" - [TankLevelClosedLoop.csp]'
[2026-09-09T02:17:04.188Z] [AGENT1-SUPERVISOR] Watchdog health check cycle 810: PID=416, HWND=0x0148010C, Title='Cscape - Logged In : "armando@controlnautas.com" - [TankLevelClosedLoop.csp]'
[2026-09-09T02:18:07.596Z] [AGENT1-SUPERVISOR] Watchdog health check cycle 840: PID=416, HWND=0x0148010C, Title='Cscape - Logged In : "armando@controlnautas.com" - [TankLevelClosedLoop.csp]'
[2026-09-09T02:19:10.664Z] [AGENT1-SUPERVISOR] Watchdog health check cycle 870: PID=416, HWND=0x0148010C, Title='Cscape - Logged In : "armando@controlnautas.com" - [TankLevelClosedLoop.csp]'
[2026-09-09T02:20:13.132Z] [AGENT1-SUPERVISOR] Watchdog health check cycle 900: PID=416, HWND=0x0148010C, Title='Cscape - Logged In : "armando@controlnautas.com" - [TankLevelClosedLoop.csp]'
[2026-09-09T02:21:15.496Z] [AGENT1-SUPERVISOR] Watchdog health check cycle 930: PID=416, HWND=0x0148010C, Title='Cscape - Logged In : "armando@controlnautas.com" - [TankLevelClosedLoop.csp]'
[2026-09-09T02:22:17.961Z] [AGENT1-SUPERVISOR] Watchdog health check cycle 960: PID=416, HWND=0x0148010C, Title='Cscape - Logged In : "armando@controlnautas.com" - [TankLevelClosedLoop.csp]'
[2026-09-09T02:23:23.129Z] [AGENT1-SUPERVISOR] Watchdog health check cycle 990: PID=416, HWND=0x0148010C, Title='Cscape - Logged In : "armando@controlnautas.com" - [TankLevelClosedLoop.csp]'
[2026-09-09T02:24:26.284Z] [AGENT1-SUPERVISOR] Watchdog health check cycle 1020: PID=416, HWND=0x0148010C, Title='Cscape - Logged In : "armando@controlnautas.com" - [TankLevelClosedLoop.csp]'
[2026-09-09T02:25:28.598Z] [AGENT1-SUPERVISOR] Watchdog health check cycle 1050: PID=416, HWND=0x0148010C, Title='Cscape - Logged In : "armando@controlnautas.com" - [TankLevelClosedLoop.csp]'
[2026-09-09T02:26:31.099Z] [AGENT1-SUPERVISOR] Watchdog health check cycle 1080: PID=416, HWND=0x0148010C, Title='Cscape - Logged In : "armando@controlnautas.com" - [TankLevelClosedLoop.csp]'
[2026-09-09T02:27:33.876Z] [AGENT1-SUPERVISOR] Watchdog health check cycle 1110: PID=416, HWND=0x0148010C, Title='Cscape - Logged In : "armando@controlnautas.com" - [TankLevelClosedLoop.csp]'
[2026-09-09T02:28:36.372Z] [AGENT1-SUPERVISOR] Watchdog health check cycle 1140: PID=416, HWND=0x0148010C, Title='Cscape - Logged In : "armando@controlnautas.com" - [TankLevelClosedLoop.csp]'
[2026-09-09T02:29:38.978Z] [AGENT1-SUPERVISOR] Watchdog health check cycle 1170: PID=416, HWND=0x0148010C, Title='Cscape - Logged In : "armando@controlnautas.com" - [TankLevelClosedLoop.csp]'
[2026-09-09T02:30:41.064Z] [AGENT1-SUPERVISOR] Watchdog health check cycle 1200: PID=416, HWND=0x0148010C, Title='Cscape - Logged In : "armando@controlnautas.com" - [TankLevelClosedLoop.csp]'
[2026-09-09T02:31:55.942Z] [AGENT1-SUPERVISOR] Watchdog health check cycle 1230: PID=416, HWND=0x0148010C, Title='Cscape - Logged In : "armando@controlnautas.com" - [TankLevelClosedLoop.csp]'
[2026-09-09T02:32:58.942Z] [AGENT1-SUPERVISOR] Watchdog health check cycle 1260: PID=416, HWND=0x0148010C, Title='Cscape - Logged In : "armando@controlnautas.com" - [TankLevelClosedLoop.csp]'
[2026-09-09T02:33:59.779Z] [AGENT1-SUPERVISOR] Watchdog health check cycle 1290: PID=416, HWND=0x0148010C, Title='Cscape - Logged In : "armando@controlnautas.com" - [TankLevelClosedLoop.csp]'
[2026-09-09T02:35:02.426Z] [AGENT1-SUPERVISOR] Watchdog health check cycle 1320: PID=416, HWND=0x0148010C, Title='Cscape - Logged In : "armando@controlnautas.com" - [TankLevelClosedLoop.csp]'
[2026-09-09T02:36:03.601Z] [AGENT1-SUPERVISOR] Watchdog health check cycle 1350: PID=416, HWND=0x0148010C, Title='Cscape - Logged In : "armando@controlnautas.com" - [TankLevelClosedLoop.csp]'
[2026-09-09T02:37:04.639Z] [AGENT1-SUPERVISOR] Watchdog health check cycle 1380: PID=416, HWND=0x0148010C, Title='Cscape - Logged In : "armando@controlnautas.com" - [TankLevelClosedLoop.csp]'
[2026-09-09T02:38:05.674Z] [AGENT1-SUPERVISOR] Watchdog health check cycle 1410: PID=416, HWND=0x0148010C, Title='Cscape - Logged In : "armando@controlnautas.com" - [TankLevelClosedLoop.csp]'
[2026-09-09T02:39:08.191Z] [AGENT1-SUPERVISOR] Watchdog health check cycle 1440: PID=416, HWND=0x0148010C, Title='Cscape - Logged In : "armando@controlnautas.com" - [TankLevelClosedLoop.csp]'
[2026-09-09T02:40:10.875Z] [AGENT1-SUPERVISOR] Watchdog health check cycle 1470: PID=416, HWND=0x0148010C, Title='Cscape - Logged In : "armando@controlnautas.com" - [TankLevelClosedLoop.csp]'
[2026-09-09T07:14:21.585Z] [AGENT1-SUPERVISOR] ================================================================================
[2026-09-09T07:14:21.585Z] [AGENT1-SUPERVISOR] STARTING CSCAPE VISIBLE SETUP & VERIFICATION
[2026-09-09T07:14:21.585Z] [AGENT1-SUPERVISOR] ================================================================================
[2026-09-09T07:14:21.601Z] [AGENT1-SUPERVISOR] Killing any lingering Cscape processes...
[2026-09-09T07:14:22.879Z] [AGENT1-SUPERVISOR] Configuring registry keys for clean visible startup...
[2026-09-09T07:14:22.879Z] [AGENT1-SUPERVISOR] Registry keys successfully set.
[2026-09-09T07:14:22.881Z] [AGENT1-SUPERVISOR] Spawning Cscape visibly: "C:\Program Files (x86)\Cscape 10.2\Cscape.exe" "C:\HornerAI\horner-cscape-mcp\artifacts\projects\TankLevelClosedLoop\TankLevelClosedLoop.csp" (Cwd: C:\Program Files (x86)\Cscape 10.2)
[2026-09-09T07:14:22.911Z] [AGENT1-SUPERVISOR] Successfully spawned Cscape PID=16852
[2026-09-09T07:14:22.911Z] [AGENT1-SUPERVISOR] Monitoring startup and dialogs (up to 35 seconds)...
[2026-09-09T07:14:45.698Z] [AGENT1-SUPERVISOR] --------------------------------------------------------------------------------
[2026-09-09T07:14:45.699Z] [AGENT1-SUPERVISOR] Cscape Window Located: PID=16852, HWND=0x01B503BC, Title='Cscape - [TankLevelClosedLoop.csp]'
[2026-09-09T07:14:45.700Z] [AGENT1-SUPERVISOR] IsWindowVisible=True, IsWindowEnabled=True, IsHungAppWindow=False, HasProject=True
[2026-09-09T07:14:49.043Z] [AGENT1-SUPERVISOR] Dismissing splash dialog HWND=0x004604E8 ('About Cscape')...
[2026-09-09T07:14:49.193Z] [AGENT1-SUPERVISOR] Project Navigator visibility status: True
[2026-09-09T07:14:49.193Z] [AGENT1-SUPERVISOR] Capturing live screenshot proof for HWND=0x01B503BC...
[2026-09-09T07:14:49.725Z] [AGENT1-SUPERVISOR] Saved screenshot proof: C:\HornerAI\horner-cscape-mcp\artifacts\screenshots\live_cscape_tanklevel_visible.png (1300x636, 96500 bytes)
[2026-09-09T07:14:49.852Z] [AGENT1-SUPERVISOR] Saved screenshot proof: C:\Users\ArmandoSilva\artifacts\screenshots\live_cscape_tanklevel_visible.png (1300x636, 96500 bytes)
[2026-09-09T07:14:49.854Z] [AGENT1-SUPERVISOR] Updating gate files for PID=16852, HWND=0x01B503BC...
[2026-09-09T07:14:49.877Z] [AGENT1-SUPERVISOR] ================================================================================
[2026-09-09T07:14:49.877Z] [AGENT1-SUPERVISOR] CSCAPE VERIFIED VISIBLE ON INTERACTIVE DESKTOP: PID=16852, HWND=0x01B503BC
[2026-09-09T07:14:49.877Z] [AGENT1-SUPERVISOR] ================================================================================
[2026-09-09T07:16:32.490Z] [AGENT1-SUPERVISOR] ================================================================================
[2026-09-09T07:16:32.490Z] [AGENT1-SUPERVISOR] STARTING CSCAPE VISIBLE SETUP & VERIFICATION
[2026-09-09T07:16:32.490Z] [AGENT1-SUPERVISOR] ================================================================================
[2026-09-09T07:16:32.505Z] [AGENT1-SUPERVISOR] Killing any lingering Cscape processes...
[2026-09-09T07:16:34.164Z] [AGENT1-SUPERVISOR] Configuring registry keys for clean visible startup...
[2026-09-09T07:16:34.165Z] [AGENT1-SUPERVISOR] Registry keys successfully set.
[2026-09-09T07:16:34.165Z] [AGENT1-SUPERVISOR] Spawning Cscape visibly: "C:\Program Files (x86)\Cscape 10.2\Cscape.exe" "C:\HornerAI\horner-cscape-mcp\artifacts\projects\TankLevelClosedLoop\TankLevelClosedLoop.csp" (Cwd: C:\Program Files (x86)\Cscape 10.2)
[2026-09-09T07:16:34.207Z] [AGENT1-SUPERVISOR] Successfully spawned Cscape PID=18648
[2026-09-09T07:16:34.207Z] [AGENT1-SUPERVISOR] Monitoring startup and dialogs (up to 35 seconds)...
[2026-09-09T07:16:43.326Z] [AGENT1-SUPERVISOR] --------------------------------------------------------------------------------
[2026-09-09T07:16:43.328Z] [AGENT1-SUPERVISOR] Cscape Window Located: PID=18648, HWND=0x032F020E, Title='Cscape - [TankLevelClosedLoop.csp]'
[2026-09-09T07:16:43.328Z] [AGENT1-SUPERVISOR] IsWindowVisible=True, IsWindowEnabled=True, IsHungAppWindow=False, HasProject=True
[2026-09-09T07:16:47.651Z] [AGENT1-SUPERVISOR] Dismissing splash dialog HWND=0x00AD090A ('About Cscape')...
[2026-09-09T07:16:47.807Z] [AGENT1-SUPERVISOR] Project Navigator visibility status: True
[2026-09-09T07:16:47.809Z] [AGENT1-SUPERVISOR] Capturing live screenshot proof for HWND=0x032F020E...
[2026-09-09T07:16:48.271Z] [AGENT1-SUPERVISOR] Saved screenshot proof: C:\HornerAI\horner-cscape-mcp\artifacts\screenshots\live_cscape_tanklevel_visible.png (1300x636, 96500 bytes)
[2026-09-09T07:16:48.413Z] [AGENT1-SUPERVISOR] Saved screenshot proof: C:\Users\ArmandoSilva\artifacts\screenshots\live_cscape_tanklevel_visible.png (1300x636, 96500 bytes)
[2026-09-09T07:16:48.413Z] [AGENT1-SUPERVISOR] Updating gate files for PID=18648, HWND=0x032F020E...
[2026-09-09T07:16:48.431Z] [AGENT1-SUPERVISOR] ================================================================================
[2026-09-09T07:16:48.431Z] [AGENT1-SUPERVISOR] CSCAPE VERIFIED VISIBLE ON INTERACTIVE DESKTOP: PID=18648, HWND=0x032F020E
[2026-09-09T07:16:48.431Z] [AGENT1-SUPERVISOR] ================================================================================
[2026-09-09T07:16:48.498Z] [AGENT1-SUPERVISOR] Entering autonomous keepalive supervisor loop...
[2026-09-09T07:17:49.562Z] [AGENT1-SUPERVISOR] Watchdog health check cycle 30: PID=18648, HWND=0x032F020E, Title='Cscape - Logged In : "armando@controlnautas.com" - [TankLevelClosedLoop.csp]'
[2026-09-09T07:18:53.292Z] [AGENT1-SUPERVISOR] Watchdog health check cycle 60: PID=18648, HWND=0x032F020E, Title='Cscape - Logged In : "armando@controlnautas.com" - [TankLevelClosedLoop.csp]'
[2026-09-09T07:19:54.211Z] [AGENT1-SUPERVISOR] Watchdog health check cycle 90: PID=18648, HWND=0x032F020E, Title='Cscape - Logged In : "armando@controlnautas.com" - [TankLevelClosedLoop.csp]'
[2026-09-09T07:20:55.538Z] [AGENT1-SUPERVISOR] Watchdog health check cycle 120: PID=18648, HWND=0x032F020E, Title='Cscape - Logged In : "armando@controlnautas.com" - [TankLevelClosedLoop.csp]'
[2026-09-09T07:21:58.002Z] [AGENT1-SUPERVISOR] Watchdog health check cycle 150: PID=18648, HWND=0x032F020E, Title='Cscape - Logged In : "armando@controlnautas.com" - [TankLevelClosedLoop.csp]'
[2026-09-09T07:23:00.651Z] [AGENT1-SUPERVISOR] Watchdog health check cycle 180: PID=18648, HWND=0x032F020E, Title='Cscape - Logged In : "armando@controlnautas.com" - [TankLevelClosedLoop.csp]'
[2026-09-09T07:24:02.347Z] [AGENT1-SUPERVISOR] Watchdog health check cycle 210: PID=18648, HWND=0x032F020E, Title='Cscape - Logged In : "armando@controlnautas.com" - [TankLevelClosedLoop.csp]'
[2026-09-09T07:25:02.921Z] [AGENT1-SUPERVISOR] Watchdog health check cycle 240: PID=18648, HWND=0x032F020E, Title='Cscape - Logged In : "armando@controlnautas.com" - [TankLevelClosedLoop.csp]'
[2026-09-09T07:26:03.475Z] [AGENT1-SUPERVISOR] Watchdog health check cycle 270: PID=18648, HWND=0x032F020E, Title='Cscape - Logged In : "armando@controlnautas.com" - [TankLevelClosedLoop.csp]'
[2026-09-09T07:26:35.817Z] [AGENT1-SUPERVISOR] Cscape window HWND=0x032F020E reported hung. Starting 15s tolerance window...
[2026-09-09T07:26:47.973Z] [AGENT1-SUPERVISOR] Cscape PID=18648 exited and no active successor found! Relaunching...
[2026-09-09T07:26:47.976Z] [AGENT1-SUPERVISOR] ================================================================================
[2026-09-09T07:26:47.976Z] [AGENT1-SUPERVISOR] STARTING CSCAPE VISIBLE SETUP & VERIFICATION
[2026-09-09T07:26:47.976Z] [AGENT1-SUPERVISOR] ================================================================================
[2026-09-09T07:26:47.986Z] [AGENT1-SUPERVISOR] Killing any lingering Cscape processes...
[2026-09-09T07:26:49.535Z] [AGENT1-SUPERVISOR] Configuring registry keys for clean visible startup...
[2026-09-09T07:26:49.535Z] [AGENT1-SUPERVISOR] Registry keys successfully set.
[2026-09-09T07:26:49.537Z] [AGENT1-SUPERVISOR] Spawning Cscape visibly: "C:\Program Files (x86)\Cscape 10.2\Cscape.exe" "C:\HornerAI\horner-cscape-mcp\artifacts\projects\TankLevelClosedLoop\TankLevelClosedLoop.csp" (Cwd: C:\Program Files (x86)\Cscape 10.2)
[2026-09-09T07:26:49.549Z] [AGENT1-SUPERVISOR] Successfully spawned Cscape PID=20872
[2026-09-09T07:26:49.549Z] [AGENT1-SUPERVISOR] Monitoring startup and dialogs (up to 35 seconds)...
[2026-09-09T07:26:59.309Z] [AGENT1-SUPERVISOR] --------------------------------------------------------------------------------
[2026-09-09T07:26:59.309Z] [AGENT1-SUPERVISOR] Cscape Window Located: PID=20872, HWND=0x008C0296, Title='Cscape - [TankLevelClosedLoop.csp]'
[2026-09-09T07:26:59.309Z] [AGENT1-SUPERVISOR] IsWindowVisible=True, IsWindowEnabled=True, IsHungAppWindow=False, HasProject=True
[2026-09-09T07:27:03.418Z] [AGENT1-SUPERVISOR] Dismissing splash dialog HWND=0x01B20756 ('About Cscape')...
[2026-09-09T07:27:03.757Z] [AGENT1-SUPERVISOR] Project Navigator visibility status: True
[2026-09-09T07:27:03.789Z] [AGENT1-SUPERVISOR] Capturing live screenshot proof for HWND=0x008C0296...
[2026-09-09T07:27:04.002Z] [AGENT1-SUPERVISOR] Saved screenshot proof: C:\HornerAI\horner-cscape-mcp\artifacts\screenshots\live_cscape_tanklevel_visible.png (1300x636, 96524 bytes)
[2026-09-09T07:27:04.216Z] [AGENT1-SUPERVISOR] Saved screenshot proof: C:\Users\ArmandoSilva\artifacts\screenshots\live_cscape_tanklevel_visible.png (1300x636, 96524 bytes)
[2026-09-09T07:27:04.218Z] [AGENT1-SUPERVISOR] Updating gate files for PID=20872, HWND=0x008C0296...
[2026-09-09T07:27:04.223Z] [AGENT1-SUPERVISOR] ================================================================================
[2026-09-09T07:27:04.223Z] [AGENT1-SUPERVISOR] CSCAPE VERIFIED VISIBLE ON INTERACTIVE DESKTOP: PID=20872, HWND=0x008C0296
[2026-09-09T07:27:04.223Z] [AGENT1-SUPERVISOR] ================================================================================
[2026-09-09T07:27:21.160Z] [AGENT1-SUPERVISOR] Watchdog health check cycle 300: PID=20872, HWND=0x008C0296, Title='Cscape - Logged In : "armando@controlnautas.com" - [TankLevelClosedLoop.csp]'
[2026-09-09T07:28:23.818Z] [AGENT1-SUPERVISOR] Watchdog health check cycle 330: PID=20872, HWND=0x008C0296, Title='Cscape - Logged In : "armando@controlnautas.com" - [TankLevelClosedLoop.csp]'
[2026-09-09T07:29:28.007Z] [AGENT1-SUPERVISOR] Watchdog health check cycle 360: PID=20872, HWND=0x008C0296, Title='Cscape - Logged In : "armando@controlnautas.com" - [TankLevelClosedLoop.csp]'
[2026-09-09T07:30:29.136Z] [AGENT1-SUPERVISOR] Watchdog health check cycle 390: PID=20872, HWND=0x008C0296, Title='Cscape - Logged In : "armando@controlnautas.com" - [TankLevelClosedLoop.csp]'
[2026-09-09T07:31:29.805Z] [AGENT1-SUPERVISOR] Watchdog health check cycle 420: PID=20872, HWND=0x008C0296, Title='Cscape - Logged In : "armando@controlnautas.com" - [TankLevelClosedLoop.csp]'
[2026-09-09T08:13:31.544Z] [AGENT1-SUPERVISOR] ================================================================================
[2026-09-09T08:13:31.544Z] [AGENT1-SUPERVISOR] STARTING CSCAPE VISIBLE SETUP & VERIFICATION
[2026-09-09T08:13:31.544Z] [AGENT1-SUPERVISOR] ================================================================================
[2026-09-09T08:13:31.559Z] [AGENT1-SUPERVISOR] Killing any lingering Cscape processes...
[2026-09-09T08:13:32.822Z] [AGENT1-SUPERVISOR] Configuring registry keys for clean visible startup...
[2026-09-09T08:13:32.824Z] [AGENT1-SUPERVISOR] Registry keys successfully set.
[2026-09-09T08:13:32.824Z] [AGENT1-SUPERVISOR] Spawning Cscape visibly: "C:\Program Files (x86)\Cscape 10.2\Cscape.exe" "C:\HornerAI\horner-cscape-mcp\artifacts\projects\TankLevelClosedLoop\TankLevelClosedLoop.csp" (Cwd: C:\Program Files (x86)\Cscape 10.2)
[2026-09-09T08:13:32.825Z] [AGENT1-SUPERVISOR] CreateProcessW with breakaway failed, retrying without breakaway...
[2026-09-09T08:13:32.846Z] [AGENT1-SUPERVISOR] Successfully spawned Cscape PID=22152
[2026-09-09T08:13:32.846Z] [AGENT1-SUPERVISOR] Monitoring startup and dialogs (up to 35 seconds)...
[2026-09-09T08:13:40.499Z] [AGENT1-SUPERVISOR] --------------------------------------------------------------------------------
[2026-09-09T08:13:40.504Z] [AGENT1-SUPERVISOR] Cscape Window Located: PID=22152, HWND=0x010E0426, Title='Cscape - [TankLevelClosedLoop.csp]'
[2026-09-09T08:13:40.504Z] [AGENT1-SUPERVISOR] IsWindowVisible=True, IsWindowEnabled=True, IsHungAppWindow=False, HasProject=True
[2026-09-09T08:13:44.953Z] [AGENT1-SUPERVISOR] Dismissing splash dialog HWND=0x00960CA8 ('About Cscape')...
[2026-09-09T08:13:45.013Z] [AGENT1-SUPERVISOR] Project Navigator visibility status: True
[2026-09-09T08:13:45.013Z] [AGENT1-SUPERVISOR] Capturing live screenshot proof for HWND=0x010E0426...
[2026-09-09T08:13:45.721Z] [AGENT1-SUPERVISOR] Saved screenshot proof: C:\HornerAI\horner-cscape-mcp\artifacts\screenshots\live_cscape_tanklevel_visible.png (1300x636, 89693 bytes)
[2026-09-09T08:13:45.907Z] [AGENT1-SUPERVISOR] Saved screenshot proof: C:\Users\ArmandoSilva\artifacts\screenshots\live_cscape_tanklevel_visible.png (1300x636, 89693 bytes)
[2026-09-09T08:13:45.907Z] [AGENT1-SUPERVISOR] Updating gate files for PID=22152, HWND=0x010E0426...
[2026-09-09T08:13:45.922Z] [AGENT1-SUPERVISOR] ================================================================================
[2026-09-09T08:13:45.932Z] [AGENT1-SUPERVISOR] CSCAPE VERIFIED VISIBLE ON INTERACTIVE DESKTOP: PID=22152, HWND=0x010E0426
[2026-09-09T08:13:45.948Z] [AGENT1-SUPERVISOR] ================================================================================
[2026-09-09T08:17:58.216Z] [AGENT1-SUPERVISOR] ================================================================================
[2026-09-09T08:17:58.216Z] [AGENT1-SUPERVISOR] STARTING CSCAPE VISIBLE SETUP & VERIFICATION
[2026-09-09T08:17:58.216Z] [AGENT1-SUPERVISOR] ================================================================================
[2026-09-09T08:17:58.230Z] [AGENT1-SUPERVISOR] Killing any lingering Cscape processes...
[2026-09-09T08:17:59.474Z] [AGENT1-SUPERVISOR] Configuring registry keys for clean visible startup...
[2026-09-09T08:17:59.474Z] [AGENT1-SUPERVISOR] Registry keys successfully set.
[2026-09-09T08:17:59.476Z] [AGENT1-SUPERVISOR] Spawning Cscape visibly: "C:\Program Files (x86)\Cscape 10.2\Cscape.exe" "C:\HornerAI\horner-cscape-mcp\artifacts\projects\TankLevelClosedLoop\TankLevelClosedLoop.csp" (Cwd: C:\Program Files (x86)\Cscape 10.2)
[2026-09-09T08:17:59.476Z] [AGENT1-SUPERVISOR] CreateProcessW with breakaway failed, retrying without breakaway...
[2026-09-09T08:17:59.498Z] [AGENT1-SUPERVISOR] Successfully spawned Cscape PID=4552
[2026-09-09T08:17:59.498Z] [AGENT1-SUPERVISOR] Monitoring startup and dialogs (up to 35 seconds)...
[2026-09-09T08:18:06.895Z] [AGENT1-SUPERVISOR] --------------------------------------------------------------------------------
[2026-09-09T08:18:06.895Z] [AGENT1-SUPERVISOR] Cscape Window Located: PID=4552, HWND=0x002800C2, Title='Cscape - [TankLevelClosedLoop.csp]'
[2026-09-09T08:18:06.895Z] [AGENT1-SUPERVISOR] IsWindowVisible=True, IsWindowEnabled=True, IsHungAppWindow=False, HasProject=True
[2026-09-09T08:18:10.988Z] [AGENT1-SUPERVISOR] Dismissing splash dialog HWND=0x00A40C6C ('About Cscape')...
[2026-09-09T08:18:11.091Z] [AGENT1-SUPERVISOR] Project Navigator visibility status: True
[2026-09-09T08:18:11.091Z] [AGENT1-SUPERVISOR] Capturing live screenshot proof for HWND=0x002800C2...
[2026-09-09T08:18:11.453Z] [AGENT1-SUPERVISOR] Saved screenshot proof: C:\HornerAI\horner-cscape-mcp\artifacts\screenshots\live_cscape_tanklevel_visible.png (1300x636, 88289 bytes)
[2026-09-09T08:18:11.580Z] [AGENT1-SUPERVISOR] Saved screenshot proof: C:\Users\ArmandoSilva\artifacts\screenshots\live_cscape_tanklevel_visible.png (1300x636, 88289 bytes)
[2026-09-09T08:18:11.582Z] [AGENT1-SUPERVISOR] Updating gate files for PID=4552, HWND=0x002800C2...
[2026-09-09T08:18:11.617Z] [AGENT1-SUPERVISOR] ================================================================================
[2026-09-09T08:18:11.635Z] [AGENT1-SUPERVISOR] CSCAPE VERIFIED VISIBLE ON INTERACTIVE DESKTOP: PID=4552, HWND=0x002800C2
[2026-09-09T08:18:11.635Z] [AGENT1-SUPERVISOR] ================================================================================
[2026-09-09T08:18:19.915Z] [AGENT1-SUPERVISOR] ================================================================================
[2026-09-09T08:18:19.915Z] [AGENT1-SUPERVISOR] STARTING CSCAPE VISIBLE SETUP & VERIFICATION
[2026-09-09T08:18:19.915Z] [AGENT1-SUPERVISOR] ================================================================================
[2026-09-09T08:18:19.931Z] [AGENT1-SUPERVISOR] Killing any lingering Cscape processes...
[2026-09-09T08:18:21.120Z] [AGENT1-SUPERVISOR] Configuring registry keys for clean visible startup...
[2026-09-09T08:18:21.122Z] [AGENT1-SUPERVISOR] Registry keys successfully set.
[2026-09-09T08:18:21.122Z] [AGENT1-SUPERVISOR] Spawning Cscape visibly: "C:\Program Files (x86)\Cscape 10.2\Cscape.exe" "C:\HornerAI\horner-cscape-mcp\artifacts\projects\TankLevelClosedLoop\TankLevelClosedLoop.csp" (Cwd: C:\Program Files (x86)\Cscape 10.2)
[2026-09-09T08:18:21.123Z] [AGENT1-SUPERVISOR] CreateProcessW with breakaway failed, retrying without breakaway...
[2026-09-09T08:18:21.140Z] [AGENT1-SUPERVISOR] Successfully spawned Cscape PID=19844
[2026-09-09T08:18:21.142Z] [AGENT1-SUPERVISOR] Monitoring startup and dialogs (up to 35 seconds)...
[2026-09-09T08:18:29.498Z] [AGENT1-SUPERVISOR] --------------------------------------------------------------------------------
[2026-09-09T08:18:29.503Z] [AGENT1-SUPERVISOR] Cscape Window Located: PID=19844, HWND=0x02A503DC, Title='Cscape - [TankLevelClosedLoop.csp]'
[2026-09-09T08:18:29.505Z] [AGENT1-SUPERVISOR] IsWindowVisible=True, IsWindowEnabled=True, IsHungAppWindow=False, HasProject=True
[2026-09-09T08:18:34.400Z] [AGENT1-SUPERVISOR] Dismissing splash dialog HWND=0x00D20ACE ('About Cscape')...
[2026-09-09T08:18:34.494Z] [AGENT1-SUPERVISOR] Project Navigator visibility status: True
[2026-09-09T08:18:34.515Z] [AGENT1-SUPERVISOR] Capturing live screenshot proof for HWND=0x02A503DC...
[2026-09-09T08:18:34.852Z] [AGENT1-SUPERVISOR] Saved screenshot proof: C:\HornerAI\horner-cscape-mcp\artifacts\screenshots\live_cscape_tanklevel_visible.png (1300x636, 89693 bytes)
[2026-09-09T08:18:34.956Z] [AGENT1-SUPERVISOR] Saved screenshot proof: C:\Users\ArmandoSilva\artifacts\screenshots\live_cscape_tanklevel_visible.png (1300x636, 89693 bytes)
[2026-09-09T08:18:34.970Z] [AGENT1-SUPERVISOR] Updating gate files for PID=19844, HWND=0x02A503DC...
[2026-09-09T08:18:34.979Z] [AGENT1-SUPERVISOR] ================================================================================
[2026-09-09T08:18:34.979Z] [AGENT1-SUPERVISOR] CSCAPE VERIFIED VISIBLE ON INTERACTIVE DESKTOP: PID=19844, HWND=0x02A503DC
[2026-09-09T08:18:34.985Z] [AGENT1-SUPERVISOR] ================================================================================
[2026-09-09T08:18:34.985Z] [AGENT1-SUPERVISOR] Entering autonomous keepalive supervisor loop...
[2026-09-09T08:19:36.327Z] [AGENT1-SUPERVISOR] Watchdog health check cycle 30: PID=19844, HWND=0x02A503DC, Title='Cscape - Logged In : "armando@controlnautas.com" - [TankLevelClosedLoop.csp]'
[2026-09-09T08:20:40.025Z] [AGENT1-SUPERVISOR] Watchdog health check cycle 60: PID=19844, HWND=0x02A503DC, Title='Cscape - Logged In : "armando@controlnautas.com" - [TankLevelClosedLoop.csp]'
[2026-09-09T08:21:43.961Z] [AGENT1-SUPERVISOR] Watchdog health check cycle 90: PID=19844, HWND=0x02A503DC, Title='Cscape - Logged In : "armando@controlnautas.com" - [TankLevelClosedLoop.csp]'
[2026-09-09T08:22:47.559Z] [AGENT1-SUPERVISOR] Watchdog health check cycle 120: PID=19844, HWND=0x02A503DC, Title='Cscape - Logged In : "armando@controlnautas.com" - [TankLevelClosedLoop.csp]'
[2026-09-09T08:23:51.570Z] [AGENT1-SUPERVISOR] Watchdog health check cycle 150: PID=19844, HWND=0x02A503DC, Title='Cscape - Logged In : "armando@controlnautas.com" - [TankLevelClosedLoop.csp]'
[2026-09-09T08:24:54.984Z] [AGENT1-SUPERVISOR] Watchdog health check cycle 180: PID=19844, HWND=0x02A503DC, Title='Cscape - Logged In : "armando@controlnautas.com" - [TankLevelClosedLoop.csp]'
[2026-09-09T08:25:55.427Z] [AGENT1-SUPERVISOR] Watchdog health check cycle 210: PID=19844, HWND=0x02A503DC, Title='Cscape - Logged In : "armando@controlnautas.com" - [TankLevelClosedLoop.csp]'
[2026-09-09T08:26:58.652Z] [AGENT1-SUPERVISOR] Watchdog health check cycle 240: PID=19844, HWND=0x02A503DC, Title='Cscape - Logged In : "armando@controlnautas.com" - [TankLevelClosedLoop.csp]'
[2026-09-09T08:27:05.862Z] [AGENT1-SUPERVISOR] Saved screenshot proof: C:\HornerAI\horner-cscape-mcp\artifacts\screenshots\live_cscape_tanklevel_visible.png (1296x584, 93404 bytes)
[2026-09-09T08:27:05.933Z] [AGENT1-SUPERVISOR] Saved screenshot proof: C:\Users\ArmandoSilva\artifacts\screenshots\live_cscape_tanklevel_visible.png (1296x584, 93404 bytes)
[2026-09-09T08:28:02.123Z] [AGENT1-SUPERVISOR] Watchdog health check cycle 270: PID=19844, HWND=0x02A503DC, Title='Cscape - Logged In : "armando@controlnautas.com" - [TankLevelClosedLoop.csp]'
[2026-09-09T08:28:06.312Z] [AGENT1-SUPERVISOR] Saved screenshot proof: C:\HornerAI\horner-cscape-mcp\artifacts\screenshots\live_cscape_tanklevel_visible.png (1296x584, 93934 bytes)
[2026-09-09T08:28:06.399Z] [AGENT1-SUPERVISOR] Saved screenshot proof: C:\Users\ArmandoSilva\artifacts\screenshots\live_cscape_tanklevel_visible.png (1296x584, 93934 bytes)
[2026-09-09T08:29:05.492Z] [AGENT1-SUPERVISOR] Watchdog health check cycle 300: PID=19844, HWND=0x02A503DC, Title='Cscape - Logged In : "armando@controlnautas.com" - [TankLevelClosedLoop.csp]'
[2026-09-09T08:29:44.869Z] [AGENT1-SUPERVISOR] Saved screenshot proof: C:\HornerAI\horner-cscape-mcp\artifacts\screenshots\live_cscape_tanklevel_visible.png (1296x584, 94425 bytes)
[2026-09-09T08:29:44.907Z] [AGENT1-SUPERVISOR] Saved screenshot proof: C:\Users\ArmandoSilva\artifacts\screenshots\live_cscape_tanklevel_visible.png (1296x584, 94425 bytes)
[2026-09-09T08:30:06.929Z] [AGENT1-SUPERVISOR] Watchdog health check cycle 330: PID=19844, HWND=0x02A503DC, Title='Cscape - Logged In : "armando@controlnautas.com" - [TankLevelClosedLoop.csp]'
[2026-09-09T08:30:37.085Z] [AGENT1-SUPERVISOR] Saved screenshot proof: C:\HornerAI\horner-cscape-mcp\artifacts\screenshots\live_cscape_tanklevel_visible.png (1296x584, 94767 bytes)
[2026-09-09T08:30:37.121Z] [AGENT1-SUPERVISOR] Saved screenshot proof: C:\Users\ArmandoSilva\artifacts\screenshots\live_cscape_tanklevel_visible.png (1296x584, 94767 bytes)
[2026-09-09T08:31:09.814Z] [AGENT1-SUPERVISOR] Watchdog health check cycle 360: PID=19844, HWND=0x02A503DC, Title='Cscape - Logged In : "armando@controlnautas.com" - [TankLevelClosedLoop.csp]'
[2026-09-09T08:32:13.249Z] [AGENT1-SUPERVISOR] Watchdog health check cycle 390: PID=19844, HWND=0x02A503DC, Title='Cscape - Logged In : "armando@controlnautas.com" - [TankLevelClosedLoop.csp]'
[2026-09-09T08:33:15.639Z] [AGENT1-SUPERVISOR] Watchdog health check cycle 420: PID=19844, HWND=0x02A503DC, Title='Cscape - Logged In : "armando@controlnautas.com" - [TankLevelClosedLoop.csp]'
[2026-09-09T08:34:16.909Z] [AGENT1-SUPERVISOR] Watchdog health check cycle 450: PID=19844, HWND=0x02A503DC, Title='Cscape - Logged In : "armando@controlnautas.com" - [TankLevelClosedLoop.csp]'
[2026-09-09T08:35:18.463Z] [AGENT1-SUPERVISOR] Watchdog health check cycle 480: PID=19844, HWND=0x02A503DC, Title='Cscape - Logged In : "armando@controlnautas.com" - [TankLevelClosedLoop.csp]'
[2026-09-09T08:36:19.858Z] [AGENT1-SUPERVISOR] Watchdog health check cycle 510: PID=19844, HWND=0x02A503DC, Title='Cscape - Logged In : "armando@controlnautas.com" - [TankLevelClosedLoop.csp]'
[2026-09-09T08:37:21.257Z] [AGENT1-SUPERVISOR] Watchdog health check cycle 540: PID=19844, HWND=0x02A503DC, Title='Cscape - Logged In : "armando@controlnautas.com" - [TankLevelClosedLoop.csp]'
[2026-09-09T08:38:22.900Z] [AGENT1-SUPERVISOR] Watchdog health check cycle 570: PID=19844, HWND=0x02A503DC, Title='Cscape - Logged In : "armando@controlnautas.com" - [TankLevelClosedLoop.csp]'
[2026-09-09T08:39:24.501Z] [AGENT1-SUPERVISOR] Watchdog health check cycle 600: PID=19844, HWND=0x02A503DC, Title='Cscape - Logged In : "armando@controlnautas.com" - [TankLevelClosedLoop.csp]'
[2026-09-09T08:40:25.227Z] [AGENT1-SUPERVISOR] Watchdog health check cycle 630: PID=19844, HWND=0x02A503DC, Title='Cscape - Logged In : "armando@controlnautas.com" - [TankLevelClosedLoop.csp]'
[2026-09-09T08:41:25.653Z] [AGENT1-SUPERVISOR] Watchdog health check cycle 660: PID=19844, HWND=0x02A503DC, Title='Cscape - Logged In : "armando@controlnautas.com" - [TankLevelClosedLoop.csp]'
[2026-09-09T08:42:26.150Z] [AGENT1-SUPERVISOR] Watchdog health check cycle 690: PID=19844, HWND=0x02A503DC, Title='Cscape - Logged In : "armando@controlnautas.com" - [TankLevelClosedLoop.csp]'
[2026-09-09T08:43:27.694Z] [AGENT1-SUPERVISOR] Watchdog health check cycle 720: PID=19844, HWND=0x02A503DC, Title='Cscape - Logged In : "armando@controlnautas.com" - [TankLevelClosedLoop.csp]'
[2026-09-09T08:44:29.412Z] [AGENT1-SUPERVISOR] Watchdog health check cycle 750: PID=19844, HWND=0x02A503DC, Title='Cscape - Logged In : "armando@controlnautas.com" - [TankLevelClosedLoop.csp]'
[2026-09-09T08:45:30.918Z] [AGENT1-SUPERVISOR] Watchdog health check cycle 780: PID=19844, HWND=0x02A503DC, Title='Cscape - Logged In : "armando@controlnautas.com" - [TankLevelClosedLoop.csp]'
[2026-09-09T08:46:32.645Z] [AGENT1-SUPERVISOR] Watchdog health check cycle 810: PID=19844, HWND=0x02A503DC, Title='Cscape - Logged In : "armando@controlnautas.com" - [TankLevelClosedLoop.csp]'
[2026-09-09T08:47:34.107Z] [AGENT1-SUPERVISOR] Watchdog health check cycle 840: PID=19844, HWND=0x02A503DC, Title='Cscape - Logged In : "armando@controlnautas.com" - [TankLevelClosedLoop.csp]'
[2026-09-09T08:48:35.533Z] [AGENT1-SUPERVISOR] Watchdog health check cycle 870: PID=19844, HWND=0x02A503DC, Title='Cscape - Logged In : "armando@controlnautas.com" - [TankLevelClosedLoop.csp]'
[2026-09-09T08:49:37.010Z] [AGENT1-SUPERVISOR] Watchdog health check cycle 900: PID=19844, HWND=0x02A503DC, Title='Cscape - Logged In : "armando@controlnautas.com" - [TankLevelClosedLoop.csp]'
[2026-09-09T08:50:38.463Z] [AGENT1-SUPERVISOR] Watchdog health check cycle 930: PID=19844, HWND=0x02A503DC, Title='Cscape - Logged In : "armando@controlnautas.com" - [TankLevelClosedLoop.csp]'
[2026-09-09T08:51:39.785Z] [AGENT1-SUPERVISOR] Watchdog health check cycle 960: PID=19844, HWND=0x02A503DC, Title='Cscape - Logged In : "armando@controlnautas.com" - [TankLevelClosedLoop.csp]'
[2026-09-09T08:52:41.776Z] [AGENT1-SUPERVISOR] Watchdog health check cycle 990: PID=19844, HWND=0x02A503DC, Title='Cscape - Logged In : "armando@controlnautas.com" - [TankLevelClosedLoop.csp]'
[2026-09-09T08:53:43.547Z] [AGENT1-SUPERVISOR] Watchdog health check cycle 1020: PID=19844, HWND=0x02A503DC, Title='Cscape - Logged In : "armando@controlnautas.com" - [TankLevelClosedLoop.csp]'
[2026-09-09T08:54:44.432Z] [AGENT1-SUPERVISOR] Watchdog health check cycle 1050: PID=19844, HWND=0x02A503DC, Title='Cscape - Logged In : "armando@controlnautas.com" - [TankLevelClosedLoop.csp]'
[2026-09-09T08:55:45.184Z] [AGENT1-SUPERVISOR] Watchdog health check cycle 1080: PID=19844, HWND=0x02A503DC, Title='Cscape - Logged In : "armando@controlnautas.com" - [TankLevelClosedLoop.csp]'
[2026-09-09T08:56:45.509Z] [AGENT1-SUPERVISOR] Watchdog health check cycle 1110: PID=19844, HWND=0x02A503DC, Title='Cscape - Logged In : "armando@controlnautas.com" - [TankLevelClosedLoop.csp]'
[2026-09-09T08:57:45.820Z] [AGENT1-SUPERVISOR] Watchdog health check cycle 1140: PID=19844, HWND=0x02A503DC, Title='Cscape - Logged In : "armando@controlnautas.com" - [TankLevelClosedLoop.csp]'
[2026-09-09T09:07:32.883Z] [AGENT1-SUPERVISOR] Saved screenshot proof: C:\HornerAI\horner-cscape-mcp\artifacts\screenshots\live_cscape_tanklevel_visible.png (1300x636, 94710 bytes)
[2026-09-09T09:07:33.038Z] [AGENT1-SUPERVISOR] Saved screenshot proof: C:\Users\ArmandoSilva\artifacts\screenshots\live_cscape_tanklevel_visible.png (1300x636, 94710 bytes)
[2026-09-09T09:07:48.319Z] [AGENT1-SUPERVISOR] Saved screenshot proof: C:\HornerAI\horner-cscape-mcp\artifacts\screenshots\live_cscape_tanklevel_visible.png (1300x636, 95734 bytes)
[2026-09-09T09:07:48.450Z] [AGENT1-SUPERVISOR] Saved screenshot proof: C:\Users\ArmandoSilva\artifacts\screenshots\live_cscape_tanklevel_visible.png (1300x636, 95734 bytes)
[2026-09-09T09:08:19.650Z] [AGENT1-SUPERVISOR] Saved screenshot proof: C:\HornerAI\horner-cscape-mcp\artifacts\screenshots\live_cscape_tanklevel_visible.png (1300x636, 95734 bytes)
[2026-09-09T09:08:19.792Z] [AGENT1-SUPERVISOR] Saved screenshot proof: C:\Users\ArmandoSilva\artifacts\screenshots\live_cscape_tanklevel_visible.png (1300x636, 95734 bytes)
[2026-09-09T09:08:53.080Z] [AGENT1-SUPERVISOR] Saved screenshot proof: C:\HornerAI\horner-cscape-mcp\artifacts\screenshots\live_cscape_tanklevel_visible.png (1300x636, 95001 bytes)
[2026-09-09T09:08:53.263Z] [AGENT1-SUPERVISOR] Saved screenshot proof: C:\Users\ArmandoSilva\artifacts\screenshots\live_cscape_tanklevel_visible.png (1300x636, 95001 bytes)
[2026-09-09T09:09:51.783Z] [AGENT1-SUPERVISOR] Saved screenshot proof: C:\HornerAI\horner-cscape-mcp\artifacts\screenshots\live_cscape_tanklevel_visible.png (1300x636, 98556 bytes)
[2026-09-09T09:09:51.922Z] [AGENT1-SUPERVISOR] Saved screenshot proof: C:\Users\ArmandoSilva\artifacts\screenshots\live_cscape_tanklevel_visible.png (1300x636, 98556 bytes)
[2026-09-09T09:10:13.102Z] [AGENT1-SUPERVISOR] Saved screenshot proof: C:\HornerAI\horner-cscape-mcp\artifacts\screenshots\live_cscape_tanklevel_visible.png (1300x636, 95001 bytes)
[2026-09-09T09:10:13.209Z] [AGENT1-SUPERVISOR] Saved screenshot proof: C:\Users\ArmandoSilva\artifacts\screenshots\live_cscape_tanklevel_visible.png (1300x636, 95001 bytes)
[2026-09-09T09:10:33.920Z] [AGENT1-SUPERVISOR] Saved screenshot proof: C:\HornerAI\horner-cscape-mcp\artifacts\screenshots\live_cscape_tanklevel_visible.png (1300x636, 98556 bytes)
[2026-09-09T09:10:34.045Z] [AGENT1-SUPERVISOR] Saved screenshot proof: C:\Users\ArmandoSilva\artifacts\screenshots\live_cscape_tanklevel_visible.png (1300x636, 98556 bytes)
[2026-09-09T09:12:41.893Z] [AGENT1-SUPERVISOR] Saved screenshot proof: C:\HornerAI\horner-cscape-mcp\artifacts\screenshots\live_cscape_tanklevel_visible.png (1300x636, 98387 bytes)
[2026-09-09T09:12:42.161Z] [AGENT1-SUPERVISOR] Saved screenshot proof: C:\Users\ArmandoSilva\artifacts\screenshots\live_cscape_tanklevel_visible.png (1300x636, 98387 bytes)
[2026-09-09T09:13:18.577Z] [AGENT1-SUPERVISOR] Saved screenshot proof: C:\HornerAI\horner-cscape-mcp\artifacts\screenshots\live_cscape_tanklevel_visible.png (1300x636, 100393 bytes)
[2026-09-09T09:13:18.662Z] [AGENT1-SUPERVISOR] Saved screenshot proof: C:\Users\ArmandoSilva\artifacts\screenshots\live_cscape_tanklevel_visible.png (1300x636, 100393 bytes)
[2026-09-09T09:13:41.926Z] [AGENT1-SUPERVISOR] Saved screenshot proof: C:\HornerAI\horner-cscape-mcp\artifacts\screenshots\live_cscape_tanklevel_visible.png (1300x636, 100388 bytes)
[2026-09-09T09:13:42.138Z] [AGENT1-SUPERVISOR] Saved screenshot proof: C:\Users\ArmandoSilva\artifacts\screenshots\live_cscape_tanklevel_visible.png (1300x636, 100388 bytes)
[2026-09-09T09:14:12.073Z] [AGENT1-SUPERVISOR] Saved screenshot proof: C:\HornerAI\horner-cscape-mcp\artifacts\screenshots\live_cscape_tanklevel_visible.png (1300x636, 100392 bytes)
[2026-09-09T09:14:12.220Z] [AGENT1-SUPERVISOR] Saved screenshot proof: C:\Users\ArmandoSilva\artifacts\screenshots\live_cscape_tanklevel_visible.png (1300x636, 100392 bytes)
[2026-09-09T09:14:45.977Z] [AGENT1-SUPERVISOR] Saved screenshot proof: C:\HornerAI\horner-cscape-mcp\artifacts\screenshots\live_cscape_tanklevel_visible.png (1300x636, 100298 bytes)
[2026-09-09T09:14:46.228Z] [AGENT1-SUPERVISOR] Saved screenshot proof: C:\Users\ArmandoSilva\artifacts\screenshots\live_cscape_tanklevel_visible.png (1300x636, 100298 bytes)
[2026-09-09T09:15:17.040Z] [AGENT1-SUPERVISOR] Saved screenshot proof: C:\HornerAI\horner-cscape-mcp\artifacts\screenshots\live_cscape_tanklevel_visible.png (1300x636, 100311 bytes)
[2026-09-09T09:15:17.202Z] [AGENT1-SUPERVISOR] Saved screenshot proof: C:\Users\ArmandoSilva\artifacts\screenshots\live_cscape_tanklevel_visible.png (1300x636, 100311 bytes)
[2026-09-09T09:16:35.053Z] [AGENT1-SUPERVISOR] Saved screenshot proof: C:\HornerAI\horner-cscape-mcp\artifacts\screenshots\live_cscape_tanklevel_visible.png (1300x636, 101001 bytes)
[2026-09-09T09:16:35.109Z] [AGENT1-SUPERVISOR] Saved screenshot proof: C:\Users\ArmandoSilva\artifacts\screenshots\live_cscape_tanklevel_visible.png (1300x636, 101001 bytes)
[2026-09-09T09:16:57.326Z] [AGENT1-SUPERVISOR] Saved screenshot proof: C:\HornerAI\horner-cscape-mcp\artifacts\screenshots\live_cscape_tanklevel_visible.png (1300x636, 101001 bytes)
[2026-09-09T09:16:57.369Z] [AGENT1-SUPERVISOR] Saved screenshot proof: C:\Users\ArmandoSilva\artifacts\screenshots\live_cscape_tanklevel_visible.png (1300x636, 101001 bytes)
[2026-09-09T09:17:08.799Z] [AGENT1-SUPERVISOR] Saved screenshot proof: C:\HornerAI\horner-cscape-mcp\artifacts\screenshots\live_cscape_tanklevel_visible.png (1300x636, 101001 bytes)
[2026-09-09T09:17:08.838Z] [AGENT1-SUPERVISOR] Saved screenshot proof: C:\Users\ArmandoSilva\artifacts\screenshots\live_cscape_tanklevel_visible.png (1300x636, 101001 bytes)
[2026-09-09T09:18:09.079Z] [AGENT1-SUPERVISOR] Saved screenshot proof: C:\HornerAI\horner-cscape-mcp\artifacts\screenshots\live_cscape_tanklevel_visible.png (1300x636, 100617 bytes)
[2026-09-09T09:18:09.128Z] [AGENT1-SUPERVISOR] Saved screenshot proof: C:\Users\ArmandoSilva\artifacts\screenshots\live_cscape_tanklevel_visible.png (1300x636, 100617 bytes)
[2026-09-09T09:18:26.118Z] [AGENT1-SUPERVISOR] Saved screenshot proof: C:\HornerAI\horner-cscape-mcp\artifacts\screenshots\live_cscape_tanklevel_visible.png (1300x636, 100617 bytes)
[2026-09-09T09:18:26.147Z] [AGENT1-SUPERVISOR] Saved screenshot proof: C:\Users\ArmandoSilva\artifacts\screenshots\live_cscape_tanklevel_visible.png (1300x636, 100617 bytes)
[2026-09-09T09:18:38.629Z] [AGENT1-SUPERVISOR] Saved screenshot proof: C:\HornerAI\horner-cscape-mcp\artifacts\screenshots\live_cscape_tanklevel_visible.png (1300x636, 100617 bytes)
[2026-09-09T09:18:38.670Z] [AGENT1-SUPERVISOR] Saved screenshot proof: C:\Users\ArmandoSilva\artifacts\screenshots\live_cscape_tanklevel_visible.png (1300x636, 100617 bytes)
[2026-09-09T09:18:45.466Z] [AGENT1-SUPERVISOR] Saved screenshot proof: C:\HornerAI\horner-cscape-mcp\artifacts\screenshots\live_cscape_tanklevel_visible.png (1300x636, 100617 bytes)
[2026-09-09T09:18:45.517Z] [AGENT1-SUPERVISOR] Saved screenshot proof: C:\Users\ArmandoSilva\artifacts\screenshots\live_cscape_tanklevel_visible.png (1300x636, 100617 bytes)
[2026-09-09T09:18:58.885Z] [AGENT1-SUPERVISOR] Saved screenshot proof: C:\HornerAI\horner-cscape-mcp\artifacts\screenshots\live_cscape_tanklevel_visible.png (1300x636, 100617 bytes)
[2026-09-09T09:18:58.929Z] [AGENT1-SUPERVISOR] Saved screenshot proof: C:\Users\ArmandoSilva\artifacts\screenshots\live_cscape_tanklevel_visible.png (1300x636, 100617 bytes)
[2026-09-09T09:19:06.734Z] [AGENT1-SUPERVISOR] Saved screenshot proof: C:\HornerAI\horner-cscape-mcp\artifacts\screenshots\live_cscape_tanklevel_visible.png (1300x636, 100617 bytes)
[2026-09-09T09:19:06.776Z] [AGENT1-SUPERVISOR] Saved screenshot proof: C:\Users\ArmandoSilva\artifacts\screenshots\live_cscape_tanklevel_visible.png (1300x636, 100617 bytes)
[2026-09-09T09:19:14.960Z] [AGENT1-SUPERVISOR] Saved screenshot proof: C:\HornerAI\horner-cscape-mcp\artifacts\screenshots\live_cscape_tanklevel_visible.png (1300x636, 100987 bytes)
[2026-09-09T09:19:15.008Z] [AGENT1-SUPERVISOR] Saved screenshot proof: C:\Users\ArmandoSilva\artifacts\screenshots\live_cscape_tanklevel_visible.png (1300x636, 100987 bytes)
[2026-09-09T09:19:26.077Z] [AGENT1-SUPERVISOR] Saved screenshot proof: C:\HornerAI\horner-cscape-mcp\artifacts\screenshots\live_cscape_tanklevel_visible.png (1300x636, 100987 bytes)
[2026-09-09T09:19:26.121Z] [AGENT1-SUPERVISOR] Saved screenshot proof: C:\Users\ArmandoSilva\artifacts\screenshots\live_cscape_tanklevel_visible.png (1300x636, 100987 bytes)
[2026-09-09T09:19:33.149Z] [AGENT1-SUPERVISOR] Saved screenshot proof: C:\HornerAI\horner-cscape-mcp\artifacts\screenshots\live_cscape_tanklevel_visible.png (1300x636, 100490 bytes)
[2026-09-09T09:19:33.210Z] [AGENT1-SUPERVISOR] Saved screenshot proof: C:\Users\ArmandoSilva\artifacts\screenshots\live_cscape_tanklevel_visible.png (1300x636, 100490 bytes)
[2026-09-09T09:20:05.126Z] [AGENT1-SUPERVISOR] Saved screenshot proof: C:\HornerAI\horner-cscape-mcp\artifacts\screenshots\live_cscape_tanklevel_visible.png (1300x636, 100564 bytes)
[2026-09-09T09:20:05.202Z] [AGENT1-SUPERVISOR] Saved screenshot proof: C:\Users\ArmandoSilva\artifacts\screenshots\live_cscape_tanklevel_visible.png (1300x636, 100564 bytes)
[2026-09-09T09:20:22.500Z] [AGENT1-SUPERVISOR] Killing any lingering Cscape processes...
[2026-09-09T09:20:22.516Z] [AGENT1-SUPERVISOR] Terminating Cscape PID 12440...
[2026-09-09T09:20:25.171Z] [AGENT1-SUPERVISOR] ================================================================================
[2026-09-09T09:20:25.171Z] [AGENT1-SUPERVISOR] STARTING CSCAPE VISIBLE SETUP & VERIFICATION
[2026-09-09T09:20:25.171Z] [AGENT1-SUPERVISOR] ================================================================================
[2026-09-09T09:20:25.186Z] [AGENT1-SUPERVISOR] Killing any lingering Cscape processes...
[2026-09-09T09:20:26.365Z] [AGENT1-SUPERVISOR] Configuring registry keys for clean visible startup...
[2026-09-09T09:20:26.366Z] [AGENT1-SUPERVISOR] Registry keys successfully set.
[2026-09-09T09:20:26.368Z] [AGENT1-SUPERVISOR] Spawning Cscape visibly: "C:\Program Files (x86)\Cscape 10.2\Cscape.exe" "C:\HornerAI\horner-cscape-mcp\artifacts\projects\TankLevelClosedLoop\TankLevelClosedLoop.csp" (Cwd: C:\Program Files (x86)\Cscape 10.2)
[2026-09-09T09:20:26.368Z] [AGENT1-SUPERVISOR] CreateProcessW with breakaway failed, retrying without breakaway...
[2026-09-09T09:20:26.399Z] [AGENT1-SUPERVISOR] Successfully spawned Cscape PID=20180
[2026-09-09T09:20:26.399Z] [AGENT1-SUPERVISOR] Monitoring startup and dialogs (up to 35 seconds)...
[2026-09-09T09:20:36.839Z] [AGENT1-SUPERVISOR] --------------------------------------------------------------------------------
[2026-09-09T09:20:36.841Z] [AGENT1-SUPERVISOR] Cscape Window Located: PID=20180, HWND=0x0299040E, Title='Cscape - [TankLevelClosedLoop.csp]'
[2026-09-09T09:20:36.841Z] [AGENT1-SUPERVISOR] IsWindowVisible=True, IsWindowEnabled=True, IsHungAppWindow=False, HasProject=True
[2026-09-09T09:20:40.912Z] [AGENT1-SUPERVISOR] Dismissing splash dialog HWND=0x002C0B92 ('About Cscape')...
[2026-09-09T09:20:40.968Z] [AGENT1-SUPERVISOR] Project Navigator visibility status: True
[2026-09-09T09:20:40.970Z] [AGENT1-SUPERVISOR] Capturing live screenshot proof for HWND=0x0299040E...
[2026-09-09T09:20:41.289Z] [AGENT1-SUPERVISOR] Saved screenshot proof: C:\HornerAI\horner-cscape-mcp\artifacts\screenshots\live_cscape_tanklevel_visible.png (1300x636, 89693 bytes)
[2026-09-09T09:20:41.359Z] [AGENT1-SUPERVISOR] Saved screenshot proof: C:\Users\ArmandoSilva\artifacts\screenshots\live_cscape_tanklevel_visible.png (1300x636, 89693 bytes)
[2026-09-09T09:20:41.390Z] [AGENT1-SUPERVISOR] Updating gate files for PID=20180, HWND=0x0299040E...
[2026-09-09T09:20:41.394Z] [AGENT1-SUPERVISOR] ================================================================================
[2026-09-09T09:20:41.394Z] [AGENT1-SUPERVISOR] CSCAPE VERIFIED VISIBLE ON INTERACTIVE DESKTOP: PID=20180, HWND=0x0299040E
[2026-09-09T09:20:41.394Z] [AGENT1-SUPERVISOR] ================================================================================
[2026-09-09T09:20:41.833Z] [AGENT1-SUPERVISOR] Saved screenshot proof: C:\HornerAI\horner-cscape-mcp\artifacts\screenshots\live_cscape_tanklevel_visible.png (1300x636, 96422 bytes)
[2026-09-09T09:20:41.900Z] [AGENT1-SUPERVISOR] Saved screenshot proof: C:\Users\ArmandoSilva\artifacts\screenshots\live_cscape_tanklevel_visible.png (1300x636, 96422 bytes)
[2026-09-09T09:21:48.633Z] [AGENT1-SUPERVISOR] ================================================================================
[2026-09-09T09:21:48.633Z] [AGENT1-SUPERVISOR] STARTING CSCAPE VISIBLE SETUP & VERIFICATION
[2026-09-09T09:21:48.633Z] [AGENT1-SUPERVISOR] ================================================================================
[2026-09-09T09:21:48.647Z] [AGENT1-SUPERVISOR] Killing any lingering Cscape processes...
[2026-09-09T09:21:49.875Z] [AGENT1-SUPERVISOR] Configuring registry keys for clean visible startup...
[2026-09-09T09:21:49.877Z] [AGENT1-SUPERVISOR] Registry keys successfully set.
[2026-09-09T09:21:49.877Z] [AGENT1-SUPERVISOR] Spawning Cscape visibly: "C:\Program Files (x86)\Cscape 10.2\Cscape.exe" "C:\HornerAI\horner-cscape-mcp\artifacts\projects\TankLevelClosedLoop\TankLevelClosedLoop.csp" (Cwd: C:\Program Files (x86)\Cscape 10.2)
[2026-09-09T09:21:49.877Z] [AGENT1-SUPERVISOR] CreateProcessW with breakaway failed, retrying without breakaway...
[2026-09-09T09:21:49.898Z] [AGENT1-SUPERVISOR] Successfully spawned Cscape PID=19932
[2026-09-09T09:21:49.898Z] [AGENT1-SUPERVISOR] Monitoring startup and dialogs (up to 35 seconds)...
[2026-09-09T09:22:00.298Z] [AGENT1-SUPERVISOR] --------------------------------------------------------------------------------
[2026-09-09T09:22:00.301Z] [AGENT1-SUPERVISOR] Cscape Window Located: PID=19932, HWND=0x01C80338, Title='Cscape - [TankLevelClosedLoop.csp]'
[2026-09-09T09:22:00.301Z] [AGENT1-SUPERVISOR] IsWindowVisible=True, IsWindowEnabled=True, IsHungAppWindow=False, HasProject=True
[2026-09-09T09:22:05.369Z] [AGENT1-SUPERVISOR] Dismissing splash dialog HWND=0x00A80BDC ('About Cscape')...
[2026-09-09T09:22:05.380Z] [AGENT1-SUPERVISOR] Project Navigator visibility status: True
[2026-09-09T09:22:05.382Z] [AGENT1-SUPERVISOR] Capturing live screenshot proof for HWND=0x01C80338...
[2026-09-09T09:22:05.951Z] [AGENT1-SUPERVISOR] Saved screenshot proof: C:\HornerAI\horner-cscape-mcp\artifacts\screenshots\live_cscape_tanklevel_visible.png (1300x636, 89693 bytes)
[2026-09-09T09:22:05.999Z] [AGENT1-SUPERVISOR] Saved screenshot proof: C:\Users\ArmandoSilva\artifacts\screenshots\live_cscape_tanklevel_visible.png (1300x636, 89693 bytes)
[2026-09-09T09:22:06.001Z] [AGENT1-SUPERVISOR] Updating gate files for PID=19932, HWND=0x01C80338...
[2026-09-09T09:22:06.011Z] [AGENT1-SUPERVISOR] ================================================================================
[2026-09-09T09:22:06.011Z] [AGENT1-SUPERVISOR] CSCAPE VERIFIED VISIBLE ON INTERACTIVE DESKTOP: PID=19932, HWND=0x01C80338
[2026-09-09T09:22:06.013Z] [AGENT1-SUPERVISOR] ================================================================================
[2026-09-09T09:22:06.013Z] [AGENT1-SUPERVISOR] Entering autonomous keepalive supervisor loop...
[2026-09-09T09:22:43.617Z] [AGENT1-SUPERVISOR] Saved screenshot proof: C:\HornerAI\horner-cscape-mcp\artifacts\screenshots\live_cscape_tanklevel_visible.png (1300x636, 103580 bytes)
[2026-09-09T09:22:43.671Z] [AGENT1-SUPERVISOR] Saved screenshot proof: C:\Users\ArmandoSilva\artifacts\screenshots\live_cscape_tanklevel_visible.png (1300x636, 103580 bytes)
[2026-09-09T09:23:04.771Z] [AGENT1-SUPERVISOR] Watchdog health check cycle 30: PID=19932, HWND=0x01C80338, Title='Cscape - Logged In : "armando@controlnautas.com" - [TankLevelClosedLoop.csp]'
[2026-09-09T09:23:25.728Z] [AGENT1-SUPERVISOR] Saved screenshot proof: C:\HornerAI\horner-cscape-mcp\artifacts\screenshots\live_cscape_tanklevel_visible.png (1296x584, 102368 bytes)
[2026-09-09T09:23:25.764Z] [AGENT1-SUPERVISOR] Saved screenshot proof: C:\Users\ArmandoSilva\artifacts\screenshots\live_cscape_tanklevel_visible.png (1296x584, 102368 bytes)
[2026-09-09T09:23:53.101Z] [AGENT1-SUPERVISOR] Saved screenshot proof: C:\HornerAI\horner-cscape-mcp\artifacts\screenshots\live_cscape_tanklevel_visible.png (1296x584, 102368 bytes)
[2026-09-09T09:23:53.135Z] [AGENT1-SUPERVISOR] Saved screenshot proof: C:\Users\ArmandoSilva\artifacts\screenshots\live_cscape_tanklevel_visible.png (1296x584, 102368 bytes)
[2026-09-09T09:24:05.300Z] [AGENT1-SUPERVISOR] Watchdog health check cycle 60: PID=19932, HWND=0x01C80338, Title='Cscape - Logged In : "armando@controlnautas.com" - [TankLevelClosedLoop.csp]'
[2026-09-09T09:24:09.456Z] [AGENT1-SUPERVISOR] Saved screenshot proof: C:\HornerAI\horner-cscape-mcp\artifacts\screenshots\live_cscape_tanklevel_visible.png (1296x584, 102368 bytes)
[2026-09-09T09:24:09.492Z] [AGENT1-SUPERVISOR] Saved screenshot proof: C:\Users\ArmandoSilva\artifacts\screenshots\live_cscape_tanklevel_visible.png (1296x584, 102368 bytes)
[2026-09-09T09:24:38.863Z] [AGENT1-SUPERVISOR] Saved screenshot proof: C:\HornerAI\horner-cscape-mcp\artifacts\screenshots\live_cscape_tanklevel_visible.png (1296x584, 100702 bytes)
[2026-09-09T09:24:38.898Z] [AGENT1-SUPERVISOR] Saved screenshot proof: C:\Users\ArmandoSilva\artifacts\screenshots\live_cscape_tanklevel_visible.png (1296x584, 100702 bytes)
[2026-09-09T09:25:05.744Z] [AGENT1-SUPERVISOR] Watchdog health check cycle 90: PID=19932, HWND=0x01C80338, Title='Cscape - Logged In : "armando@controlnautas.com" - [TankLevelClosedLoop.csp]'
[2026-09-09T09:25:26.472Z] [AGENT1-SUPERVISOR] Saved screenshot proof: C:\HornerAI\horner-cscape-mcp\artifacts\screenshots\live_cscape_tanklevel_visible.png (1296x584, 100702 bytes)
[2026-09-09T09:25:26.506Z] [AGENT1-SUPERVISOR] Saved screenshot proof: C:\Users\ArmandoSilva\artifacts\screenshots\live_cscape_tanklevel_visible.png (1296x584, 100702 bytes)
[2026-09-09T09:26:06.161Z] [AGENT1-SUPERVISOR] Watchdog health check cycle 120: PID=19932, HWND=0x01C80338, Title='Cscape - Logged In : "armando@controlnautas.com" - [TankLevelClosedLoop.csp]'
[2026-09-09T09:26:24.237Z] [AGENT1-SUPERVISOR] Saved screenshot proof: C:\HornerAI\horner-cscape-mcp\artifacts\screenshots\live_cscape_tanklevel_visible.png (1296x584, 100702 bytes)
[2026-09-09T09:26:24.271Z] [AGENT1-SUPERVISOR] Saved screenshot proof: C:\Users\ArmandoSilva\artifacts\screenshots\live_cscape_tanklevel_visible.png (1296x584, 100702 bytes)
[2026-09-09T09:27:06.584Z] [AGENT1-SUPERVISOR] Watchdog health check cycle 150: PID=19932, HWND=0x01C80338, Title='Cscape - Logged In : "armando@controlnautas.com" - [TankLevelClosedLoop.csp]'
[2026-09-09T09:27:29.659Z] [AGENT1-SUPERVISOR] Saved screenshot proof: C:\HornerAI\horner-cscape-mcp\artifacts\screenshots\live_cscape_tanklevel_visible.png (1296x584, 100702 bytes)
[2026-09-09T09:27:29.695Z] [AGENT1-SUPERVISOR] Saved screenshot proof: C:\Users\ArmandoSilva\artifacts\screenshots\live_cscape_tanklevel_visible.png (1296x584, 100702 bytes)
[2026-09-09T09:28:07.053Z] [AGENT1-SUPERVISOR] Watchdog health check cycle 180: PID=19932, HWND=0x01C80338, Title='Cscape - Logged In : "armando@controlnautas.com" - [TankLevelClosedLoop.csp]'
[2026-09-09T09:28:24.465Z] [AGENT1-SUPERVISOR] Saved screenshot proof: C:\HornerAI\horner-cscape-mcp\artifacts\screenshots\live_cscape_tanklevel_visible.png (1296x584, 100702 bytes)
[2026-09-09T09:28:24.500Z] [AGENT1-SUPERVISOR] Saved screenshot proof: C:\Users\ArmandoSilva\artifacts\screenshots\live_cscape_tanklevel_visible.png (1296x584, 100702 bytes)
[2026-09-09T09:29:07.447Z] [AGENT1-SUPERVISOR] Watchdog health check cycle 210: PID=19932, HWND=0x01C80338, Title='Cscape - Logged In : "armando@controlnautas.com" - [TankLevelClosedLoop.csp]'
[2026-09-09T09:30:09.637Z] [AGENT1-SUPERVISOR] Watchdog health check cycle 240: PID=19932, HWND=0x01C80338, Title='Cscape - Logged In : "armando@controlnautas.com" - [TankLevelClosedLoop.csp]'
[2026-09-09T09:30:26.356Z] [AGENT1-SUPERVISOR] Saved screenshot proof: C:\HornerAI\horner-cscape-mcp\artifacts\screenshots\live_cscape_tanklevel_visible.png (1296x584, 100830 bytes)
[2026-09-09T09:30:26.489Z] [AGENT1-SUPERVISOR] Saved screenshot proof: C:\Users\ArmandoSilva\artifacts\screenshots\live_cscape_tanklevel_visible.png (1296x584, 100830 bytes)
[2026-09-09T09:31:13.047Z] [AGENT1-SUPERVISOR] Watchdog health check cycle 270: PID=19932, HWND=0x01C80338, Title='Cscape - Logged In : "armando@controlnautas.com" - [TankLevelClosedLoop.csp]'
[2026-09-09T09:32:14.069Z] [AGENT1-SUPERVISOR] Watchdog health check cycle 300: PID=19932, HWND=0x01C80338, Title='Cscape - Logged In : "armando@controlnautas.com" - [TankLevelClosedLoop.csp]'
[2026-09-09T09:33:14.883Z] [AGENT1-SUPERVISOR] Watchdog health check cycle 330: PID=19932, HWND=0x01C80338, Title='Cscape - Logged In : "armando@controlnautas.com" - [TankLevelClosedLoop.csp]'
[2026-09-09T09:34:15.535Z] [AGENT1-SUPERVISOR] Watchdog health check cycle 360: PID=19932, HWND=0x01C80338, Title='Cscape - Logged In : "armando@controlnautas.com" - [TankLevelClosedLoop.csp]'
[2026-09-09T09:35:16.794Z] [AGENT1-SUPERVISOR] Watchdog health check cycle 390: PID=19932, HWND=0x01C80338, Title='Cscape - Logged In : "armando@controlnautas.com" - [TankLevelClosedLoop.csp]'
[2026-09-09T09:36:21.074Z] [AGENT1-SUPERVISOR] Watchdog health check cycle 420: PID=19932, HWND=0x01C80338, Title='Cscape - Logged In : "armando@controlnautas.com" - [TankLevelClosedLoop.csp]'
[2026-09-09T09:37:24.076Z] [AGENT1-SUPERVISOR] Watchdog health check cycle 450: PID=19932, HWND=0x01C80338, Title='Cscape - Logged In : "armando@controlnautas.com" - [TankLevelClosedLoop.csp]'
[2026-09-09T09:38:27.229Z] [AGENT1-SUPERVISOR] Watchdog health check cycle 480: PID=19932, HWND=0x01C80338, Title='Cscape - Logged In : "armando@controlnautas.com" - [TankLevelClosedLoop.csp]'
[2026-09-09T09:39:27.656Z] [AGENT1-SUPERVISOR] Watchdog health check cycle 510: PID=19932, HWND=0x01C80338, Title='Cscape - Logged In : "armando@controlnautas.com" - [TankLevelClosedLoop.csp]'
[2026-09-09T09:40:27.901Z] [AGENT1-SUPERVISOR] Watchdog health check cycle 540: PID=19932, HWND=0x01C80338, Title='Cscape - Logged In : "armando@controlnautas.com" - [TankLevelClosedLoop.csp]'
[2026-09-09T09:41:28.119Z] [AGENT1-SUPERVISOR] Watchdog health check cycle 570: PID=19932, HWND=0x01C80338, Title='Cscape - Logged In : "armando@controlnautas.com" - [TankLevelClosedLoop.csp]'
[2026-09-09T09:42:28.331Z] [AGENT1-SUPERVISOR] Watchdog health check cycle 600: PID=19932, HWND=0x01C80338, Title='Cscape - Logged In : "armando@controlnautas.com" - [TankLevelClosedLoop.csp]'
[2026-09-09T09:43:28.532Z] [AGENT1-SUPERVISOR] Watchdog health check cycle 630: PID=19932, HWND=0x01C80338, Title='Cscape - Logged In : "armando@controlnautas.com" - [TankLevelClosedLoop.csp]'
[2026-09-09T09:44:29.810Z] [AGENT1-SUPERVISOR] Watchdog health check cycle 660: PID=19932, HWND=0x01C80338, Title='Cscape - Logged In : "armando@controlnautas.com" - [TankLevelClosedLoop.csp]'
[2026-09-09T09:45:31.248Z] [AGENT1-SUPERVISOR] Watchdog health check cycle 690: PID=19932, HWND=0x01C80338, Title='Cscape - Logged In : "armando@controlnautas.com" - [TankLevelClosedLoop.csp]'
[2026-09-09T09:46:31.445Z] [AGENT1-SUPERVISOR] Watchdog health check cycle 720: PID=19932, HWND=0x01C80338, Title='Cscape - Logged In : "armando@controlnautas.com" - [TankLevelClosedLoop.csp]'
[2026-09-09T09:47:31.658Z] [AGENT1-SUPERVISOR] Watchdog health check cycle 750: PID=19932, HWND=0x01C80338, Title='Cscape - Logged In : "armando@controlnautas.com" - [TankLevelClosedLoop.csp]'
[2026-09-09T09:48:31.864Z] [AGENT1-SUPERVISOR] Watchdog health check cycle 780: PID=19932, HWND=0x01C80338, Title='Cscape - Logged In : "armando@controlnautas.com" - [TankLevelClosedLoop.csp]'
[2026-09-09T09:49:32.108Z] [AGENT1-SUPERVISOR] Watchdog health check cycle 810: PID=19932, HWND=0x01C80338, Title='Cscape - Logged In : "armando@controlnautas.com" - [TankLevelClosedLoop.csp]'
[2026-09-09T09:50:33.806Z] [AGENT1-SUPERVISOR] Watchdog health check cycle 840: PID=19932, HWND=0x01C80338, Title='Cscape - Logged In : "armando@controlnautas.com" - [TankLevelClosedLoop.csp]'
[2026-09-09T09:51:36.507Z] [AGENT1-SUPERVISOR] Watchdog health check cycle 870: PID=19932, HWND=0x01C80338, Title='Cscape - Logged In : "armando@controlnautas.com" - [TankLevelClosedLoop.csp]'
[2026-09-09T09:52:39.611Z] [AGENT1-SUPERVISOR] Watchdog health check cycle 900: PID=19932, HWND=0x01C80338, Title='Cscape - Logged In : "armando@controlnautas.com" - [TankLevelClosedLoop.csp]'
[2026-09-09T09:53:41.863Z] [AGENT1-SUPERVISOR] Watchdog health check cycle 930: PID=19932, HWND=0x01C80338, Title='Cscape - Logged In : "armando@controlnautas.com" - [TankLevelClosedLoop.csp]'
[2026-09-09T09:54:45.930Z] [AGENT1-SUPERVISOR] Watchdog health check cycle 960: PID=19932, HWND=0x01C80338, Title='Cscape - Logged In : "armando@controlnautas.com" - [TankLevelClosedLoop.csp]'
[2026-09-09T09:55:47.258Z] [AGENT1-SUPERVISOR] Watchdog health check cycle 990: PID=19932, HWND=0x01C80338, Title='Cscape - Logged In : "armando@controlnautas.com" - [TankLevelClosedLoop.csp]'
[2026-09-09T09:56:49.124Z] [AGENT1-SUPERVISOR] Watchdog health check cycle 1020: PID=19932, HWND=0x01C80338, Title='Cscape - Logged In : "armando@controlnautas.com" - [TankLevelClosedLoop.csp]'
[2026-09-09T09:57:50.657Z] [AGENT1-SUPERVISOR] Watchdog health check cycle 1050: PID=19932, HWND=0x01C80338, Title='Cscape - Logged In : "armando@controlnautas.com" - [TankLevelClosedLoop.csp]'
[2026-09-09T09:58:51.964Z] [AGENT1-SUPERVISOR] Watchdog health check cycle 1080: PID=19932, HWND=0x01C80338, Title='Cscape - Logged In : "armando@controlnautas.com" - [TankLevelClosedLoop.csp]'
[2026-09-09T09:59:53.584Z] [AGENT1-SUPERVISOR] Watchdog health check cycle 1110: PID=19932, HWND=0x01C80338, Title='Cscape - Logged In : "armando@controlnautas.com" - [TankLevelClosedLoop.csp]'
[2026-09-09T10:00:55.211Z] [AGENT1-SUPERVISOR] Watchdog health check cycle 1140: PID=19932, HWND=0x01C80338, Title='Cscape - Logged In : "armando@controlnautas.com" - [TankLevelClosedLoop.csp]'
[2026-09-09T10:01:56.504Z] [AGENT1-SUPERVISOR] Watchdog health check cycle 1170: PID=19932, HWND=0x01C80338, Title='Cscape - Logged In : "armando@controlnautas.com" - [TankLevelClosedLoop.csp]'
[2026-09-09T10:02:58.338Z] [AGENT1-SUPERVISOR] Watchdog health check cycle 1200: PID=19932, HWND=0x01C80338, Title='Cscape - Logged In : "armando@controlnautas.com" - [TankLevelClosedLoop.csp]'
[2026-09-09T10:03:59.862Z] [AGENT1-SUPERVISOR] Watchdog health check cycle 1230: PID=19932, HWND=0x01C80338, Title='Cscape - Logged In : "armando@controlnautas.com" - [TankLevelClosedLoop.csp]'
[2026-09-09T10:05:01.232Z] [AGENT1-SUPERVISOR] Watchdog health check cycle 1260: PID=19932, HWND=0x01C80338, Title='Cscape - Logged In : "armando@controlnautas.com" - [TankLevelClosedLoop.csp]'
[2026-09-09T10:06:02.656Z] [AGENT1-SUPERVISOR] Watchdog health check cycle 1290: PID=19932, HWND=0x01C80338, Title='Cscape - Logged In : "armando@controlnautas.com" - [TankLevelClosedLoop.csp]'
[2026-09-09T10:07:04.373Z] [AGENT1-SUPERVISOR] Watchdog health check cycle 1320: PID=19932, HWND=0x01C80338, Title='Cscape - Logged In : "armando@controlnautas.com" - [TankLevelClosedLoop.csp]'
[2026-09-09T10:08:06.682Z] [AGENT1-SUPERVISOR] Watchdog health check cycle 1350: PID=19932, HWND=0x01C80338, Title='Cscape - Logged In : "armando@controlnautas.com" - [TankLevelClosedLoop.csp]'
[2026-09-09T10:09:08.131Z] [AGENT1-SUPERVISOR] Watchdog health check cycle 1380: PID=19932, HWND=0x01C80338, Title='Cscape - Logged In : "armando@controlnautas.com" - [TankLevelClosedLoop.csp]'
[2026-09-09T10:10:09.278Z] [AGENT1-SUPERVISOR] Watchdog health check cycle 1410: PID=19932, HWND=0x01C80338, Title='Cscape - Logged In : "armando@controlnautas.com" - [TankLevelClosedLoop.csp]'
[2026-09-09T10:11:09.819Z] [AGENT1-SUPERVISOR] Watchdog health check cycle 1440: PID=19932, HWND=0x01C80338, Title='Cscape - Logged In : "armando@controlnautas.com" - [TankLevelClosedLoop.csp]'
[2026-09-09T10:12:10.481Z] [AGENT1-SUPERVISOR] Watchdog health check cycle 1470: PID=19932, HWND=0x01C80338, Title='Cscape - Logged In : "armando@controlnautas.com" - [TankLevelClosedLoop.csp]'
[2026-09-09T10:13:13.214Z] [AGENT1-SUPERVISOR] Watchdog health check cycle 1500: PID=19932, HWND=0x01C80338, Title='Cscape - Logged In : "armando@controlnautas.com" - [TankLevelClosedLoop.csp]'
[2026-09-09T10:14:15.904Z] [AGENT1-SUPERVISOR] Watchdog health check cycle 1530: PID=19932, HWND=0x01C80338, Title='Cscape - Logged In : "armando@controlnautas.com" - [TankLevelClosedLoop.csp]'
[2026-09-09T10:15:18.063Z] [AGENT1-SUPERVISOR] Watchdog health check cycle 1560: PID=19932, HWND=0x01C80338, Title='Cscape - Logged In : "armando@controlnautas.com" - [TankLevelClosedLoop.csp]'
[2026-09-09T10:16:21.008Z] [AGENT1-SUPERVISOR] Watchdog health check cycle 1590: PID=19932, HWND=0x01C80338, Title='Cscape - Logged In : "armando@controlnautas.com" - [TankLevelClosedLoop.csp]'
[2026-09-09T10:17:23.898Z] [AGENT1-SUPERVISOR] Watchdog health check cycle 1620: PID=19932, HWND=0x01C80338, Title='Cscape - Logged In : "armando@controlnautas.com" - [TankLevelClosedLoop.csp]'
[2026-09-09T10:18:26.932Z] [AGENT1-SUPERVISOR] Watchdog health check cycle 1650: PID=19932, HWND=0x01C80338, Title='Cscape - Logged In : "armando@controlnautas.com" - [TankLevelClosedLoop.csp]'
[2026-09-09T10:19:29.707Z] [AGENT1-SUPERVISOR] Watchdog health check cycle 1680: PID=19932, HWND=0x01C80338, Title='Cscape - Logged In : "armando@controlnautas.com" - [TankLevelClosedLoop.csp]'
[2026-09-09T10:20:31.308Z] [AGENT1-SUPERVISOR] Watchdog health check cycle 1710: PID=19932, HWND=0x01C80338, Title='Cscape - Logged In : "armando@controlnautas.com" - [TankLevelClosedLoop.csp]'
[2026-09-09T10:21:32.470Z] [AGENT1-SUPERVISOR] Watchdog health check cycle 1740: PID=19932, HWND=0x01C80338, Title='Cscape - Logged In : "armando@controlnautas.com" - [TankLevelClosedLoop.csp]'
[2026-09-09T10:22:33.848Z] [AGENT1-SUPERVISOR] Watchdog health check cycle 1770: PID=19932, HWND=0x01C80338, Title='Cscape - Logged In : "armando@controlnautas.com" - [TankLevelClosedLoop.csp]'
[2026-09-09T10:23:35.151Z] [AGENT1-SUPERVISOR] Watchdog health check cycle 1800: PID=19932, HWND=0x01C80338, Title='Cscape - Logged In : "armando@controlnautas.com" - [TankLevelClosedLoop.csp]'
[2026-09-09T10:24:37.130Z] [AGENT1-SUPERVISOR] Watchdog health check cycle 1830: PID=19932, HWND=0x01C80338, Title='Cscape - Logged In : "armando@controlnautas.com" - [TankLevelClosedLoop.csp]'
[2026-09-09T10:25:38.122Z] [AGENT1-SUPERVISOR] Watchdog health check cycle 1860: PID=19932, HWND=0x01C80338, Title='Cscape - Logged In : "armando@controlnautas.com" - [TankLevelClosedLoop.csp]'
[2026-09-09T10:26:39.313Z] [AGENT1-SUPERVISOR] Watchdog health check cycle 1890: PID=19932, HWND=0x01C80338, Title='Cscape - Logged In : "armando@controlnautas.com" - [TankLevelClosedLoop.csp]'
[2026-09-09T10:27:40.550Z] [AGENT1-SUPERVISOR] Watchdog health check cycle 1920: PID=19932, HWND=0x01C80338, Title='Cscape - Logged In : "armando@controlnautas.com" - [TankLevelClosedLoop.csp]'
[2026-09-09T10:28:42.042Z] [AGENT1-SUPERVISOR] Watchdog health check cycle 1950: PID=19932, HWND=0x01C80338, Title='Cscape - Logged In : "armando@controlnautas.com" - [TankLevelClosedLoop.csp]'
[2026-09-09T10:29:43.493Z] [AGENT1-SUPERVISOR] Watchdog health check cycle 1980: PID=19932, HWND=0x01C80338, Title='Cscape - Logged In : "armando@controlnautas.com" - [TankLevelClosedLoop.csp]'
[2026-09-09T10:30:44.819Z] [AGENT1-SUPERVISOR] Watchdog health check cycle 2010: PID=19932, HWND=0x01C80338, Title='Cscape - Logged In : "armando@controlnautas.com" - [TankLevelClosedLoop.csp]'
[2026-09-09T10:31:46.921Z] [AGENT1-SUPERVISOR] Watchdog health check cycle 2040: PID=19932, HWND=0x01C80338, Title='Cscape - Logged In : "armando@controlnautas.com" - [TankLevelClosedLoop.csp]'
[2026-09-09T10:32:49.066Z] [AGENT1-SUPERVISOR] Watchdog health check cycle 2070: PID=19932, HWND=0x01C80338, Title='Cscape - Logged In : "armando@controlnautas.com" - [TankLevelClosedLoop.csp]'
[2026-09-09T10:33:51.205Z] [AGENT1-SUPERVISOR] Watchdog health check cycle 2100: PID=19932, HWND=0x01C80338, Title='Cscape - Logged In : "armando@controlnautas.com" - [TankLevelClosedLoop.csp]'
[2026-09-09T10:34:53.195Z] [AGENT1-SUPERVISOR] Watchdog health check cycle 2130: PID=19932, HWND=0x01C80338, Title='Cscape - Logged In : "armando@controlnautas.com" - [TankLevelClosedLoop.csp]'
[2026-09-09T10:35:55.143Z] [AGENT1-SUPERVISOR] Watchdog health check cycle 2160: PID=19932, HWND=0x01C80338, Title='Cscape - Logged In : "armando@controlnautas.com" - [TankLevelClosedLoop.csp]'
[2026-09-09T10:36:56.716Z] [AGENT1-SUPERVISOR] Watchdog health check cycle 2190: PID=19932, HWND=0x01C80338, Title='Cscape - Logged In : "armando@controlnautas.com" - [TankLevelClosedLoop.csp]'
[2026-09-09T10:37:58.622Z] [AGENT1-SUPERVISOR] Watchdog health check cycle 2220: PID=19932, HWND=0x01C80338, Title='Cscape - Logged In : "armando@controlnautas.com" - [TankLevelClosedLoop.csp]'
[2026-09-09T10:39:00.190Z] [AGENT1-SUPERVISOR] Watchdog health check cycle 2250: PID=19932, HWND=0x01C80338, Title='Cscape - Logged In : "armando@controlnautas.com" - [TankLevelClosedLoop.csp]'
[2026-09-09T10:40:01.935Z] [AGENT1-SUPERVISOR] Watchdog health check cycle 2280: PID=19932, HWND=0x01C80338, Title='Cscape - Logged In : "armando@controlnautas.com" - [TankLevelClosedLoop.csp]'
[2026-09-09T10:41:03.359Z] [AGENT1-SUPERVISOR] Watchdog health check cycle 2310: PID=19932, HWND=0x01C80338, Title='Cscape - Logged In : "armando@controlnautas.com" - [TankLevelClosedLoop.csp]'
[2026-09-09T10:42:05.133Z] [AGENT1-SUPERVISOR] Watchdog health check cycle 2340: PID=19932, HWND=0x01C80338, Title='Cscape - Logged In : "armando@controlnautas.com" - [TankLevelClosedLoop.csp]'
[2026-09-09T10:43:09.037Z] [AGENT1-SUPERVISOR] Watchdog health check cycle 2370: PID=19932, HWND=0x01C80338, Title='Cscape - Logged In : "armando@controlnautas.com" - [TankLevelClosedLoop.csp]'
[2026-09-09T10:44:12.062Z] [AGENT1-SUPERVISOR] Watchdog health check cycle 2400: PID=19932, HWND=0x01C80338, Title='Cscape - Logged In : "armando@controlnautas.com" - [TankLevelClosedLoop.csp]'
[2026-09-09T10:45:14.443Z] [AGENT1-SUPERVISOR] Watchdog health check cycle 2430: PID=19932, HWND=0x01C80338, Title='Cscape - Logged In : "armando@controlnautas.com" - [TankLevelClosedLoop.csp]'
[2026-09-09T10:46:16.260Z] [AGENT1-SUPERVISOR] Watchdog health check cycle 2460: PID=19932, HWND=0x01C80338, Title='Cscape - Logged In : "armando@controlnautas.com" - [TankLevelClosedLoop.csp]'
[2026-09-09T10:47:18.378Z] [AGENT1-SUPERVISOR] Watchdog health check cycle 2490: PID=19932, HWND=0x01C80338, Title='Cscape - Logged In : "armando@controlnautas.com" - [TankLevelClosedLoop.csp]'
[2026-09-09T10:48:20.249Z] [AGENT1-SUPERVISOR] Watchdog health check cycle 2520: PID=19932, HWND=0x01C80338, Title='Cscape - Logged In : "armando@controlnautas.com" - [TankLevelClosedLoop.csp]'
[2026-09-09T10:49:24.574Z] [AGENT1-SUPERVISOR] Watchdog health check cycle 2550: PID=19932, HWND=0x01C80338, Title='Cscape - Logged In : "armando@controlnautas.com" - [TankLevelClosedLoop.csp]'
[2026-09-09T10:50:26.140Z] [AGENT1-SUPERVISOR] Watchdog health check cycle 2580: PID=19932, HWND=0x01C80338, Title='Cscape - Logged In : "armando@controlnautas.com" - [TankLevelClosedLoop.csp]'
[2026-09-09T10:51:27.560Z] [AGENT1-SUPERVISOR] Watchdog health check cycle 2610: PID=19932, HWND=0x01C80338, Title='Cscape - Logged In : "armando@controlnautas.com" - [TankLevelClosedLoop.csp]'
[2026-09-09T10:52:29.293Z] [AGENT1-SUPERVISOR] Watchdog health check cycle 2640: PID=19932, HWND=0x01C80338, Title='Cscape - Logged In : "armando@controlnautas.com" - [TankLevelClosedLoop.csp]'
[2026-09-09T10:53:30.947Z] [AGENT1-SUPERVISOR] Watchdog health check cycle 2670: PID=19932, HWND=0x01C80338, Title='Cscape - Logged In : "armando@controlnautas.com" - [TankLevelClosedLoop.csp]'
[2026-09-09T10:54:34.310Z] [AGENT1-SUPERVISOR] Watchdog health check cycle 2700: PID=19932, HWND=0x01C80338, Title='Cscape - Logged In : "armando@controlnautas.com" - [TankLevelClosedLoop.csp]'
[2026-09-09T10:55:36.222Z] [AGENT1-SUPERVISOR] Watchdog health check cycle 2730: PID=19932, HWND=0x01C80338, Title='Cscape - Logged In : "armando@controlnautas.com" - [TankLevelClosedLoop.csp]'
[2026-09-09T10:56:38.269Z] [AGENT1-SUPERVISOR] Watchdog health check cycle 2760: PID=19932, HWND=0x01C80338, Title='Cscape - Logged In : "armando@controlnautas.com" - [TankLevelClosedLoop.csp]'
[2026-09-09T10:57:40.614Z] [AGENT1-SUPERVISOR] Watchdog health check cycle 2790: PID=19932, HWND=0x01C80338, Title='Cscape - Logged In : "armando@controlnautas.com" - [TankLevelClosedLoop.csp]'
[2026-09-09T10:58:41.115Z] [AGENT1-SUPERVISOR] Watchdog health check cycle 2820: PID=19932, HWND=0x01C80338, Title='Cscape - Logged In : "armando@controlnautas.com" - [TankLevelClosedLoop.csp]'
[2026-09-09T10:59:41.843Z] [AGENT1-SUPERVISOR] Watchdog health check cycle 2850: PID=19932, HWND=0x01C80338, Title='Cscape - Logged In : "armando@controlnautas.com" - [TankLevelClosedLoop.csp]'
[2026-09-09T11:00:43.418Z] [AGENT1-SUPERVISOR] Watchdog health check cycle 2880: PID=19932, HWND=0x01C80338, Title='Cscape - Logged In : "armando@controlnautas.com" - [TankLevelClosedLoop.csp]'
[2026-09-09T11:01:46.193Z] [AGENT1-SUPERVISOR] Watchdog health check cycle 2910: PID=19932, HWND=0x01C80338, Title='Cscape - Logged In : "armando@controlnautas.com" - [TankLevelClosedLoop.csp]'
[2026-09-09T11:02:49.799Z] [AGENT1-SUPERVISOR] Watchdog health check cycle 2940: PID=19932, HWND=0x01C80338, Title='Cscape - Logged In : "armando@controlnautas.com" - [TankLevelClosedLoop.csp]'
[2026-09-09T11:03:52.266Z] [AGENT1-SUPERVISOR] Watchdog health check cycle 2970: PID=19932, HWND=0x01C80338, Title='Cscape - Logged In : "armando@controlnautas.com" - [TankLevelClosedLoop.csp]'
[2026-09-09T11:04:54.006Z] [AGENT1-SUPERVISOR] Watchdog health check cycle 3000: PID=19932, HWND=0x01C80338, Title='Cscape - Logged In : "armando@controlnautas.com" - [TankLevelClosedLoop.csp]'
[2026-09-09T11:05:57.340Z] [AGENT1-SUPERVISOR] Watchdog health check cycle 3030: PID=19932, HWND=0x01C80338, Title='Cscape - Logged In : "armando@controlnautas.com" - [TankLevelClosedLoop.csp]'
[2026-09-09T11:06:58.673Z] [AGENT1-SUPERVISOR] Watchdog health check cycle 3060: PID=19932, HWND=0x01C80338, Title='Cscape - Logged In : "armando@controlnautas.com" - [TankLevelClosedLoop.csp]'
[2026-09-09T11:07:59.113Z] [AGENT1-SUPERVISOR] Watchdog health check cycle 3090: PID=19932, HWND=0x01C80338, Title='Cscape - Logged In : "armando@controlnautas.com" - [TankLevelClosedLoop.csp]'
[2026-09-09T11:08:59.818Z] [AGENT1-SUPERVISOR] Watchdog health check cycle 3120: PID=19932, HWND=0x01C80338, Title='Cscape - Logged In : "armando@controlnautas.com" - [TankLevelClosedLoop.csp]'
[2026-09-09T11:10:03.350Z] [AGENT1-SUPERVISOR] Watchdog health check cycle 3150: PID=19932, HWND=0x01C80338, Title='Cscape - Logged In : "armando@controlnautas.com" - [TankLevelClosedLoop.csp]'
[2026-09-09T11:11:05.660Z] [AGENT1-SUPERVISOR] Watchdog health check cycle 3180: PID=19932, HWND=0x01C80338, Title='Cscape - Logged In : "armando@controlnautas.com" - [TankLevelClosedLoop.csp]'
[2026-09-09T11:12:06.983Z] [AGENT1-SUPERVISOR] Watchdog health check cycle 3210: PID=19932, HWND=0x01C80338, Title='Cscape - Logged In : "armando@controlnautas.com" - [TankLevelClosedLoop.csp]'
[2026-09-09T11:13:08.573Z] [AGENT1-SUPERVISOR] Watchdog health check cycle 3240: PID=19932, HWND=0x01C80338, Title='Cscape - Logged In : "armando@controlnautas.com" - [TankLevelClosedLoop.csp]'
[2026-09-09T11:14:10.171Z] [AGENT1-SUPERVISOR] Watchdog health check cycle 3270: PID=19932, HWND=0x01C80338, Title='Cscape - Logged In : "armando@controlnautas.com" - [TankLevelClosedLoop.csp]'
[2026-09-09T11:15:11.737Z] [AGENT1-SUPERVISOR] Watchdog health check cycle 3300: PID=19932, HWND=0x01C80338, Title='Cscape - Logged In : "armando@controlnautas.com" - [TankLevelClosedLoop.csp]'
[2026-09-09T11:16:13.295Z] [AGENT1-SUPERVISOR] Watchdog health check cycle 3330: PID=19932, HWND=0x01C80338, Title='Cscape - Logged In : "armando@controlnautas.com" - [TankLevelClosedLoop.csp]'
[2026-09-09T11:17:16.101Z] [AGENT1-SUPERVISOR] Watchdog health check cycle 3360: PID=19932, HWND=0x01C80338, Title='Cscape - Logged In : "armando@controlnautas.com" - [TankLevelClosedLoop.csp]'
[2026-09-09T11:18:18.919Z] [AGENT1-SUPERVISOR] Watchdog health check cycle 3390: PID=19932, HWND=0x01C80338, Title='Cscape - Logged In : "armando@controlnautas.com" - [TankLevelClosedLoop.csp]'
[2026-09-09T11:19:21.077Z] [AGENT1-SUPERVISOR] Watchdog health check cycle 3420: PID=19932, HWND=0x01C80338, Title='Cscape - Logged In : "armando@controlnautas.com" - [TankLevelClosedLoop.csp]'
[2026-09-09T11:20:23.856Z] [AGENT1-SUPERVISOR] Watchdog health check cycle 3450: PID=19932, HWND=0x01C80338, Title='Cscape - Logged In : "armando@controlnautas.com" - [TankLevelClosedLoop.csp]'
[2026-09-09T11:21:25.792Z] [AGENT1-SUPERVISOR] Watchdog health check cycle 3480: PID=19932, HWND=0x01C80338, Title='Cscape - Logged In : "armando@controlnautas.com" - [TankLevelClosedLoop.csp]'
[2026-09-09T11:22:28.131Z] [AGENT1-SUPERVISOR] Watchdog health check cycle 3510: PID=19932, HWND=0x01C80338, Title='Cscape - Logged In : "armando@controlnautas.com" - [TankLevelClosedLoop.csp]'
[2026-09-09T11:23:31.142Z] [AGENT1-SUPERVISOR] Watchdog health check cycle 3540: PID=19932, HWND=0x01C80338, Title='Cscape - Logged In : "armando@controlnautas.com" - [TankLevelClosedLoop.csp]'
[2026-09-09T11:24:33.857Z] [AGENT1-SUPERVISOR] Watchdog health check cycle 3570: PID=19932, HWND=0x01C80338, Title='Cscape - Logged In : "armando@controlnautas.com" - [TankLevelClosedLoop.csp]'
[2026-09-09T11:25:36.047Z] [AGENT1-SUPERVISOR] Watchdog health check cycle 3600: PID=19932, HWND=0x01C80338, Title='Cscape - Logged In : "armando@controlnautas.com" - [TankLevelClosedLoop.csp]'
[2026-09-09T11:26:37.423Z] [AGENT1-SUPERVISOR] Watchdog health check cycle 3630: PID=19932, HWND=0x01C80338, Title='Cscape - Logged In : "armando@controlnautas.com" - [TankLevelClosedLoop.csp]'
[2026-09-09T11:27:39.042Z] [AGENT1-SUPERVISOR] Watchdog health check cycle 3660: PID=19932, HWND=0x01C80338, Title='Cscape - Logged In : "armando@controlnautas.com" - [TankLevelClosedLoop.csp]'
[2026-09-09T11:28:40.626Z] [AGENT1-SUPERVISOR] Watchdog health check cycle 3690: PID=19932, HWND=0x01C80338, Title='Cscape - Logged In : "armando@controlnautas.com" - [TankLevelClosedLoop.csp]'
[2026-09-09T11:29:42.254Z] [AGENT1-SUPERVISOR] Watchdog health check cycle 3720: PID=19932, HWND=0x01C80338, Title='Cscape - Logged In : "armando@controlnautas.com" - [TankLevelClosedLoop.csp]'
[2026-09-09T11:30:43.764Z] [AGENT1-SUPERVISOR] Watchdog health check cycle 3750: PID=19932, HWND=0x01C80338, Title='Cscape - Logged In : "armando@controlnautas.com" - [TankLevelClosedLoop.csp]'
[2026-09-09T11:31:45.421Z] [AGENT1-SUPERVISOR] Watchdog health check cycle 3780: PID=19932, HWND=0x01C80338, Title='Cscape - Logged In : "armando@controlnautas.com" - [TankLevelClosedLoop.csp]'
[2026-09-09T11:32:47.009Z] [AGENT1-SUPERVISOR] Watchdog health check cycle 3810: PID=19932, HWND=0x01C80338, Title='Cscape - Logged In : "armando@controlnautas.com" - [TankLevelClosedLoop.csp]'
[2026-09-09T11:33:48.899Z] [AGENT1-SUPERVISOR] Watchdog health check cycle 3840: PID=19932, HWND=0x01C80338, Title='Cscape - Logged In : "armando@controlnautas.com" - [TankLevelClosedLoop.csp]'
[2026-09-09T11:34:50.468Z] [AGENT1-SUPERVISOR] Watchdog health check cycle 3870: PID=19932, HWND=0x01C80338, Title='Cscape - Logged In : "armando@controlnautas.com" - [TankLevelClosedLoop.csp]'
[2026-09-09T11:35:51.685Z] [AGENT1-SUPERVISOR] Watchdog health check cycle 3900: PID=19932, HWND=0x01C80338, Title='Cscape - Logged In : "armando@controlnautas.com" - [TankLevelClosedLoop.csp]'
[2026-09-09T11:36:53.511Z] [AGENT1-SUPERVISOR] Watchdog health check cycle 3930: PID=19932, HWND=0x01C80338, Title='Cscape - Logged In : "armando@controlnautas.com" - [TankLevelClosedLoop.csp]'
[2026-09-09T11:37:54.920Z] [AGENT1-SUPERVISOR] Watchdog health check cycle 3960: PID=19932, HWND=0x01C80338, Title='Cscape - Logged In : "armando@controlnautas.com" - [TankLevelClosedLoop.csp]'
[2026-09-09T11:38:56.616Z] [AGENT1-SUPERVISOR] Watchdog health check cycle 3990: PID=19932, HWND=0x01C80338, Title='Cscape - Logged In : "armando@controlnautas.com" - [TankLevelClosedLoop.csp]'
[2026-09-09T11:39:57.938Z] [AGENT1-SUPERVISOR] Watchdog health check cycle 4020: PID=19932, HWND=0x01C80338, Title='Cscape - Logged In : "armando@controlnautas.com" - [TankLevelClosedLoop.csp]'
[2026-09-09T11:40:59.680Z] [AGENT1-SUPERVISOR] Watchdog health check cycle 4050: PID=19932, HWND=0x01C80338, Title='Cscape - Logged In : "armando@controlnautas.com" - [TankLevelClosedLoop.csp]'
[2026-09-09T11:42:00.499Z] [AGENT1-SUPERVISOR] Watchdog health check cycle 4080: PID=19932, HWND=0x01C80338, Title='Cscape - Logged In : "armando@controlnautas.com" - [TankLevelClosedLoop.csp]'
[2026-09-09T11:43:01.189Z] [AGENT1-SUPERVISOR] Watchdog health check cycle 4110: PID=19932, HWND=0x01C80338, Title='Cscape - Logged In : "armando@controlnautas.com" - [TankLevelClosedLoop.csp]'
[2026-09-09T11:44:02.041Z] [AGENT1-SUPERVISOR] Watchdog health check cycle 4140: PID=19932, HWND=0x01C80338, Title='Cscape - Logged In : "armando@controlnautas.com" - [TankLevelClosedLoop.csp]'
[2026-09-09T11:45:04.796Z] [AGENT1-SUPERVISOR] Watchdog health check cycle 4170: PID=19932, HWND=0x01C80338, Title='Cscape - Logged In : "armando@controlnautas.com" - [TankLevelClosedLoop.csp]'
[2026-09-09T11:46:07.516Z] [AGENT1-SUPERVISOR] Watchdog health check cycle 4200: PID=19932, HWND=0x01C80338, Title='Cscape - Logged In : "armando@controlnautas.com" - [TankLevelClosedLoop.csp]'
[2026-09-09T11:47:09.708Z] [AGENT1-SUPERVISOR] Watchdog health check cycle 4230: PID=19932, HWND=0x01C80338, Title='Cscape - Logged In : "armando@controlnautas.com" - [TankLevelClosedLoop.csp]'
[2026-09-09T11:48:10.432Z] [AGENT1-SUPERVISOR] Watchdog health check cycle 4260: PID=19932, HWND=0x01C80338, Title='Cscape - Logged In : "armando@controlnautas.com" - [TankLevelClosedLoop.csp]'
[2026-09-09T11:49:11.599Z] [AGENT1-SUPERVISOR] Watchdog health check cycle 4290: PID=19932, HWND=0x01C80338, Title='Cscape - Logged In : "armando@controlnautas.com" - [TankLevelClosedLoop.csp]'
[2026-09-09T11:50:13.320Z] [AGENT1-SUPERVISOR] Watchdog health check cycle 4320: PID=19932, HWND=0x01C80338, Title='Cscape - Logged In : "armando@controlnautas.com" - [TankLevelClosedLoop.csp]'
[2026-09-09T11:51:15.147Z] [AGENT1-SUPERVISOR] Watchdog health check cycle 4350: PID=19932, HWND=0x01C80338, Title='Cscape - Logged In : "armando@controlnautas.com" - [TankLevelClosedLoop.csp]'
[2026-09-09T11:52:17.036Z] [AGENT1-SUPERVISOR] Watchdog health check cycle 4380: PID=19932, HWND=0x01C80338, Title='Cscape - Logged In : "armando@controlnautas.com" - [TankLevelClosedLoop.csp]'
[2026-09-09T11:53:26.173Z] [AGENT1-SUPERVISOR] Watchdog health check cycle 4410: PID=19932, HWND=0x01C80338, Title='Cscape - Logged In : "armando@controlnautas.com" - [TankLevelClosedLoop.csp]'
[2026-09-09T11:54:28.544Z] [AGENT1-SUPERVISOR] Watchdog health check cycle 4440: PID=19932, HWND=0x01C80338, Title='Cscape - Logged In : "armando@controlnautas.com" - [TankLevelClosedLoop.csp]'
[2026-09-09T11:55:32.928Z] [AGENT1-SUPERVISOR] Watchdog health check cycle 4470: PID=19932, HWND=0x01C80338, Title='Cscape - Logged In : "armando@controlnautas.com" - [TankLevelClosedLoop.csp]'
[2026-09-09T11:55:51.116Z] [AGENT1-SUPERVISOR] Cscape PID=19932 exited and no active successor found! Relaunching...
[2026-09-09T11:55:51.119Z] [AGENT1-SUPERVISOR] ================================================================================
[2026-09-09T11:55:51.119Z] [AGENT1-SUPERVISOR] STARTING CSCAPE VISIBLE SETUP & VERIFICATION
[2026-09-09T11:55:51.119Z] [AGENT1-SUPERVISOR] ================================================================================
[2026-09-09T11:55:51.129Z] [AGENT1-SUPERVISOR] Killing any lingering Cscape processes...
[2026-09-09T11:55:52.551Z] [AGENT1-SUPERVISOR] Configuring registry keys for clean visible startup...
[2026-09-09T11:55:52.553Z] [AGENT1-SUPERVISOR] Registry keys successfully set.
[2026-09-09T11:55:52.553Z] [AGENT1-SUPERVISOR] Spawning Cscape visibly: "C:\Program Files (x86)\Cscape 10.2\Cscape.exe" "C:\HornerAI\horner-cscape-mcp\artifacts\projects\TankLevelClosedLoop\TankLevelClosedLoop.csp" (Cwd: C:\Program Files (x86)\Cscape 10.2)
[2026-09-09T11:55:52.581Z] [AGENT1-SUPERVISOR] CreateProcessW with breakaway failed, retrying without breakaway...
[2026-09-09T11:55:52.614Z] [AGENT1-SUPERVISOR] Successfully spawned Cscape PID=22560
[2026-09-09T11:55:52.614Z] [AGENT1-SUPERVISOR] Monitoring startup and dialogs (up to 35 seconds)...
[2026-09-09T11:56:02.404Z] [AGENT1-SUPERVISOR] --------------------------------------------------------------------------------
[2026-09-09T11:56:02.410Z] [AGENT1-SUPERVISOR] Cscape Window Located: PID=22560, HWND=0x01C90338, Title='Cscape - [TankLevelClosedLoop.csp]'
[2026-09-09T11:56:02.410Z] [AGENT1-SUPERVISOR] IsWindowVisible=True, IsWindowEnabled=True, IsHungAppWindow=False, HasProject=True
[2026-09-09T11:56:06.709Z] [AGENT1-SUPERVISOR] Dismissing splash dialog HWND=0x01FB06C6 ('About Cscape')...
[2026-09-09T11:56:06.837Z] [AGENT1-SUPERVISOR] Project Navigator visibility status: True
[2026-09-09T11:56:06.839Z] [AGENT1-SUPERVISOR] Capturing live screenshot proof for HWND=0x01C90338...
[2026-09-09T11:56:07.275Z] [AGENT1-SUPERVISOR] Saved screenshot proof: C:\HornerAI\horner-cscape-mcp\artifacts\screenshots\live_cscape_tanklevel_visible.png (1300x636, 96422 bytes)
[2026-09-09T11:56:07.389Z] [AGENT1-SUPERVISOR] Saved screenshot proof: C:\Users\ArmandoSilva\artifacts\screenshots\live_cscape_tanklevel_visible.png (1300x636, 96422 bytes)
[2026-09-09T11:56:07.391Z] [AGENT1-SUPERVISOR] Updating gate files for PID=22560, HWND=0x01C90338...
[2026-09-09T11:56:07.395Z] [AGENT1-SUPERVISOR] ================================================================================
[2026-09-09T11:56:07.395Z] [AGENT1-SUPERVISOR] CSCAPE VERIFIED VISIBLE ON INTERACTIVE DESKTOP: PID=22560, HWND=0x01C90338
[2026-09-09T11:56:07.397Z] [AGENT1-SUPERVISOR] ================================================================================
[2026-09-09T11:56:50.492Z] [AGENT1-SUPERVISOR] Watchdog health check cycle 4500: PID=22560, HWND=0x01C90338, Title='Cscape - Logged In : "armando@controlnautas.com" - [TankLevelClosedLoop.csp]'
[2026-09-09T11:57:51.917Z] [AGENT1-SUPERVISOR] Watchdog health check cycle 4530: PID=22560, HWND=0x01C90338, Title='Cscape - Logged In : "armando@controlnautas.com" - [TankLevelClosedLoop.csp]'
[2026-09-09T11:58:06.336Z] [AGENT1-SUPERVISOR] Saved screenshot proof: C:\HornerAI\horner-cscape-mcp\artifacts\screenshots\live_cscape_tanklevel_visible.png (1296x584, 100696 bytes)
[2026-09-09T11:58:06.376Z] [AGENT1-SUPERVISOR] Saved screenshot proof: C:\Users\ArmandoSilva\artifacts\screenshots\live_cscape_tanklevel_visible.png (1296x584, 100696 bytes)
[2026-09-09T11:58:53.083Z] [AGENT1-SUPERVISOR] Watchdog health check cycle 4560: PID=22560, HWND=0x01C90338, Title='Cscape - Logged In : "armando@controlnautas.com" - [TankLevelClosedLoop.csp]'
[2026-09-09T11:59:54.831Z] [AGENT1-SUPERVISOR] Watchdog health check cycle 4590: PID=22560, HWND=0x01C90338, Title='Cscape - Logged In : "armando@controlnautas.com" - [TankLevelClosedLoop.csp]'
[2026-09-09T12:00:57.003Z] [AGENT1-SUPERVISOR] Watchdog health check cycle 4620: PID=22560, HWND=0x01C90338, Title='Cscape - Logged In : "armando@controlnautas.com" - [TankLevelClosedLoop.csp]'
[2026-09-09T12:01:59.620Z] [AGENT1-SUPERVISOR] Watchdog health check cycle 4650: PID=22560, HWND=0x01C90338, Title='Cscape - Logged In : "armando@controlnautas.com" - [TankLevelClosedLoop.csp]'
[2026-09-09T12:03:03.904Z] [AGENT1-SUPERVISOR] Watchdog health check cycle 4680: PID=22560, HWND=0x01C90338, Title='Cscape - Logged In : "armando@controlnautas.com" - [TankLevelClosedLoop.csp]'
[2026-09-09T12:04:06.271Z] [AGENT1-SUPERVISOR] Watchdog health check cycle 4710: PID=22560, HWND=0x01C90338, Title='Cscape - Logged In : "armando@controlnautas.com" - [TankLevelClosedLoop.csp]'
[2026-09-09T12:05:08.791Z] [AGENT1-SUPERVISOR] Watchdog health check cycle 4740: PID=22560, HWND=0x01C90338, Title='Cscape - Logged In : "armando@controlnautas.com" - [TankLevelClosedLoop.csp]'
[2026-09-09T12:06:11.176Z] [AGENT1-SUPERVISOR] Watchdog health check cycle 4770: PID=22560, HWND=0x01C90338, Title='Cscape - Logged In : "armando@controlnautas.com" - [TankLevelClosedLoop.csp]'
[2026-09-09T12:07:13.181Z] [AGENT1-SUPERVISOR] Watchdog health check cycle 4800: PID=22560, HWND=0x01C90338, Title='Cscape - Logged In : "armando@controlnautas.com" - [TankLevelClosedLoop.csp]'
[2026-09-09T12:08:15.339Z] [AGENT1-SUPERVISOR] Watchdog health check cycle 4830: PID=22560, HWND=0x01C90338, Title='Cscape - Logged In : "armando@controlnautas.com" - [TankLevelClosedLoop.csp]'
[2026-09-09T12:09:17.360Z] [AGENT1-SUPERVISOR] Watchdog health check cycle 4860: PID=22560, HWND=0x01C90338, Title='Cscape - Logged In : "armando@controlnautas.com" - [TankLevelClosedLoop.csp]'
[2026-09-09T12:10:20.091Z] [AGENT1-SUPERVISOR] Watchdog health check cycle 4890: PID=22560, HWND=0x01C90338, Title='Cscape - Logged In : "armando@controlnautas.com" - [TankLevelClosedLoop.csp]'
[2026-09-09T12:11:20.871Z] [AGENT1-SUPERVISOR] Watchdog health check cycle 4920: PID=22560, HWND=0x01C90338, Title='Cscape - Logged In : "armando@controlnautas.com" - [TankLevelClosedLoop.csp]'
[2026-09-09T12:12:23.859Z] [AGENT1-SUPERVISOR] Watchdog health check cycle 4950: PID=22560, HWND=0x01C90338, Title='Cscape - Logged In : "armando@controlnautas.com" - [TankLevelClosedLoop.csp]'
[2026-09-09T12:13:25.666Z] [AGENT1-SUPERVISOR] Watchdog health check cycle 4980: PID=22560, HWND=0x01C90338, Title='Cscape - Logged In : "armando@controlnautas.com" - [TankLevelClosedLoop.csp]'
[2026-09-09T12:14:28.496Z] [AGENT1-SUPERVISOR] Watchdog health check cycle 5010: PID=22560, HWND=0x01C90338, Title='Cscape - Logged In : "armando@controlnautas.com" - [TankLevelClosedLoop.csp]'
[2026-09-09T12:15:31.661Z] [AGENT1-SUPERVISOR] Watchdog health check cycle 5040: PID=22560, HWND=0x01C90338, Title='Cscape - Logged In : "armando@controlnautas.com" - [TankLevelClosedLoop.csp]'
[2026-09-09T12:16:34.097Z] [AGENT1-SUPERVISOR] Watchdog health check cycle 5070: PID=22560, HWND=0x01C90338, Title='Cscape - Logged In : "armando@controlnautas.com" - [TankLevelClosedLoop.csp]'
[2026-09-09T12:17:36.952Z] [AGENT1-SUPERVISOR] Watchdog health check cycle 5100: PID=22560, HWND=0x01C90338, Title='Cscape - Logged In : "armando@controlnautas.com" - [TankLevelClosedLoop.csp]'
[2026-09-09T12:18:38.765Z] [AGENT1-SUPERVISOR] Watchdog health check cycle 5130: PID=22560, HWND=0x01C90338, Title='Cscape - Logged In : "armando@controlnautas.com" - [TankLevelClosedLoop.csp]'
[2026-09-09T12:19:41.906Z] [AGENT1-SUPERVISOR] Watchdog health check cycle 5160: PID=22560, HWND=0x01C90338, Title='Cscape - Logged In : "armando@controlnautas.com" - [TankLevelClosedLoop.csp]'
[2026-09-09T12:20:43.462Z] [AGENT1-SUPERVISOR] Watchdog health check cycle 5190: PID=22560, HWND=0x01C90338, Title='Cscape - Logged In : "armando@controlnautas.com" - [TankLevelClosedLoop.csp]'
[2026-09-09T12:21:44.051Z] [AGENT1-SUPERVISOR] Watchdog health check cycle 5220: PID=22560, HWND=0x01C90338, Title='Cscape - Logged In : "armando@controlnautas.com" - [TankLevelClosedLoop.csp]'
[2026-09-09T12:22:44.656Z] [AGENT1-SUPERVISOR] Watchdog health check cycle 5250: PID=22560, HWND=0x01C90338, Title='Cscape - Logged In : "armando@controlnautas.com" - [TankLevelClosedLoop.csp]'
[2026-09-09T12:23:48.074Z] [AGENT1-SUPERVISOR] Watchdog health check cycle 5280: PID=22560, HWND=0x01C90338, Title='Cscape - Logged In : "armando@controlnautas.com" - [TankLevelClosedLoop.csp]'
[2026-09-09T12:24:49.722Z] [AGENT1-SUPERVISOR] Watchdog health check cycle 5310: PID=22560, HWND=0x01C90338, Title='Cscape - Logged In : "armando@controlnautas.com" - [TankLevelClosedLoop.csp]'
[2026-09-09T12:25:50.262Z] [AGENT1-SUPERVISOR] Watchdog health check cycle 5340: PID=22560, HWND=0x01C90338, Title='Cscape - Logged In : "armando@controlnautas.com" - [TankLevelClosedLoop.csp]'
[2026-09-09T12:26:50.573Z] [AGENT1-SUPERVISOR] Watchdog health check cycle 5370: PID=22560, HWND=0x01C90338, Title='Cscape - Logged In : "armando@controlnautas.com" - [TankLevelClosedLoop.csp]'
[2026-09-09T12:27:50.874Z] [AGENT1-SUPERVISOR] Watchdog health check cycle 5400: PID=22560, HWND=0x01C90338, Title='Cscape - Logged In : "armando@controlnautas.com" - [TankLevelClosedLoop.csp]'
[2026-09-09T12:28:51.207Z] [AGENT1-SUPERVISOR] Watchdog health check cycle 5430: PID=22560, HWND=0x01C90338, Title='Cscape - Logged In : "armando@controlnautas.com" - [TankLevelClosedLoop.csp]'
[2026-09-09T12:29:51.556Z] [AGENT1-SUPERVISOR] Watchdog health check cycle 5460: PID=22560, HWND=0x01C90338, Title='Cscape - Logged In : "armando@controlnautas.com" - [TankLevelClosedLoop.csp]'
[2026-09-09T12:30:51.944Z] [AGENT1-SUPERVISOR] Watchdog health check cycle 5490: PID=22560, HWND=0x01C90338, Title='Cscape - Logged In : "armando@controlnautas.com" - [TankLevelClosedLoop.csp]'
[2026-09-09T12:31:52.261Z] [AGENT1-SUPERVISOR] Watchdog health check cycle 5520: PID=22560, HWND=0x01C90338, Title='Cscape - Logged In : "armando@controlnautas.com" - [TankLevelClosedLoop.csp]'
[2026-09-09T12:32:52.565Z] [AGENT1-SUPERVISOR] Watchdog health check cycle 5550: PID=22560, HWND=0x01C90338, Title='Cscape - Logged In : "armando@controlnautas.com" - [TankLevelClosedLoop.csp]'
[2026-09-09T12:33:52.950Z] [AGENT1-SUPERVISOR] Watchdog health check cycle 5580: PID=22560, HWND=0x01C90338, Title='Cscape - Logged In : "armando@controlnautas.com" - [TankLevelClosedLoop.csp]'
[2026-09-09T12:34:53.310Z] [AGENT1-SUPERVISOR] Watchdog health check cycle 5610: PID=22560, HWND=0x01C90338, Title='Cscape - Logged In : "armando@controlnautas.com" - [TankLevelClosedLoop.csp]'
[2026-09-09T12:35:53.747Z] [AGENT1-SUPERVISOR] Watchdog health check cycle 5640: PID=22560, HWND=0x01C90338, Title='Cscape - Logged In : "armando@controlnautas.com" - [TankLevelClosedLoop.csp]'
[2026-09-09T12:36:54.054Z] [AGENT1-SUPERVISOR] Watchdog health check cycle 5670: PID=22560, HWND=0x01C90338, Title='Cscape - Logged In : "armando@controlnautas.com" - [TankLevelClosedLoop.csp]'
[2026-09-09T12:37:55.335Z] [AGENT1-SUPERVISOR] Watchdog health check cycle 5700: PID=22560, HWND=0x01C90338, Title='Cscape - Logged In : "armando@controlnautas.com" - [TankLevelClosedLoop.csp]'
[2026-09-09T12:38:55.718Z] [AGENT1-SUPERVISOR] Watchdog health check cycle 5730: PID=22560, HWND=0x01C90338, Title='Cscape - Logged In : "armando@controlnautas.com" - [TankLevelClosedLoop.csp]'
[2026-09-09T15:02:14.608Z] [AGENT1-SUPERVISOR] ================================================================================
[2026-09-09T15:02:14.610Z] [AGENT1-SUPERVISOR] STARTING CSCAPE VISIBLE SETUP & VERIFICATION
[2026-09-09T15:02:14.610Z] [AGENT1-SUPERVISOR] ================================================================================
[2026-09-09T15:02:14.619Z] [AGENT1-SUPERVISOR] Killing any lingering Cscape processes...
[2026-09-09T15:02:14.647Z] [AGENT1-SUPERVISOR] Terminating Cscape PID 19196...
[2026-09-09T15:02:16.364Z] [AGENT1-SUPERVISOR] Configuring registry keys for clean visible startup...
[2026-09-09T15:02:16.366Z] [AGENT1-SUPERVISOR] Registry keys successfully set.
[2026-09-09T15:02:16.366Z] [AGENT1-SUPERVISOR] Spawning Cscape visibly: "C:\Program Files (x86)\Cscape 10.2\Cscape.exe" "C:\HornerAI\horner-cscape-mcp\artifacts\projects\TankLevelClosedLoop\TankLevelClosedLoop.csp" (Cwd: C:\Program Files (x86)\Cscape 10.2)
[2026-09-09T15:02:16.390Z] [AGENT1-SUPERVISOR] Successfully spawned Cscape PID=20936
[2026-09-09T15:02:16.390Z] [AGENT1-SUPERVISOR] Monitoring startup and dialogs (up to 35 seconds)...
[2026-09-09T15:02:26.011Z] [AGENT1-SUPERVISOR] Dismissing splash dialog HWND=0x02380892 ('About Cscape')...
[2026-09-09T15:02:51.811Z] [AGENT1-SUPERVISOR] Main title is 'Cscape'. Sending ID_FILE_MRU_FILE1 (57616)...
[2026-09-09T15:02:54.848Z] [AGENT1-SUPERVISOR] --------------------------------------------------------------------------------
[2026-09-09T15:02:54.850Z] [AGENT1-SUPERVISOR] Cscape Window Located: PID=20936, HWND=0x00EA0386, Title='Cscape'
[2026-09-09T15:03:04.966Z] [AGENT1-SUPERVISOR] IsWindowVisible=False, IsWindowEnabled=False, IsHungAppWindow=False, HasProject=False
[2026-09-09T15:03:22.104Z] [AGENT1-SUPERVISOR] ================================================================================
[2026-09-09T15:03:22.105Z] [AGENT1-SUPERVISOR] STARTING CSCAPE VISIBLE SETUP & VERIFICATION
[2026-09-09T15:03:22.105Z] [AGENT1-SUPERVISOR] ================================================================================
[2026-09-09T15:03:22.115Z] [AGENT1-SUPERVISOR] Killing any lingering Cscape processes...
[2026-09-09T15:03:23.407Z] [AGENT1-SUPERVISOR] Configuring registry keys for clean visible startup...
[2026-09-09T15:03:23.409Z] [AGENT1-SUPERVISOR] Registry keys successfully set.
[2026-09-09T15:03:23.409Z] [AGENT1-SUPERVISOR] Spawning Cscape visibly: "C:\Program Files (x86)\Cscape 10.2\Cscape.exe" "C:\HornerAI\horner-cscape-mcp\artifacts\projects\TankLevelClosedLoop\TankLevelClosedLoop.csp" (Cwd: C:\Program Files (x86)\Cscape 10.2)
[2026-09-09T15:03:23.426Z] [AGENT1-SUPERVISOR] Successfully spawned Cscape PID=16472
[2026-09-09T15:03:23.426Z] [AGENT1-SUPERVISOR] Monitoring startup and dialogs (up to 35 seconds)...
[2026-09-09T15:03:33.437Z] [AGENT1-SUPERVISOR] --------------------------------------------------------------------------------
[2026-09-09T15:03:33.440Z] [AGENT1-SUPERVISOR] Cscape Window Located: PID=16472, HWND=0x01B703AC, Title='Cscape - [TankLevelClosedLoop.csp]'
[2026-09-09T15:03:33.440Z] [AGENT1-SUPERVISOR] IsWindowVisible=True, IsWindowEnabled=True, IsHungAppWindow=False, HasProject=True
[2026-09-09T15:03:37.525Z] [AGENT1-SUPERVISOR] Dismissing splash dialog HWND=0x01180BF6 ('About Cscape')...
[2026-09-09T15:03:37.726Z] [AGENT1-SUPERVISOR] Project Navigator visibility status: True
[2026-09-09T15:03:37.728Z] [AGENT1-SUPERVISOR] Capturing live screenshot proof for HWND=0x01B703AC...
[2026-09-09T15:03:38.318Z] [AGENT1-SUPERVISOR] Saved screenshot proof: C:\HornerAI\horner-cscape-mcp\artifacts\screenshots\live_cscape_tanklevel_visible.png (1300x780, 90188 bytes)
[2026-09-09T15:03:38.476Z] [AGENT1-SUPERVISOR] Saved screenshot proof: C:\Users\ArmandoSilva\artifacts\screenshots\live_cscape_tanklevel_visible.png (1300x780, 90188 bytes)
[2026-09-09T15:03:38.478Z] [AGENT1-SUPERVISOR] Updating gate files for PID=16472, HWND=0x01B703AC...
[2026-09-09T15:03:38.486Z] [AGENT1-SUPERVISOR] ================================================================================
[2026-09-09T15:03:38.486Z] [AGENT1-SUPERVISOR] CSCAPE VERIFIED VISIBLE ON INTERACTIVE DESKTOP: PID=16472, HWND=0x01B703AC
[2026-09-09T15:03:38.488Z] [AGENT1-SUPERVISOR] ================================================================================
[2026-09-09T15:06:39.308Z] [AGENT1-SUPERVISOR] ================================================================================
[2026-09-09T15:06:39.310Z] [AGENT1-SUPERVISOR] STARTING CSCAPE VISIBLE SETUP & VERIFICATION
[2026-09-09T15:06:39.310Z] [AGENT1-SUPERVISOR] ================================================================================
[2026-09-09T15:06:39.324Z] [AGENT1-SUPERVISOR] Killing any lingering Cscape processes...
[2026-09-09T15:06:40.530Z] [AGENT1-SUPERVISOR] Configuring registry keys for clean visible startup...
[2026-09-09T15:06:40.530Z] [AGENT1-SUPERVISOR] Registry keys successfully set.
[2026-09-09T15:06:40.531Z] [AGENT1-SUPERVISOR] Spawning Cscape visibly: "C:\Program Files (x86)\Cscape 10.2\Cscape.exe" "C:\HornerAI\horner-cscape-mcp\artifacts\projects\TankLevelClosedLoop\TankLevelClosedLoop.csp" (Cwd: C:\Program Files (x86)\Cscape 10.2)
[2026-09-09T15:06:40.552Z] [AGENT1-SUPERVISOR] Successfully spawned Cscape PID=7428
[2026-09-09T15:06:40.552Z] [AGENT1-SUPERVISOR] Monitoring startup and dialogs (up to 35 seconds)...
[2026-09-09T15:06:49.001Z] [AGENT1-SUPERVISOR] --------------------------------------------------------------------------------
[2026-09-09T15:06:49.009Z] [AGENT1-SUPERVISOR] Cscape Window Located: PID=7428, HWND=0x0091028E, Title='Cscape - [TankLevelClosedLoop.csp]'
[2026-09-09T15:06:49.010Z] [AGENT1-SUPERVISOR] IsWindowVisible=True, IsWindowEnabled=True, IsHungAppWindow=False, HasProject=True
[2026-09-09T15:06:53.637Z] [AGENT1-SUPERVISOR] Dismissing splash dialog HWND=0x00370BC4 ('About Cscape')...
[2026-09-09T15:06:53.763Z] [AGENT1-SUPERVISOR] Project Navigator visibility status: True
[2026-09-09T15:06:53.763Z] [AGENT1-SUPERVISOR] Capturing live screenshot proof for HWND=0x0091028E...
[2026-09-09T15:06:54.182Z] [AGENT1-SUPERVISOR] Saved screenshot proof: C:\HornerAI\horner-cscape-mcp\artifacts\screenshots\live_cscape_tanklevel_visible.png (1300x780, 83771 bytes)
[2026-09-09T15:06:54.300Z] [AGENT1-SUPERVISOR] Saved screenshot proof: C:\Users\ArmandoSilva\artifacts\screenshots\live_cscape_tanklevel_visible.png (1300x780, 83771 bytes)
[2026-09-09T15:06:54.316Z] [AGENT1-SUPERVISOR] Updating gate files for PID=7428, HWND=0x0091028E...
[2026-09-09T15:06:54.368Z] [AGENT1-SUPERVISOR] ================================================================================
[2026-09-09T15:06:54.368Z] [AGENT1-SUPERVISOR] CSCAPE VERIFIED VISIBLE ON INTERACTIVE DESKTOP: PID=7428, HWND=0x0091028E
[2026-09-09T15:06:54.370Z] [AGENT1-SUPERVISOR] ================================================================================
[2026-09-09T19:10:57.506Z] [AGENT1-SUPERVISOR] ================================================================================
[2026-09-09T19:10:57.508Z] [AGENT1-SUPERVISOR] STARTING CSCAPE VISIBLE SETUP & VERIFICATION
[2026-09-09T19:10:57.508Z] [AGENT1-SUPERVISOR] ================================================================================
[2026-09-09T19:10:57.526Z] [AGENT1-SUPERVISOR] Killing any lingering Cscape processes...
[2026-09-09T19:10:57.544Z] [AGENT1-SUPERVISOR] Terminating Cscape PID 20964...
[2026-09-09T19:10:59.252Z] [AGENT1-SUPERVISOR] Configuring registry keys for clean visible startup...
[2026-09-09T19:10:59.252Z] [AGENT1-SUPERVISOR] Registry keys successfully set.
[2026-09-09T19:10:59.252Z] [AGENT1-SUPERVISOR] Spawning Cscape visibly: "C:\Program Files (x86)\Cscape 10.2\Cscape.exe" "C:\HornerAI\horner-cscape-mcp\artifacts\projects\TankLevelClosedLoop\TankLevelClosedLoop.csp" (Cwd: C:\Program Files (x86)\Cscape 10.2)
[2026-09-09T19:10:59.254Z] [AGENT1-SUPERVISOR] CreateProcessW with breakaway failed, retrying without breakaway...
[2026-09-09T19:10:59.275Z] [AGENT1-SUPERVISOR] Successfully spawned Cscape PID=22072
[2026-09-09T19:10:59.275Z] [AGENT1-SUPERVISOR] Monitoring startup and dialogs (up to 35 seconds)...
[2026-09-09T19:11:07.680Z] [AGENT1-SUPERVISOR] --------------------------------------------------------------------------------
[2026-09-09T19:11:07.681Z] [AGENT1-SUPERVISOR] Cscape Window Located: PID=22072, HWND=0x0141024C, Title='Cscape - [TankLevelClosedLoop.csp]'
[2026-09-09T19:11:07.681Z] [AGENT1-SUPERVISOR] IsWindowVisible=True, IsWindowEnabled=True, IsHungAppWindow=False, HasProject=True
[2026-09-09T19:11:11.673Z] [AGENT1-SUPERVISOR] Dismissing splash dialog HWND=0x00AC08D6 ('About Cscape')...
[2026-09-09T19:11:11.827Z] [AGENT1-SUPERVISOR] Project Navigator visibility status: True
[2026-09-09T19:11:11.827Z] [AGENT1-SUPERVISOR] Capturing live screenshot proof for HWND=0x0141024C...
[2026-09-09T19:11:12.335Z] [AGENT1-SUPERVISOR] Saved screenshot proof: C:\HornerAI\horner-cscape-mcp\artifacts\screenshots\live_cscape_tanklevel_visible.png (1300x636, 89006 bytes)
[2026-09-09T19:11:12.456Z] [AGENT1-SUPERVISOR] Saved screenshot proof: C:\Users\ArmandoSilva\artifacts\screenshots\live_cscape_tanklevel_visible.png (1300x636, 89006 bytes)
[2026-09-09T19:11:12.511Z] [AGENT1-SUPERVISOR] Updating gate files for PID=22072, HWND=0x0141024C...
[2026-09-09T19:11:12.515Z] [AGENT1-SUPERVISOR] ================================================================================
[2026-09-09T19:11:12.517Z] [AGENT1-SUPERVISOR] CSCAPE VERIFIED VISIBLE ON INTERACTIVE DESKTOP: PID=22072, HWND=0x0141024C
[2026-09-09T19:11:12.517Z] [AGENT1-SUPERVISOR] ================================================================================
[2026-09-09T19:14:50.821Z] [AGENT1-SUPERVISOR] Saved screenshot proof: C:\HornerAI\horner-cscape-mcp\artifacts\screenshots\live_cscape_tanklevel_visible.png (1296x584, 87025 bytes)
[2026-09-09T19:14:50.996Z] [AGENT1-SUPERVISOR] Saved screenshot proof: C:\Users\ArmandoSilva\artifacts\screenshots\live_cscape_tanklevel_visible.png (1296x584, 87025 bytes)
[2026-09-09T19:15:57.882Z] [AGENT1-SUPERVISOR] Saved screenshot proof: C:\HornerAI\horner-cscape-mcp\artifacts\screenshots\live_cscape_tanklevel_visible.png (1296x584, 88386 bytes)
[2026-09-09T19:15:57.930Z] [AGENT1-SUPERVISOR] Saved screenshot proof: C:\Users\ArmandoSilva\artifacts\screenshots\live_cscape_tanklevel_visible.png (1296x584, 88386 bytes)
[2026-09-09T19:16:47.245Z] [AGENT1-SUPERVISOR] Saved screenshot proof: C:\HornerAI\horner-cscape-mcp\artifacts\screenshots\live_cscape_tanklevel_visible.png (1300x636, 89381 bytes)
[2026-09-09T19:16:47.283Z] [AGENT1-SUPERVISOR] Saved screenshot proof: C:\Users\ArmandoSilva\artifacts\screenshots\live_cscape_tanklevel_visible.png (1300x636, 89381 bytes)
[2026-09-09T19:19:24.619Z] [AGENT1-SUPERVISOR] Saved screenshot proof: C:\HornerAI\horner-cscape-mcp\artifacts\screenshots\live_cscape_tanklevel_visible.png (1300x636, 89381 bytes)
[2026-09-09T19:19:24.662Z] [AGENT1-SUPERVISOR] Saved screenshot proof: C:\Users\ArmandoSilva\artifacts\screenshots\live_cscape_tanklevel_visible.png (1300x636, 89381 bytes)
[2026-09-09T19:20:14.982Z] [AGENT1-SUPERVISOR] Saved screenshot proof: C:\HornerAI\horner-cscape-mcp\artifacts\screenshots\live_cscape_tanklevel_visible.png (1296x584, 76536 bytes)
[2026-09-09T19:20:15.029Z] [AGENT1-SUPERVISOR] Saved screenshot proof: C:\Users\ArmandoSilva\artifacts\screenshots\live_cscape_tanklevel_visible.png (1296x584, 76536 bytes)
[2026-09-09T19:20:30.521Z] [AGENT1-SUPERVISOR] Saved screenshot proof: C:\HornerAI\horner-cscape-mcp\artifacts\screenshots\live_cscape_tanklevel_visible.png (1300x636, 88724 bytes)
[2026-09-09T19:20:30.871Z] [AGENT1-SUPERVISOR] Saved screenshot proof: C:\Users\ArmandoSilva\artifacts\screenshots\live_cscape_tanklevel_visible.png (1300x636, 88724 bytes)
[2026-09-09T19:21:17.457Z] [AGENT1-SUPERVISOR] Saved screenshot proof: C:\HornerAI\horner-cscape-mcp\artifacts\screenshots\live_cscape_tanklevel_visible.png (1300x636, 91347 bytes)
[2026-09-09T19:21:17.611Z] [AGENT1-SUPERVISOR] Saved screenshot proof: C:\Users\ArmandoSilva\artifacts\screenshots\live_cscape_tanklevel_visible.png (1300x636, 91347 bytes)
[2026-09-09T19:24:15.057Z] [AGENT1-SUPERVISOR] Saved screenshot proof: C:\HornerAI\horner-cscape-mcp\artifacts\screenshots\live_cscape_tanklevel_visible.png (1300x636, 97327 bytes)
[2026-09-09T19:24:15.180Z] [AGENT1-SUPERVISOR] Saved screenshot proof: C:\Users\ArmandoSilva\artifacts\screenshots\live_cscape_tanklevel_visible.png (1300x636, 97327 bytes)
[2026-09-09T19:24:59.679Z] [AGENT1-SUPERVISOR] Saved screenshot proof: C:\HornerAI\horner-cscape-mcp\artifacts\screenshots\live_cscape_tanklevel_visible.png (1300x636, 101006 bytes)
[2026-09-09T19:24:59.833Z] [AGENT1-SUPERVISOR] Saved screenshot proof: C:\Users\ArmandoSilva\artifacts\screenshots\live_cscape_tanklevel_visible.png (1300x636, 101006 bytes)
[2026-09-09T19:27:07.822Z] [AGENT1-SUPERVISOR] Saved screenshot proof: C:\HornerAI\horner-cscape-mcp\artifacts\screenshots\live_cscape_tanklevel_visible.png (1300x636, 91021 bytes)
[2026-09-09T19:27:07.988Z] [AGENT1-SUPERVISOR] Saved screenshot proof: C:\Users\ArmandoSilva\artifacts\screenshots\live_cscape_tanklevel_visible.png (1300x636, 91021 bytes)
[2026-09-09T19:39:29.521Z] [AGENT1-SUPERVISOR] Saved screenshot proof: C:\HornerAI\horner-cscape-mcp\artifacts\screenshots\live_cscape_tanklevel_visible.png (1296x584, 87976 bytes)
[2026-09-09T19:39:29.556Z] [AGENT1-SUPERVISOR] Saved screenshot proof: C:\Users\ArmandoSilva\artifacts\screenshots\live_cscape_tanklevel_visible.png (1296x584, 87976 bytes)
[2026-09-09T19:39:53.240Z] [AGENT1-SUPERVISOR] Saved screenshot proof: C:\HornerAI\horner-cscape-mcp\artifacts\screenshots\live_cscape_tanklevel_visible.png (1300x636, 92885 bytes)
[2026-09-09T19:39:53.403Z] [AGENT1-SUPERVISOR] Saved screenshot proof: C:\Users\ArmandoSilva\artifacts\screenshots\live_cscape_tanklevel_visible.png (1300x636, 92885 bytes)
[2026-09-09T19:47:38.837Z] [AGENT1-SUPERVISOR] Saved screenshot proof: C:\HornerAI\horner-cscape-mcp\artifacts\screenshots\live_cscape_tanklevel_visible.png (1300x636, 96551 bytes)
[2026-09-09T19:47:38.965Z] [AGENT1-SUPERVISOR] Saved screenshot proof: C:\Users\ArmandoSilva\artifacts\screenshots\live_cscape_tanklevel_visible.png (1300x636, 96551 bytes)
[2026-09-09T19:48:10.154Z] [AGENT1-SUPERVISOR] Saved screenshot proof: C:\HornerAI\horner-cscape-mcp\artifacts\screenshots\live_cscape_tanklevel_visible.png (1300x636, 105056 bytes)
[2026-09-09T19:48:10.277Z] [AGENT1-SUPERVISOR] Saved screenshot proof: C:\Users\ArmandoSilva\artifacts\screenshots\live_cscape_tanklevel_visible.png (1300x636, 105056 bytes)
[2026-09-09T19:49:20.391Z] [AGENT1-SUPERVISOR] Saved screenshot proof: C:\HornerAI\horner-cscape-mcp\artifacts\screenshots\live_cscape_tanklevel_visible.png (1300x636, 97962 bytes)
[2026-09-09T19:49:20.570Z] [AGENT1-SUPERVISOR] Saved screenshot proof: C:\Users\ArmandoSilva\artifacts\screenshots\live_cscape_tanklevel_visible.png (1300x636, 97962 bytes)
[2026-09-09T19:50:07.182Z] [AGENT1-SUPERVISOR] Saved screenshot proof: C:\HornerAI\horner-cscape-mcp\artifacts\screenshots\live_cscape_tanklevel_visible.png (1300x636, 90583 bytes)
[2026-09-09T19:50:07.347Z] [AGENT1-SUPERVISOR] Saved screenshot proof: C:\Users\ArmandoSilva\artifacts\screenshots\live_cscape_tanklevel_visible.png (1300x636, 90583 bytes)
[2026-09-09T19:51:18.813Z] [AGENT1-SUPERVISOR] Saved screenshot proof: C:\HornerAI\horner-cscape-mcp\artifacts\screenshots\live_cscape_tanklevel_visible.png (1300x636, 93037 bytes)
[2026-09-09T19:51:18.852Z] [AGENT1-SUPERVISOR] Saved screenshot proof: C:\Users\ArmandoSilva\artifacts\screenshots\live_cscape_tanklevel_visible.png (1300x636, 93037 bytes)
[2026-09-09T19:52:37.076Z] [AGENT1-SUPERVISOR] ================================================================================
[2026-09-09T19:52:37.076Z] [AGENT1-SUPERVISOR] STARTING CSCAPE VISIBLE SETUP & VERIFICATION
[2026-09-09T19:52:37.076Z] [AGENT1-SUPERVISOR] ================================================================================
[2026-09-09T19:52:37.088Z] [AGENT1-SUPERVISOR] Killing any lingering Cscape processes...
[2026-09-09T19:52:38.348Z] [AGENT1-SUPERVISOR] Configuring registry keys for clean visible startup...
[2026-09-09T19:52:38.348Z] [AGENT1-SUPERVISOR] Registry keys successfully set.
[2026-09-09T19:52:38.348Z] [AGENT1-SUPERVISOR] Spawning Cscape visibly: "C:\Program Files (x86)\Cscape 10.2\Cscape.exe" "C:\HornerAI\horner-cscape-mcp\artifacts\projects\TankLevelClosedLoop\TankLevelClosedLoop.csp" (Cwd: C:\Program Files (x86)\Cscape 10.2)
[2026-09-09T19:52:38.403Z] [AGENT1-SUPERVISOR] Successfully spawned Cscape PID=11152
[2026-09-09T19:52:38.403Z] [AGENT1-SUPERVISOR] Monitoring startup and dialogs (up to 35 seconds)...
[2026-09-09T19:52:45.937Z] [AGENT1-SUPERVISOR] Dismissing splash dialog HWND=0x018709F8 ('About Cscape')...
[2026-09-09T19:53:14.375Z] [AGENT1-SUPERVISOR] Main title is 'Cscape'. Sending ID_FILE_MRU_FILE1 (57616)...
[2026-09-09T19:53:17.391Z] [AGENT1-SUPERVISOR] --------------------------------------------------------------------------------
[2026-09-09T19:53:17.393Z] [AGENT1-SUPERVISOR] Cscape Window Located: PID=11152, HWND=0x02330306, Title='Cscape - [TankLevelClosedLoop.csp]'
[2026-09-09T19:53:27.398Z] [AGENT1-SUPERVISOR] IsWindowVisible=True, IsWindowEnabled=False, IsHungAppWindow=False, HasProject=True
[2026-09-09T19:53:46.493Z] [AGENT1-SUPERVISOR] Killing any lingering Cscape processes...
[2026-09-09T19:53:47.745Z] [AGENT1-SUPERVISOR] Configuring registry keys for clean visible startup...
[2026-09-09T19:53:47.745Z] [AGENT1-SUPERVISOR] Registry keys successfully set.
[2026-09-09T19:53:47.747Z] [AGENT1-SUPERVISOR] Spawning Cscape visibly: "C:\Program Files (x86)\Cscape 10.2\Cscape.exe" "C:\HornerAI\horner-cscape-mcp\artifacts\projects\TankLevelClosedLoop\TankLevelClosedLoop.csp" (Cwd: C:\Program Files (x86)\Cscape 10.2)
[2026-09-09T19:53:47.778Z] [AGENT1-SUPERVISOR] Successfully spawned Cscape PID=20196
[2026-09-09T19:53:55.988Z] [AGENT1-SUPERVISOR] Dismissing splash dialog HWND=0x01B1091E ('About Cscape')...
[2026-09-09T19:54:13.818Z] [AGENT1-SUPERVISOR] Saved screenshot proof: C:\HornerAI\horner-cscape-mcp\artifacts\screenshots\live_cscape_tanklevel_visible.png (1296x584, 53272 bytes)
[2026-09-09T19:54:13.852Z] [AGENT1-SUPERVISOR] Saved screenshot proof: C:\Users\ArmandoSilva\artifacts\screenshots\live_cscape_tanklevel_visible.png (1296x584, 53272 bytes)
[2026-09-09T19:54:52.750Z] [AGENT1-SUPERVISOR] Killing any lingering Cscape processes...
[2026-09-09T19:54:52.772Z] [AGENT1-SUPERVISOR] Terminating Cscape PID 7924...
[2026-09-09T19:54:54.343Z] [AGENT1-SUPERVISOR] Configuring registry keys for clean visible startup...
[2026-09-09T19:54:54.345Z] [AGENT1-SUPERVISOR] Registry keys successfully set.
[2026-09-09T19:54:54.346Z] [AGENT1-SUPERVISOR] Spawning Cscape visibly: "C:\Program Files (x86)\Cscape 10.2\Cscape.exe" "C:\HornerAI\horner-cscape-mcp\artifacts\projects\TankLevelClosedLoop\TankLevelClosedLoop.csp" (Cwd: C:\Program Files (x86)\Cscape 10.2)
[2026-09-09T19:54:54.373Z] [AGENT1-SUPERVISOR] Successfully spawned Cscape PID=23296
[2026-09-09T19:55:26.169Z] [AGENT1-SUPERVISOR] Saved screenshot proof: C:\HornerAI\horner-cscape-mcp\artifacts\screenshots\live_cscape_tanklevel_visible.png (1296x584, 53272 bytes)
[2026-09-09T19:55:26.202Z] [AGENT1-SUPERVISOR] Saved screenshot proof: C:\Users\ArmandoSilva\artifacts\screenshots\live_cscape_tanklevel_visible.png (1296x584, 53272 bytes)
[2026-09-09T19:56:36.643Z] [AGENT1-SUPERVISOR] ================================================================================
[2026-09-09T19:56:36.643Z] [AGENT1-SUPERVISOR] STARTING CSCAPE VISIBLE SETUP & VERIFICATION
[2026-09-09T19:56:36.644Z] [AGENT1-SUPERVISOR] ================================================================================
[2026-09-09T19:56:36.657Z] [AGENT1-SUPERVISOR] Killing any lingering Cscape processes...
[2026-09-09T19:56:37.944Z] [AGENT1-SUPERVISOR] Configuring registry keys for clean visible startup...
[2026-09-09T19:56:37.945Z] [AGENT1-SUPERVISOR] Registry keys successfully set.
[2026-09-09T19:56:37.945Z] [AGENT1-SUPERVISOR] Spawning Cscape visibly: "C:\Program Files (x86)\Cscape 10.2\Cscape.exe" "C:\HornerAI\horner-cscape-mcp\artifacts\projects\TankLevelClosedLoop\TankLevelClosedLoop.csp" (Cwd: C:\Program Files (x86)\Cscape 10.2)
[2026-09-09T19:56:37.971Z] [AGENT1-SUPERVISOR] Successfully spawned Cscape PID=10836
[2026-09-09T19:56:37.972Z] [AGENT1-SUPERVISOR] Monitoring startup and dialogs (up to 35 seconds)...
[2026-09-09T19:56:47.156Z] [AGENT1-SUPERVISOR] --------------------------------------------------------------------------------
[2026-09-09T19:56:47.203Z] [AGENT1-SUPERVISOR] Cscape Window Located: PID=10836, HWND=0x01320112, Title='Cscape - [TankLevelClosedLoop.csp]'
[2026-09-09T19:56:47.205Z] [AGENT1-SUPERVISOR] IsWindowVisible=True, IsWindowEnabled=True, IsHungAppWindow=False, HasProject=True
[2026-09-09T19:56:51.554Z] [AGENT1-SUPERVISOR] Dismissing splash dialog HWND=0x029A077C ('About Cscape')...
[2026-09-09T19:56:51.844Z] [AGENT1-SUPERVISOR] Project Navigator visibility status: True
[2026-09-09T19:56:51.844Z] [AGENT1-SUPERVISOR] Capturing live screenshot proof for HWND=0x01320112...
[2026-09-09T19:56:52.438Z] [AGENT1-SUPERVISOR] Saved screenshot proof: C:\HornerAI\horner-cscape-mcp\artifacts\screenshots\live_cscape_tanklevel_visible.png (1300x636, 89006 bytes)
[2026-09-09T19:56:52.525Z] [AGENT1-SUPERVISOR] Saved screenshot proof: C:\Users\ArmandoSilva\artifacts\screenshots\live_cscape_tanklevel_visible.png (1300x636, 89006 bytes)
[2026-09-09T19:56:52.560Z] [AGENT1-SUPERVISOR] Updating gate files for PID=10836, HWND=0x01320112...
[2026-09-09T19:56:52.711Z] [AGENT1-SUPERVISOR] ================================================================================
[2026-09-09T19:56:52.712Z] [AGENT1-SUPERVISOR] CSCAPE VERIFIED VISIBLE ON INTERACTIVE DESKTOP: PID=10836, HWND=0x01320112
[2026-09-09T19:56:52.713Z] [AGENT1-SUPERVISOR] ================================================================================
[2026-09-09T20:05:33.680Z] [AGENT1-SUPERVISOR] Saved screenshot proof: C:\HornerAI\horner-cscape-mcp\artifacts\screenshots\live_cscape_tanklevel_visible.png (1296x584, 89124 bytes)
[2026-09-09T20:05:33.718Z] [AGENT1-SUPERVISOR] Saved screenshot proof: C:\Users\ArmandoSilva\artifacts\screenshots\live_cscape_tanklevel_visible.png (1296x584, 89124 bytes)
[2026-09-09T20:07:17.095Z] [AGENT1-SUPERVISOR] Saved screenshot proof: C:\HornerAI\horner-cscape-mcp\artifacts\screenshots\live_cscape_tanklevel_visible.png (1296x584, 83520 bytes)
[2026-09-09T20:07:17.151Z] [AGENT1-SUPERVISOR] Saved screenshot proof: C:\Users\ArmandoSilva\artifacts\screenshots\live_cscape_tanklevel_visible.png (1296x584, 83520 bytes)
[2026-09-09T20:08:58.444Z] [AGENT1-SUPERVISOR] Saved screenshot proof: C:\HornerAI\horner-cscape-mcp\artifacts\screenshots\live_cscape_tanklevel_visible.png (1296x584, 89048 bytes)
[2026-09-09T20:08:58.482Z] [AGENT1-SUPERVISOR] Saved screenshot proof: C:\Users\ArmandoSilva\artifacts\screenshots\live_cscape_tanklevel_visible.png (1296x584, 89048 bytes)
[2026-09-09T20:09:12.953Z] [AGENT1-SUPERVISOR] Saved screenshot proof: C:\HornerAI\horner-cscape-mcp\artifacts\screenshots\live_cscape_tanklevel_visible.png (1296x584, 89055 bytes)
[2026-09-09T20:09:12.997Z] [AGENT1-SUPERVISOR] Saved screenshot proof: C:\Users\ArmandoSilva\artifacts\screenshots\live_cscape_tanklevel_visible.png (1296x584, 89055 bytes)
[2026-09-09T20:09:32.071Z] [AGENT1-SUPERVISOR] Saved screenshot proof: C:\HornerAI\horner-cscape-mcp\artifacts\screenshots\live_cscape_tanklevel_visible.png (1296x584, 89055 bytes)
[2026-09-09T20:09:32.121Z] [AGENT1-SUPERVISOR] Saved screenshot proof: C:\Users\ArmandoSilva\artifacts\screenshots\live_cscape_tanklevel_visible.png (1296x584, 89055 bytes)
[2026-09-09T20:12:22.217Z] [AGENT1-SUPERVISOR] Saved screenshot proof: C:\HornerAI\horner-cscape-mcp\artifacts\screenshots\live_cscape_tanklevel_visible.png (1296x584, 94492 bytes)
[2026-09-09T20:12:22.260Z] [AGENT1-SUPERVISOR] Saved screenshot proof: C:\Users\ArmandoSilva\artifacts\screenshots\live_cscape_tanklevel_visible.png (1296x584, 94492 bytes)
[2026-09-09T20:12:55.422Z] [AGENT1-SUPERVISOR] Saved screenshot proof: C:\HornerAI\horner-cscape-mcp\artifacts\screenshots\live_cscape_tanklevel_visible.png (1296x584, 83119 bytes)
[2026-09-09T20:12:55.570Z] [AGENT1-SUPERVISOR] Saved screenshot proof: C:\Users\ArmandoSilva\artifacts\screenshots\live_cscape_tanklevel_visible.png (1296x584, 83119 bytes)
[2026-09-09T20:14:52.151Z] [AGENT1-SUPERVISOR] Saved screenshot proof: C:\HornerAI\horner-cscape-mcp\artifacts\screenshots\live_cscape_tanklevel_visible.png (1296x584, 96436 bytes)
[2026-09-09T20:14:52.188Z] [AGENT1-SUPERVISOR] Saved screenshot proof: C:\Users\ArmandoSilva\artifacts\screenshots\live_cscape_tanklevel_visible.png (1296x584, 96436 bytes)
[2026-09-09T20:17:48.017Z] [AGENT1-SUPERVISOR] Saved screenshot proof: C:\HornerAI\horner-cscape-mcp\artifacts\screenshots\live_cscape_tanklevel_visible.png (1296x584, 96228 bytes)
[2026-09-09T20:17:48.220Z] [AGENT1-SUPERVISOR] Saved screenshot proof: C:\Users\ArmandoSilva\artifacts\screenshots\live_cscape_tanklevel_visible.png (1296x584, 96228 bytes)
[2026-09-09T21:03:03.958Z] [AGENT1-SUPERVISOR] Saved screenshot proof: C:\HornerAI\horner-cscape-mcp\artifacts\screenshots\live_cscape_tanklevel_visible.png (100x100, 1628 bytes)
[2026-09-09T21:03:03.960Z] [AGENT1-SUPERVISOR] Saved screenshot proof: C:\Users\ArmandoSilva\artifacts\screenshots\live_cscape_tanklevel_visible.png (100x100, 1628 bytes)
[2026-09-10T00:05:05.405Z] [AGENT1-SUPERVISOR] ================================================================================
[2026-09-10T00:05:05.407Z] [AGENT1-SUPERVISOR] STARTING CSCAPE VISIBLE SETUP & VERIFICATION
[2026-09-10T00:05:05.407Z] [AGENT1-SUPERVISOR] ================================================================================
[2026-09-10T00:05:05.419Z] [AGENT1-SUPERVISOR] Killing any lingering Cscape processes...
[2026-09-10T00:05:06.909Z] [AGENT1-SUPERVISOR] Configuring registry keys for clean visible startup...
[2026-09-10T00:05:06.911Z] [AGENT1-SUPERVISOR] Registry keys successfully set.
[2026-09-10T00:05:06.911Z] [AGENT1-SUPERVISOR] Spawning Cscape visibly: "C:\Program Files (x86)\Cscape 10.2\Cscape.exe" "C:\HornerAI\horner-cscape-mcp\artifacts\projects\TankLevelClosedLoop\TankLevelClosedLoop.csp" (Cwd: C:\Program Files (x86)\Cscape 10.2)
[2026-09-10T00:05:06.912Z] [AGENT1-SUPERVISOR] CreateProcessW with breakaway failed, retrying without breakaway...
[2026-09-10T00:05:06.936Z] [AGENT1-SUPERVISOR] Successfully spawned Cscape PID=22328
[2026-09-10T00:05:06.938Z] [AGENT1-SUPERVISOR] Monitoring startup and dialogs (up to 35 seconds)...
[2026-09-10T00:05:15.975Z] [AGENT1-SUPERVISOR] --------------------------------------------------------------------------------
[2026-09-10T00:05:15.977Z] [AGENT1-SUPERVISOR] Cscape Window Located: PID=22328, HWND=0x00E4028E, Title='Cscape - [TankLevelClosedLoop.csp]'
[2026-09-10T00:05:15.984Z] [AGENT1-SUPERVISOR] IsWindowVisible=True, IsWindowEnabled=True, IsHungAppWindow=False, HasProject=True
[2026-09-10T00:05:20.317Z] [AGENT1-SUPERVISOR] Dismissing splash dialog HWND=0x011C074A ('About Cscape')...
[2026-09-10T00:05:20.498Z] [AGENT1-SUPERVISOR] Project Navigator visibility status: True
[2026-09-10T00:05:20.498Z] [AGENT1-SUPERVISOR] Capturing live screenshot proof for HWND=0x00E4028E...
[2026-09-10T00:05:21.129Z] [AGENT1-SUPERVISOR] Saved screenshot proof: C:\HornerAI\horner-cscape-mcp\artifacts\screenshots\live_cscape_tanklevel_visible.png (820x660, 76529 bytes)
[2026-09-10T00:05:21.392Z] [AGENT1-SUPERVISOR] Saved screenshot proof: C:\Users\ArmandoSilva\artifacts\screenshots\live_cscape_tanklevel_visible.png (820x660, 76529 bytes)
[2026-09-10T00:05:21.395Z] [AGENT1-SUPERVISOR] Updating gate files for PID=22328, HWND=0x00E4028E...
[2026-09-10T00:05:21.400Z] [AGENT1-SUPERVISOR] ================================================================================
[2026-09-10T00:05:21.401Z] [AGENT1-SUPERVISOR] CSCAPE VERIFIED VISIBLE ON INTERACTIVE DESKTOP: PID=22328, HWND=0x00E4028E
[2026-09-10T00:05:21.402Z] [AGENT1-SUPERVISOR] ================================================================================
[2026-09-10T00:06:28.810Z] [AGENT1-SUPERVISOR] ================================================================================
[2026-09-10T00:06:28.810Z] [AGENT1-SUPERVISOR] STARTING CSCAPE VISIBLE SETUP & VERIFICATION
[2026-09-10T00:06:28.814Z] [AGENT1-SUPERVISOR] ================================================================================
[2026-09-10T00:06:28.828Z] [AGENT1-SUPERVISOR] Killing any lingering Cscape processes...
[2026-09-10T00:06:30.108Z] [AGENT1-SUPERVISOR] Configuring registry keys for clean visible startup...
[2026-09-10T00:06:30.108Z] [AGENT1-SUPERVISOR] Registry keys successfully set.
[2026-09-10T00:06:30.108Z] [AGENT1-SUPERVISOR] Spawning Cscape visibly: "C:\Program Files (x86)\Cscape 10.2\Cscape.exe" "C:\HornerAI\horner-cscape-mcp\artifacts\projects\TankLevelClosedLoop\TankLevelClosedLoop.csp" (Cwd: C:\Program Files (x86)\Cscape 10.2)
[2026-09-10T00:06:30.110Z] [AGENT1-SUPERVISOR] CreateProcessW with breakaway failed, retrying without breakaway...
[2026-09-10T00:06:30.150Z] [AGENT1-SUPERVISOR] Successfully spawned Cscape PID=19836
[2026-09-10T00:06:30.150Z] [AGENT1-SUPERVISOR] Monitoring startup and dialogs (up to 35 seconds)...
[2026-09-10T00:06:40.235Z] [AGENT1-SUPERVISOR] --------------------------------------------------------------------------------
[2026-09-10T00:06:40.248Z] [AGENT1-SUPERVISOR] Cscape Window Located: PID=19836, HWND=0x02C100A6, Title='Cscape - [TankLevelClosedLoop.csp]'
[2026-09-10T00:06:40.248Z] [AGENT1-SUPERVISOR] IsWindowVisible=True, IsWindowEnabled=True, IsHungAppWindow=False, HasProject=True
[2026-09-10T00:06:44.632Z] [AGENT1-SUPERVISOR] Dismissing splash dialog HWND=0x01F70796 ('About Cscape')...
[2026-09-10T00:06:44.784Z] [AGENT1-SUPERVISOR] Project Navigator visibility status: True
[2026-09-10T00:06:44.784Z] [AGENT1-SUPERVISOR] Capturing live screenshot proof for HWND=0x02C100A6...
[2026-09-10T00:06:45.366Z] [AGENT1-SUPERVISOR] Saved screenshot proof: C:\HornerAI\horner-cscape-mcp\artifacts\screenshots\live_cscape_tanklevel_visible.png (820x660, 76529 bytes)
[2026-09-10T00:06:45.519Z] [AGENT1-SUPERVISOR] Saved screenshot proof: C:\Users\ArmandoSilva\artifacts\screenshots\live_cscape_tanklevel_visible.png (820x660, 76529 bytes)
[2026-09-10T00:06:45.521Z] [AGENT1-SUPERVISOR] Updating gate files for PID=19836, HWND=0x02C100A6...
[2026-09-10T00:06:45.528Z] [AGENT1-SUPERVISOR] ================================================================================
[2026-09-10T00:06:45.528Z] [AGENT1-SUPERVISOR] CSCAPE VERIFIED VISIBLE ON INTERACTIVE DESKTOP: PID=19836, HWND=0x02C100A6
[2026-09-10T00:06:45.530Z] [AGENT1-SUPERVISOR] ================================================================================
[2026-09-10T00:06:45.530Z] [AGENT1-SUPERVISOR] Entering autonomous keepalive supervisor loop...
[2026-09-10T00:07:47.139Z] [AGENT1-SUPERVISOR] Watchdog health check cycle 30: PID=19836, HWND=0x02C100A6, Title='Cscape - Logged In : "armando@controlnautas.com" - [TankLevelClosedLoop.csp]'
[2026-09-10T00:08:50.642Z] [AGENT1-SUPERVISOR] Watchdog health check cycle 60: PID=19836, HWND=0x02C100A6, Title='Cscape - Logged In : "armando@controlnautas.com" - [TankLevelClosedLoop.csp]'
[2026-09-10T00:09:55.432Z] [AGENT1-SUPERVISOR] Watchdog health check cycle 90: PID=19836, HWND=0x02C100A6, Title='Cscape - Logged In : "armando@controlnautas.com" - [TankLevelClosedLoop.csp]'
[2026-09-10T00:10:59.413Z] [AGENT1-SUPERVISOR] Watchdog health check cycle 120: PID=19836, HWND=0x02C100A6, Title='Cscape - Logged In : "armando@controlnautas.com" - [TankLevelClosedLoop.csp]'
[2026-09-10T00:12:00.966Z] [AGENT1-SUPERVISOR] Watchdog health check cycle 150: PID=19836, HWND=0x02C100A6, Title='Cscape - Logged In : "armando@controlnautas.com" - [TankLevelClosedLoop.csp]'
[2026-09-10T00:13:02.751Z] [AGENT1-SUPERVISOR] Watchdog health check cycle 180: PID=19836, HWND=0x02C100A6, Title='Cscape - Logged In : "armando@controlnautas.com" - [TankLevelClosedLoop.csp]'
[2026-09-10T00:14:07.281Z] [AGENT1-SUPERVISOR] Watchdog health check cycle 210: PID=19836, HWND=0x02C100A6, Title='Cscape - Logged In : "armando@controlnautas.com" - [TankLevelClosedLoop.csp]'
[2026-09-10T00:15:09.910Z] [AGENT1-SUPERVISOR] Watchdog health check cycle 240: PID=19836, HWND=0x02C100A6, Title='Cscape - Logged In : "armando@controlnautas.com" - [TankLevelClosedLoop.csp]'
[2026-09-10T00:16:09.605Z] [AGENT1-SUPERVISOR] Cscape PID=19836 exited and no active successor found! Relaunching...
[2026-09-10T00:16:09.605Z] [AGENT1-SUPERVISOR] ================================================================================
[2026-09-10T00:16:09.605Z] [AGENT1-SUPERVISOR] STARTING CSCAPE VISIBLE SETUP & VERIFICATION
[2026-09-10T00:16:09.607Z] [AGENT1-SUPERVISOR] ================================================================================
[2026-09-10T00:16:09.617Z] [AGENT1-SUPERVISOR] Killing any lingering Cscape processes...
[2026-09-10T00:16:10.851Z] [AGENT1-SUPERVISOR] Configuring registry keys for clean visible startup...
[2026-09-10T00:16:10.851Z] [AGENT1-SUPERVISOR] Registry keys successfully set.
[2026-09-10T00:16:10.851Z] [AGENT1-SUPERVISOR] Spawning Cscape visibly: "C:\Program Files (x86)\Cscape 10.2\Cscape.exe" "C:\HornerAI\horner-cscape-mcp\artifacts\projects\TankLevelClosedLoop\TankLevelClosedLoop.csp" (Cwd: C:\Program Files (x86)\Cscape 10.2)
[2026-09-10T00:16:10.853Z] [AGENT1-SUPERVISOR] CreateProcessW with breakaway failed, retrying without breakaway...
[2026-09-10T00:16:10.864Z] [AGENT1-SUPERVISOR] Successfully spawned Cscape PID=21016
[2026-09-10T00:16:10.864Z] [AGENT1-SUPERVISOR] Monitoring startup and dialogs (up to 35 seconds)...
[2026-09-10T00:16:25.517Z] [AGENT1-SUPERVISOR] --------------------------------------------------------------------------------
[2026-09-10T00:16:25.517Z] [AGENT1-SUPERVISOR] Cscape Window Located: PID=21016, HWND=0x00E9028E, Title='Cscape - [TankLevelClosedLoop.csp]'
[2026-09-10T00:16:33.601Z] [AGENT1-SUPERVISOR] IsWindowVisible=True, IsWindowEnabled=True, IsHungAppWindow=False, HasProject=True
[2026-09-10T00:16:36.718Z] [AGENT1-SUPERVISOR] Project Navigator visibility status: True
[2026-09-10T00:16:36.718Z] [AGENT1-SUPERVISOR] Capturing live screenshot proof for HWND=0x00E9028E...
[2026-09-10T00:16:36.994Z] [AGENT1-SUPERVISOR] Saved screenshot proof: C:\HornerAI\horner-cscape-mcp\artifacts\screenshots\live_cscape_tanklevel_visible.png (816x608, 76072 bytes)
[2026-09-10T00:16:37.053Z] [AGENT1-SUPERVISOR] Saved screenshot proof: C:\Users\ArmandoSilva\artifacts\screenshots\live_cscape_tanklevel_visible.png (816x608, 76072 bytes)
[2026-09-10T00:16:37.055Z] [AGENT1-SUPERVISOR] Updating gate files for PID=21016, HWND=0x00E9028E...
[2026-09-10T00:16:37.064Z] [AGENT1-SUPERVISOR] ================================================================================
[2026-09-10T00:16:37.064Z] [AGENT1-SUPERVISOR] CSCAPE VERIFIED VISIBLE ON INTERACTIVE DESKTOP: PID=21016, HWND=0x00E9028E
[2026-09-10T00:16:37.064Z] [AGENT1-SUPERVISOR] ================================================================================
[2026-09-10T00:16:41.133Z] [AGENT1-SUPERVISOR] Watchdog health check cycle 270: PID=21016, HWND=0x00E9028E, Title='Cscape - Logged In : "armando@controlnautas.com" - [TankLevelClosedLoop.csp]'
[2026-09-10T00:17:43.955Z] [AGENT1-SUPERVISOR] Watchdog health check cycle 300: PID=21016, HWND=0x00E9028E, Title='Cscape - Logged In : "armando@controlnautas.com" - [TankLevelClosedLoop.csp]'
[2026-09-10T00:18:45.699Z] [AGENT1-SUPERVISOR] Watchdog health check cycle 330: PID=21016, HWND=0x00E9028E, Title='Cscape - Logged In : "armando@controlnautas.com" - [TankLevelClosedLoop.csp]'
[2026-09-10T00:19:47.104Z] [AGENT1-SUPERVISOR] Watchdog health check cycle 360: PID=21016, HWND=0x00E9028E, Title='Cscape - Logged In : "armando@controlnautas.com" - [TankLevelClosedLoop.csp]'
[2026-09-10T00:20:49.379Z] [AGENT1-SUPERVISOR] Watchdog health check cycle 390: PID=21016, HWND=0x00E9028E, Title='Cscape - Logged In : "armando@controlnautas.com" - [TankLevelClosedLoop.csp]'
[2026-09-10T00:21:50.350Z] [AGENT1-SUPERVISOR] Watchdog health check cycle 420: PID=21016, HWND=0x00E9028E, Title='Cscape - Logged In : "armando@controlnautas.com" - [TankLevelClosedLoop.csp]'
[2026-09-10T00:22:52.029Z] [AGENT1-SUPERVISOR] Watchdog health check cycle 450: PID=21016, HWND=0x00E9028E, Title='Cscape - Logged In : "armando@controlnautas.com" - [TankLevelClosedLoop.csp]'
[2026-09-10T00:23:52.616Z] [AGENT1-SUPERVISOR] Watchdog health check cycle 480: PID=21016, HWND=0x00E9028E, Title='Cscape - [TankLevelClosedLoop.csp]'
[2026-09-10T00:24:53.742Z] [AGENT1-SUPERVISOR] Watchdog health check cycle 510: PID=21016, HWND=0x00E9028E, Title='Cscape - Logged In : "armando@controlnautas.com" - [TankLevelClosedLoop.csp]'
[2026-09-10T00:25:55.507Z] [AGENT1-SUPERVISOR] Watchdog health check cycle 540: PID=21016, HWND=0x00E9028E, Title='Cscape - Logged In : "armando@controlnautas.com" - [TankLevelClosedLoop.csp]'
[2026-09-10T00:26:56.593Z] [AGENT1-SUPERVISOR] Watchdog health check cycle 570: PID=21016, HWND=0x00E9028E, Title='Cscape - Logged In : "armando@controlnautas.com" - [TankLevelClosedLoop.csp]'
[2026-09-10T00:27:58.990Z] [AGENT1-SUPERVISOR] Watchdog health check cycle 600: PID=21016, HWND=0x00E9028E, Title='Cscape - Logged In : "armando@controlnautas.com" - [TankLevelClosedLoop.csp]'
[2026-09-10T00:29:00.120Z] [AGENT1-SUPERVISOR] Watchdog health check cycle 630: PID=21016, HWND=0x00E9028E, Title='Cscape - Logged In : "armando@controlnautas.com" - [TankLevelClosedLoop.csp]'
[2026-09-10T00:30:01.173Z] [AGENT1-SUPERVISOR] Watchdog health check cycle 660: PID=21016, HWND=0x00E9028E, Title='Cscape - Logged In : "armando@controlnautas.com" - [TankLevelClosedLoop.csp]'
[2026-09-10T00:31:01.680Z] [AGENT1-SUPERVISOR] Watchdog health check cycle 690: PID=21016, HWND=0x00E9028E, Title='Cscape - Logged In : "armando@controlnautas.com" - [TankLevelClosedLoop.csp]'
[2026-09-10T00:32:01.905Z] [AGENT1-SUPERVISOR] Watchdog health check cycle 720: PID=21016, HWND=0x00E9028E, Title='Cscape - Logged In : "armando@controlnautas.com" - [TankLevelClosedLoop.csp]'
[2026-09-10T00:33:02.364Z] [AGENT1-SUPERVISOR] Watchdog health check cycle 750: PID=21016, HWND=0x00E9028E, Title='Cscape - Logged In : "armando@controlnautas.com" - [TankLevelClosedLoop.csp]'
[2026-09-10T00:34:02.606Z] [AGENT1-SUPERVISOR] Watchdog health check cycle 780: PID=21016, HWND=0x00E9028E, Title='Cscape - Logged In : "armando@controlnautas.com" - [TankLevelClosedLoop.csp]'
[2026-09-10T00:35:02.823Z] [AGENT1-SUPERVISOR] Watchdog health check cycle 810: PID=21016, HWND=0x00E9028E, Title='Cscape - Logged In : "armando@controlnautas.com" - [TankLevelClosedLoop.csp]'
[2026-09-10T00:36:03.045Z] [AGENT1-SUPERVISOR] Watchdog health check cycle 840: PID=21016, HWND=0x00E9028E, Title='Cscape - Logged In : "armando@controlnautas.com" - [TankLevelClosedLoop.csp]'
[2026-09-10T00:37:03.311Z] [AGENT1-SUPERVISOR] Watchdog health check cycle 870: PID=21016, HWND=0x00E9028E, Title='Cscape - Logged In : "armando@controlnautas.com" - [TankLevelClosedLoop.csp]'
[2026-09-10T00:38:03.515Z] [AGENT1-SUPERVISOR] Watchdog health check cycle 900: PID=21016, HWND=0x00E9028E, Title='Cscape - Logged In : "armando@controlnautas.com" - [TankLevelClosedLoop.csp]'
[2026-09-10T00:39:03.830Z] [AGENT1-SUPERVISOR] Watchdog health check cycle 930: PID=21016, HWND=0x00E9028E, Title='Cscape - Logged In : "armando@controlnautas.com" - [TankLevelClosedLoop.csp]'
[2026-09-10T00:40:05.409Z] [AGENT1-SUPERVISOR] Watchdog health check cycle 960: PID=21016, HWND=0x00E9028E, Title='Cscape - [TankLevelClosedLoop.csp]'
[2026-09-10T00:41:05.785Z] [AGENT1-SUPERVISOR] Watchdog health check cycle 990: PID=21016, HWND=0x00E9028E, Title='Cscape - Logged In : "armando@controlnautas.com" - [TankLevelClosedLoop.csp]'
[2026-09-10T00:42:05.991Z] [AGENT1-SUPERVISOR] Watchdog health check cycle 1020: PID=21016, HWND=0x00E9028E, Title='Cscape - Logged In : "armando@controlnautas.com" - [TankLevelClosedLoop.csp]'
[2026-09-10T00:43:06.205Z] [AGENT1-SUPERVISOR] Watchdog health check cycle 1050: PID=21016, HWND=0x00E9028E, Title='Cscape - Logged In : "armando@controlnautas.com" - [TankLevelClosedLoop.csp]'
[2026-09-10T00:44:06.414Z] [AGENT1-SUPERVISOR] Watchdog health check cycle 1080: PID=21016, HWND=0x00E9028E, Title='Cscape - Logged In : "armando@controlnautas.com" - [TankLevelClosedLoop.csp]'
[2026-09-10T00:45:06.635Z] [AGENT1-SUPERVISOR] Watchdog health check cycle 1110: PID=21016, HWND=0x00E9028E, Title='Cscape - Logged In : "armando@controlnautas.com" - [TankLevelClosedLoop.csp]'
[2026-09-10T00:46:06.847Z] [AGENT1-SUPERVISOR] Watchdog health check cycle 1140: PID=21016, HWND=0x00E9028E, Title='Cscape - Logged In : "armando@controlnautas.com" - [TankLevelClosedLoop.csp]'
[2026-09-10T00:47:07.720Z] [AGENT1-SUPERVISOR] Watchdog health check cycle 1170: PID=21016, HWND=0x00E9028E, Title='Cscape - Logged In : "armando@controlnautas.com" - [TankLevelClosedLoop.csp]'
[2026-09-10T00:48:07.941Z] [AGENT1-SUPERVISOR] Watchdog health check cycle 1200: PID=21016, HWND=0x00E9028E, Title='Cscape - Logged In : "armando@controlnautas.com" - [TankLevelClosedLoop.csp]'
[2026-09-10T00:49:08.164Z] [AGENT1-SUPERVISOR] Watchdog health check cycle 1230: PID=21016, HWND=0x00E9028E, Title='Cscape - Logged In : "armando@controlnautas.com" - [TankLevelClosedLoop.csp]'
[2026-09-10T00:50:08.711Z] [AGENT1-SUPERVISOR] Watchdog health check cycle 1260: PID=21016, HWND=0x00E9028E, Title='Cscape - Logged In : "armando@controlnautas.com" - [TankLevelClosedLoop.csp]'
[2026-09-10T00:51:08.940Z] [AGENT1-SUPERVISOR] Watchdog health check cycle 1290: PID=21016, HWND=0x00E9028E, Title='Cscape - Logged In : "armando@controlnautas.com" - [TankLevelClosedLoop.csp]'
[2026-09-10T00:52:09.150Z] [AGENT1-SUPERVISOR] Watchdog health check cycle 1320: PID=21016, HWND=0x00E9028E, Title='Cscape - Logged In : "armando@controlnautas.com" - [TankLevelClosedLoop.csp]'
[2026-09-10T00:53:09.370Z] [AGENT1-SUPERVISOR] Watchdog health check cycle 1350: PID=21016, HWND=0x00E9028E, Title='Cscape - Logged In : "armando@controlnautas.com" - [TankLevelClosedLoop.csp]'
[2026-09-10T00:54:09.593Z] [AGENT1-SUPERVISOR] Watchdog health check cycle 1380: PID=21016, HWND=0x00E9028E, Title='Cscape - Logged In : "armando@controlnautas.com" - [TankLevelClosedLoop.csp]'
[2026-09-10T00:55:10.660Z] [AGENT1-SUPERVISOR] Watchdog health check cycle 1410: PID=21016, HWND=0x00E9028E, Title='Cscape - Logged In : "armando@controlnautas.com" - [TankLevelClosedLoop.csp]'
[2026-09-10T00:56:11.710Z] [AGENT1-SUPERVISOR] Watchdog health check cycle 1440: PID=21016, HWND=0x00E9028E, Title='Cscape - Logged In : "armando@controlnautas.com" - [TankLevelClosedLoop.csp]'
[2026-09-10T00:57:12.867Z] [AGENT1-SUPERVISOR] Watchdog health check cycle 1470: PID=21016, HWND=0x00E9028E, Title='Cscape - Logged In : "armando@controlnautas.com" - [TankLevelClosedLoop.csp]'
[2026-09-10T00:58:13.472Z] [AGENT1-SUPERVISOR] Watchdog health check cycle 1500: PID=21016, HWND=0x00E9028E, Title='Cscape - Logged In : "armando@controlnautas.com" - [TankLevelClosedLoop.csp]'
[2026-09-10T00:59:13.889Z] [AGENT1-SUPERVISOR] Watchdog health check cycle 1530: PID=21016, HWND=0x00E9028E, Title='Cscape - Logged In : "armando@controlnautas.com" - [TankLevelClosedLoop.csp]'
[2026-09-16T00:09:49.291Z] [AGENT1-SUPERVISOR] ================================================================================
[2026-09-16T00:09:49.292Z] [AGENT1-SUPERVISOR] STARTING CSCAPE VISIBLE SETUP & VERIFICATION
[2026-09-16T00:09:49.293Z] [AGENT1-SUPERVISOR] ================================================================================
[2026-09-16T00:09:49.305Z] [AGENT1-SUPERVISOR] Killing any lingering Cscape processes...
[2026-09-16T00:09:50.484Z] [AGENT1-SUPERVISOR] Configuring registry keys for clean visible startup...
[2026-09-16T00:09:50.484Z] [AGENT1-SUPERVISOR] Registry keys successfully set.
[2026-09-16T00:09:50.485Z] [AGENT1-SUPERVISOR] Spawning Cscape visibly: "C:\Program Files (x86)\Cscape 10.2\Cscape.exe" "C:\HornerAI\horner-cscape-mcp\artifacts\projects\TankLevelClosedLoop\TankLevelClosedLoop.csp" (Cwd: C:\Program Files (x86)\Cscape 10.2)
[2026-09-16T00:09:50.506Z] [AGENT1-SUPERVISOR] Successfully spawned Cscape PID=6592
[2026-09-16T00:09:50.506Z] [AGENT1-SUPERVISOR] Monitoring startup and dialogs (up to 35 seconds)...
[2026-09-16T00:09:55.622Z] [AGENT1-SUPERVISOR] --------------------------------------------------------------------------------
[2026-09-16T00:09:55.628Z] [AGENT1-SUPERVISOR] Cscape Window Located: PID=6592, HWND=0x0008066E, Title='Cscape - [TankLevelClosedLoop.csp]'
[2026-09-16T00:09:55.628Z] [AGENT1-SUPERVISOR] IsWindowVisible=True, IsWindowEnabled=True, IsHungAppWindow=False, HasProject=True
[2026-09-16T00:09:58.891Z] [AGENT1-SUPERVISOR] Dismissing splash dialog HWND=0x000B070A ('About Cscape')...
[2026-09-16T00:09:58.907Z] [AGENT1-SUPERVISOR] Project Navigator visibility status: True
[2026-09-16T00:09:58.907Z] [AGENT1-SUPERVISOR] Capturing live screenshot proof for HWND=0x0008066E...
[2026-09-16T00:09:59.259Z] [AGENT1-SUPERVISOR] Saved screenshot proof: C:\HornerAI\horner-cscape-mcp\artifacts\screenshots\live_cscape_tanklevel_visible.png (1300x820, 108710 bytes)
[2026-09-16T00:09:59.354Z] [AGENT1-SUPERVISOR] Saved screenshot proof: C:\Users\ArmandoSilva\artifacts\screenshots\live_cscape_tanklevel_visible.png (1300x820, 108710 bytes)
[2026-09-16T00:09:59.354Z] [AGENT1-SUPERVISOR] Updating gate files for PID=6592, HWND=0x0008066E...
[2026-09-16T00:09:59.387Z] [AGENT1-SUPERVISOR] ================================================================================
[2026-09-16T00:09:59.387Z] [AGENT1-SUPERVISOR] CSCAPE VERIFIED VISIBLE ON INTERACTIVE DESKTOP: PID=6592, HWND=0x0008066E
[2026-09-16T00:09:59.389Z] [AGENT1-SUPERVISOR] ================================================================================
[2026-09-16T00:10:39.535Z] [AGENT1-SUPERVISOR] ================================================================================
[2026-09-16T00:10:39.535Z] [AGENT1-SUPERVISOR] STARTING CSCAPE VISIBLE SETUP & VERIFICATION
[2026-09-16T00:10:39.535Z] [AGENT1-SUPERVISOR] ================================================================================
[2026-09-16T00:10:39.546Z] [AGENT1-SUPERVISOR] Killing any lingering Cscape processes...
[2026-09-16T00:10:40.713Z] [AGENT1-SUPERVISOR] Configuring registry keys for clean visible startup...
[2026-09-16T00:10:40.714Z] [AGENT1-SUPERVISOR] Registry keys successfully set.
[2026-09-16T00:10:40.715Z] [AGENT1-SUPERVISOR] Spawning Cscape visibly: "C:\Program Files (x86)\Cscape 10.2\Cscape.exe" "C:\HornerAI\horner-cscape-mcp\artifacts\projects\TankLevelClosedLoop\TankLevelClosedLoop.csp" (Cwd: C:\Program Files (x86)\Cscape 10.2)
[2026-09-16T00:10:40.732Z] [AGENT1-SUPERVISOR] Successfully spawned Cscape PID=2052
[2026-09-16T00:10:40.732Z] [AGENT1-SUPERVISOR] Monitoring startup and dialogs (up to 35 seconds)...
[2026-09-16T00:10:45.065Z] [AGENT1-SUPERVISOR] --------------------------------------------------------------------------------
[2026-09-16T00:10:45.065Z] [AGENT1-SUPERVISOR] Cscape Window Located: PID=2052, HWND=0x000B062E, Title='Cscape - [TankLevelClosedLoop.csp]'
[2026-09-16T00:10:45.067Z] [AGENT1-SUPERVISOR] IsWindowVisible=True, IsWindowEnabled=True, IsHungAppWindow=False, HasProject=True
[2026-09-16T00:10:49.005Z] [AGENT1-SUPERVISOR] Dismissing splash dialog HWND=0x00180700 ('About Cscape')...
[2026-09-16T00:10:49.059Z] [AGENT1-SUPERVISOR] Project Navigator visibility status: True
[2026-09-16T00:10:49.059Z] [AGENT1-SUPERVISOR] Capturing live screenshot proof for HWND=0x000B062E...
[2026-09-16T00:10:49.632Z] [AGENT1-SUPERVISOR] Saved screenshot proof: C:\HornerAI\horner-cscape-mcp\artifacts\screenshots\live_cscape_tanklevel_visible.png (1300x820, 113034 bytes)
[2026-09-16T00:10:49.823Z] [AGENT1-SUPERVISOR] Saved screenshot proof: C:\Users\ArmandoSilva\artifacts\screenshots\live_cscape_tanklevel_visible.png (1300x820, 113034 bytes)
[2026-09-16T00:10:49.825Z] [AGENT1-SUPERVISOR] Updating gate files for PID=2052, HWND=0x000B062E...
[2026-09-16T00:10:49.829Z] [AGENT1-SUPERVISOR] ================================================================================
[2026-09-16T00:10:49.833Z] [AGENT1-SUPERVISOR] CSCAPE VERIFIED VISIBLE ON INTERACTIVE DESKTOP: PID=2052, HWND=0x000B062E
[2026-09-16T00:10:49.835Z] [AGENT1-SUPERVISOR] ================================================================================
[2026-09-16T00:10:49.835Z] [AGENT1-SUPERVISOR] Entering autonomous keepalive supervisor loop...
[2026-09-16T00:11:48.777Z] [AGENT1-SUPERVISOR] Watchdog health check cycle 30: PID=2052, HWND=0x000B062E, Title='Cscape - Logged In : "armando@controlnautas.com" - [TankLevel_P2_Dedicated.csp]'
[2026-09-16T00:12:49.184Z] [AGENT1-SUPERVISOR] Watchdog health check cycle 60: PID=2052, HWND=0x000B062E, Title='Cscape - Logged In : "armando@controlnautas.com" - [TankLevel_P2_Dedicated.csp]'
[2026-09-16T00:13:49.630Z] [AGENT1-SUPERVISOR] Watchdog health check cycle 90: PID=2052, HWND=0x000B062E, Title='Cscape - Logged In : "armando@controlnautas.com" - [TankLevel_P2_Dedicated.csp]'
[2026-09-16T00:14:50.098Z] [AGENT1-SUPERVISOR] Watchdog health check cycle 120: PID=2052, HWND=0x000B062E, Title='Cscape - Logged In : "armando@controlnautas.com" - [TankLevel_P2_Dedicated.csp]'
[2026-09-16T00:15:50.483Z] [AGENT1-SUPERVISOR] Watchdog health check cycle 150: PID=2052, HWND=0x000B062E, Title='Cscape - Logged In : "armando@controlnautas.com" - [TankLevel_P2_Dedicated.csp]'
[2026-09-16T00:16:50.882Z] [AGENT1-SUPERVISOR] Watchdog health check cycle 180: PID=2052, HWND=0x000B062E, Title='Cscape - Logged In : "armando@controlnautas.com" - [TankLevel_P2_Dedicated.csp]'
[2026-09-16T00:17:51.297Z] [AGENT1-SUPERVISOR] Watchdog health check cycle 210: PID=2052, HWND=0x000B062E, Title='Cscape - Logged In : "armando@controlnautas.com" - [TankLevel_P2_Dedicated.csp]'
[2026-09-16T00:18:51.715Z] [AGENT1-SUPERVISOR] Watchdog health check cycle 240: PID=2052, HWND=0x000B062E, Title='Cscape - Logged In : "armando@controlnautas.com" - [TankLevel_P2_Dedicated.csp]'
[2026-09-16T00:19:52.324Z] [AGENT1-SUPERVISOR] Watchdog health check cycle 270: PID=2052, HWND=0x000B062E, Title='Cscape - [TankLevel_P2_Dedicated.csp]'
[2026-09-16T00:20:52.888Z] [AGENT1-SUPERVISOR] Watchdog health check cycle 300: PID=2052, HWND=0x000B062E, Title='Cscape - Logged In : "armando@controlnautas.com" - [TankLevel_P2_Dedicated.csp]'
[2026-09-16T00:21:53.397Z] [AGENT1-SUPERVISOR] Watchdog health check cycle 330: PID=2052, HWND=0x000B062E, Title='Cscape - Logged In : "armando@controlnautas.com" - [TankLevel_P2_Dedicated.csp]'
[2026-09-16T00:22:53.942Z] [AGENT1-SUPERVISOR] Watchdog health check cycle 360: PID=2052, HWND=0x000B062E, Title='Cscape - Logged In : "armando@controlnautas.com" - [TankLevel_P2_Dedicated.csp]'
[2026-09-16T00:23:54.407Z] [AGENT1-SUPERVISOR] Watchdog health check cycle 390: PID=2052, HWND=0x000B062E, Title='Cscape - Logged In : "armando@controlnautas.com" - [TankLevel_P2_Dedicated.csp]'
[2026-09-16T00:24:28.735Z] [AGENT1-SUPERVISOR] Cscape PID=2052 exited and no active successor found! Relaunching...
[2026-09-16T00:24:28.735Z] [AGENT1-SUPERVISOR] ================================================================================
[2026-09-16T00:24:28.737Z] [AGENT1-SUPERVISOR] STARTING CSCAPE VISIBLE SETUP & VERIFICATION
[2026-09-16T00:24:28.737Z] [AGENT1-SUPERVISOR] ================================================================================
[2026-09-16T00:24:28.747Z] [AGENT1-SUPERVISOR] Killing any lingering Cscape processes...
[2026-09-16T00:24:29.959Z] [AGENT1-SUPERVISOR] Configuring registry keys for clean visible startup...
[2026-09-16T00:24:29.959Z] [AGENT1-SUPERVISOR] Registry keys successfully set.
[2026-09-16T00:24:29.959Z] [AGENT1-SUPERVISOR] Spawning Cscape visibly: "C:\Program Files (x86)\Cscape 10.2\Cscape.exe" "C:\HornerAI\horner-cscape-mcp\artifacts\projects\TankLevelClosedLoop\TankLevelClosedLoop.csp" (Cwd: C:\Program Files (x86)\Cscape 10.2)
[2026-09-16T00:24:29.972Z] [AGENT1-SUPERVISOR] Successfully spawned Cscape PID=7632
[2026-09-16T00:24:29.974Z] [AGENT1-SUPERVISOR] Monitoring startup and dialogs (up to 35 seconds)...
[2026-09-16T00:24:36.415Z] [AGENT1-SUPERVISOR] --------------------------------------------------------------------------------
[2026-09-16T00:24:36.417Z] [AGENT1-SUPERVISOR] Cscape Window Located: PID=7632, HWND=0x000905A0, Title='Cscape - [TankLevelClosedLoop.csp]'
[2026-09-16T00:24:36.417Z] [AGENT1-SUPERVISOR] IsWindowVisible=True, IsWindowEnabled=True, IsHungAppWindow=False, HasProject=True
[2026-09-16T00:24:39.988Z] [AGENT1-SUPERVISOR] Dismissing splash dialog HWND=0x002406C2 ('About Cscape')...
[2026-09-16T00:24:40.005Z] [AGENT1-SUPERVISOR] Project Navigator visibility status: True
[2026-09-16T00:24:40.005Z] [AGENT1-SUPERVISOR] Capturing live screenshot proof for HWND=0x000905A0...
[2026-09-16T00:24:40.137Z] [AGENT1-SUPERVISOR] Saved screenshot proof: C:\HornerAI\horner-cscape-mcp\artifacts\screenshots\live_cscape_tanklevel_visible.png (1300x780, 106229 bytes)
[2026-09-16T00:24:40.261Z] [AGENT1-SUPERVISOR] Saved screenshot proof: C:\Users\ArmandoSilva\artifacts\screenshots\live_cscape_tanklevel_visible.png (1300x780, 106229 bytes)
[2026-09-16T00:24:40.261Z] [AGENT1-SUPERVISOR] Updating gate files for PID=7632, HWND=0x000905A0...
[2026-09-16T00:24:40.266Z] [AGENT1-SUPERVISOR] ================================================================================
[2026-09-16T00:24:40.266Z] [AGENT1-SUPERVISOR] CSCAPE VERIFIED VISIBLE ON INTERACTIVE DESKTOP: PID=7632, HWND=0x000905A0
[2026-09-16T00:24:40.266Z] [AGENT1-SUPERVISOR] ================================================================================
[2026-09-16T00:25:06.842Z] [AGENT1-SUPERVISOR] Watchdog health check cycle 420: PID=7632, HWND=0x000905A0, Title='Cscape - Logged In : "armando@controlnautas.com" - [TankLevelClosedLoop.csp]'
[2026-09-16T00:26:07.543Z] [AGENT1-SUPERVISOR] Watchdog health check cycle 450: PID=7632, HWND=0x000905A0, Title='Cscape - Logged In : "armando@controlnautas.com" - [TankLevel_P2_Dedicated.csp]'
[2026-09-16T00:27:08.909Z] [AGENT1-SUPERVISOR] Watchdog health check cycle 480: PID=7632, HWND=0x000905A0, Title='Cscape - Logged In : "armando@controlnautas.com" - [TankLevel_P2_Dedicated.csp]'
[2026-09-16T00:28:09.335Z] [AGENT1-SUPERVISOR] Watchdog health check cycle 510: PID=7632, HWND=0x000905A0, Title='Cscape - Logged In : "armando@controlnautas.com" - [TankLevel_P2_Dedicated.csp]'
[2026-09-16T00:29:09.808Z] [AGENT1-SUPERVISOR] Watchdog health check cycle 540: PID=7632, HWND=0x000905A0, Title='Cscape - Logged In : "armando@controlnautas.com" - [TankLevel_P2_Dedicated.csp]'
[2026-09-16T00:30:10.236Z] [AGENT1-SUPERVISOR] Watchdog health check cycle 570: PID=7632, HWND=0x000905A0, Title='Cscape - Logged In : "armando@controlnautas.com" - [TankLevel_P2_Dedicated.csp]'
[2026-09-16T00:31:10.732Z] [AGENT1-SUPERVISOR] Watchdog health check cycle 600: PID=7632, HWND=0x000905A0, Title='Cscape - Logged In : "armando@controlnautas.com" - [TankLevel_P2_Dedicated.csp]'
[2026-09-16T00:32:11.502Z] [AGENT1-SUPERVISOR] Watchdog health check cycle 630: PID=7632, HWND=0x000905A0, Title='Cscape - Logged In : "armando@controlnautas.com" - [TankLevel_P2_Dedicated.csp]'
[2026-09-16T00:32:53.883Z] [AGENT1-SUPERVISOR] Cscape PID=7632 exited and no active successor found! Relaunching...
[2026-09-16T00:32:53.883Z] [AGENT1-SUPERVISOR] ================================================================================
[2026-09-16T00:32:53.883Z] [AGENT1-SUPERVISOR] STARTING CSCAPE VISIBLE SETUP & VERIFICATION
[2026-09-16T00:32:53.883Z] [AGENT1-SUPERVISOR] ================================================================================
[2026-09-16T00:32:53.894Z] [AGENT1-SUPERVISOR] Killing any lingering Cscape processes...
[2026-09-16T00:32:55.197Z] [AGENT1-SUPERVISOR] Configuring registry keys for clean visible startup...
[2026-09-16T00:32:55.197Z] [AGENT1-SUPERVISOR] Registry keys successfully set.
[2026-09-16T00:32:55.197Z] [AGENT1-SUPERVISOR] Spawning Cscape visibly: "C:\Program Files (x86)\Cscape 10.2\Cscape.exe" "C:\HornerAI\horner-cscape-mcp\artifacts\projects\TankLevelClosedLoop\TankLevelClosedLoop.csp" (Cwd: C:\Program Files (x86)\Cscape 10.2)
[2026-09-16T00:32:55.210Z] [AGENT1-SUPERVISOR] Successfully spawned Cscape PID=3364
[2026-09-16T00:32:55.210Z] [AGENT1-SUPERVISOR] Monitoring startup and dialogs (up to 35 seconds)...
[2026-09-16T00:33:01.082Z] [AGENT1-SUPERVISOR] --------------------------------------------------------------------------------
[2026-09-16T00:33:01.084Z] [AGENT1-SUPERVISOR] Cscape Window Located: PID=3364, HWND=0x001501BE, Title='Cscape - [TankLevelClosedLoop.csp]'
[2026-09-16T00:33:01.084Z] [AGENT1-SUPERVISOR] IsWindowVisible=True, IsWindowEnabled=True, IsHungAppWindow=False, HasProject=True
[2026-09-16T00:33:04.974Z] [AGENT1-SUPERVISOR] Project Navigator visibility status: True
[2026-09-16T00:33:04.974Z] [AGENT1-SUPERVISOR] Capturing live screenshot proof for HWND=0x001501BE...
[2026-09-16T00:33:05.129Z] [AGENT1-SUPERVISOR] Saved screenshot proof: C:\HornerAI\horner-cscape-mcp\artifacts\screenshots\live_cscape_tanklevel_visible.png (1300x780, 112671 bytes)
[2026-09-16T00:33:05.220Z] [AGENT1-SUPERVISOR] Saved screenshot proof: C:\Users\ArmandoSilva\artifacts\screenshots\live_cscape_tanklevel_visible.png (1300x780, 112671 bytes)
[2026-09-16T00:33:05.220Z] [AGENT1-SUPERVISOR] Updating gate files for PID=3364, HWND=0x001501BE...
[2026-09-16T00:33:05.224Z] [AGENT1-SUPERVISOR] ================================================================================
[2026-09-16T00:33:05.224Z] [AGENT1-SUPERVISOR] CSCAPE VERIFIED VISIBLE ON INTERACTIVE DESKTOP: PID=3364, HWND=0x001501BE
[2026-09-16T00:33:05.224Z] [AGENT1-SUPERVISOR] ================================================================================
[2026-09-16T00:33:24.645Z] [AGENT1-SUPERVISOR] Watchdog health check cycle 660: PID=3364, HWND=0x001501BE, Title='Cscape - Logged In : "armando@controlnautas.com" - [TankLevelClosedLoop.csp]'
[2026-09-16T00:34:25.016Z] [AGENT1-SUPERVISOR] Watchdog health check cycle 690: PID=3364, HWND=0x001501BE, Title='Cscape - Logged In : "armando@controlnautas.com" - [TankLevelClosedLoop.csp]'
[2026-09-16T00:35:25.690Z] [AGENT1-SUPERVISOR] Watchdog health check cycle 720: PID=3364, HWND=0x001501BE, Title='Cscape - Logged In : "armando@controlnautas.com" - [TankLevelClosedLoop.csp]'
[2026-09-16T00:36:26.177Z] [AGENT1-SUPERVISOR] Watchdog health check cycle 750: PID=3364, HWND=0x001501BE, Title='Cscape - Logged In : "armando@controlnautas.com" - [TankLevel_P2_Dedicated.csp]'
[2026-09-16T00:37:27.250Z] [AGENT1-SUPERVISOR] Watchdog health check cycle 780: PID=3364, HWND=0x001501BE, Title='Cscape - Logged In : "armando@controlnautas.com" - [TankLevel_P2_Dedicated.csp]'
[2026-09-16T00:38:27.786Z] [AGENT1-SUPERVISOR] Watchdog health check cycle 810: PID=3364, HWND=0x001501BE, Title='Cscape - Logged In : "armando@controlnautas.com" - [TankLevel_P2_Dedicated.csp]'
[2026-09-16T00:39:28.258Z] [AGENT1-SUPERVISOR] Watchdog health check cycle 840: PID=3364, HWND=0x001501BE, Title='Cscape - Logged In : "armando@controlnautas.com" - [TankLevel_P2_Dedicated.csp]'
[2026-09-16T02:00:28.800Z] [AGENT1-SUPERVISOR] ================================================================================
[2026-09-16T02:00:28.800Z] [AGENT1-SUPERVISOR] STARTING CSCAPE VISIBLE SETUP & VERIFICATION
[2026-09-16T02:00:28.800Z] [AGENT1-SUPERVISOR] ================================================================================
[2026-09-16T02:00:28.810Z] [AGENT1-SUPERVISOR] Killing any lingering Cscape processes...
[2026-09-16T02:00:30.045Z] [AGENT1-SUPERVISOR] Configuring registry keys for clean visible startup...
[2026-09-16T02:00:30.045Z] [AGENT1-SUPERVISOR] Registry keys successfully set.
[2026-09-16T02:00:30.045Z] [AGENT1-SUPERVISOR] Spawning Cscape visibly: "C:\Program Files (x86)\Cscape 10.2\Cscape.exe" "C:\HornerAI\horner-cscape-mcp\artifacts\projects\TankLevelClosedLoop\TankLevelClosedLoop.csp" (Cwd: C:\Program Files (x86)\Cscape 10.2)
[2026-09-16T02:00:30.047Z] [AGENT1-SUPERVISOR] CreateProcessW with breakaway failed, retrying without breakaway...
[2026-09-16T02:00:30.075Z] [AGENT1-SUPERVISOR] Successfully spawned Cscape PID=8236
[2026-09-16T02:00:30.077Z] [AGENT1-SUPERVISOR] Monitoring startup and dialogs (up to 35 seconds)...
[2026-09-16T02:00:35.198Z] [AGENT1-SUPERVISOR] --------------------------------------------------------------------------------
[2026-09-16T02:00:35.200Z] [AGENT1-SUPERVISOR] Cscape Window Located: PID=8236, HWND=0x003701BE, Title='Cscape - [TankLevelClosedLoop.csp]'
[2026-09-16T02:00:35.200Z] [AGENT1-SUPERVISOR] IsWindowVisible=True, IsWindowEnabled=True, IsHungAppWindow=False, HasProject=True
[2026-09-16T02:00:38.651Z] [AGENT1-SUPERVISOR] Dismissing splash dialog HWND=0x0018064E ('About Cscape')...
[2026-09-16T02:00:38.669Z] [AGENT1-SUPERVISOR] Project Navigator visibility status: True
[2026-09-16T02:00:38.669Z] [AGENT1-SUPERVISOR] Capturing live screenshot proof for HWND=0x003701BE...
[2026-09-16T02:00:39.078Z] [AGENT1-SUPERVISOR] Saved screenshot proof: C:\HornerAI\horner-cscape-mcp\artifacts\screenshots\live_cscape_tanklevel_visible.png (1300x780, 112671 bytes)
[2026-09-16T02:00:39.142Z] [AGENT1-SUPERVISOR] Saved screenshot proof: C:\Users\ArmandoSilva\artifacts\screenshots\live_cscape_tanklevel_visible.png (1300x780, 112671 bytes)
[2026-09-16T02:00:39.144Z] [AGENT1-SUPERVISOR] Updating gate files for PID=8236, HWND=0x003701BE...
[2026-09-16T02:00:39.152Z] [AGENT1-SUPERVISOR] ================================================================================
[2026-09-16T02:00:39.154Z] [AGENT1-SUPERVISOR] CSCAPE VERIFIED VISIBLE ON INTERACTIVE DESKTOP: PID=8236, HWND=0x003701BE
[2026-09-16T02:00:39.154Z] [AGENT1-SUPERVISOR] ================================================================================
[2026-09-16T02:00:39.154Z] [AGENT1-SUPERVISOR] Entering autonomous keepalive supervisor loop...
[2026-09-16T02:01:38.222Z] [AGENT1-SUPERVISOR] Watchdog health check cycle 30: PID=8236, HWND=0x003701BE, Title='Cscape - Logged In : "armando@controlnautas.com" - [TankLevel_P4_REDO.csp]'
[2026-09-16T02:02:39.046Z] [AGENT1-SUPERVISOR] Watchdog health check cycle 60: PID=8236, HWND=0x003701BE, Title='Cscape - Logged In : "armando@controlnautas.com" - [TankLevelClosedLoop.csp]'
[2026-09-16T02:03:40.535Z] [AGENT1-SUPERVISOR] Watchdog health check cycle 90: PID=8236, HWND=0x003701BE, Title='Cscape - Logged In : "armando@controlnautas.com" - [TankLevel_P4_REDO.csp]'
[2026-09-16T02:04:42.040Z] [AGENT1-SUPERVISOR] Watchdog health check cycle 120: PID=8236, HWND=0x003701BE, Title='Cscape - Logged In : "armando@controlnautas.com" - [TankLevel_P4_REDO.csp]'
[2026-09-16T02:05:43.021Z] [AGENT1-SUPERVISOR] Watchdog health check cycle 150: PID=8236, HWND=0x003701BE, Title='Cscape - Logged In : "armando@controlnautas.com" - [TankLevel_P4_REDO.csp]'
[2026-09-16T02:06:44.021Z] [AGENT1-SUPERVISOR] Watchdog health check cycle 180: PID=8236, HWND=0x003701BE, Title='Cscape - Logged In : "armando@controlnautas.com" - [TankLevel_P4_REDO.csp]'
[2026-09-16T02:07:45.704Z] [AGENT1-SUPERVISOR] Watchdog health check cycle 210: PID=8236, HWND=0x003701BE, Title='Cscape - Logged In : "armando@controlnautas.com" - [TankLevel_P4_REDO.csp]'
[2026-09-16T02:08:47.594Z] [AGENT1-SUPERVISOR] Watchdog health check cycle 240: PID=8236, HWND=0x003701BE, Title='Cscape - Logged In : "armando@controlnautas.com" - [TankLevel_P4_REDO.csp]'
[2026-09-16T02:09:48.712Z] [AGENT1-SUPERVISOR] Watchdog health check cycle 270: PID=8236, HWND=0x003701BE, Title='Cscape - Logged In : "armando@controlnautas.com" - [TankLevel_P4_REDO.csp]'
[2026-09-16T02:10:49.508Z] [AGENT1-SUPERVISOR] Watchdog health check cycle 300: PID=8236, HWND=0x003701BE, Title='Cscape - Logged In : "armando@controlnautas.com" - [TankLevel_P4_REDO.csp]'
[2026-09-16T02:11:49.963Z] [AGENT1-SUPERVISOR] Watchdog health check cycle 330: PID=8236, HWND=0x003701BE, Title='Cscape - Logged In : "armando@controlnautas.com" - [TankLevel_P4_REDO.csp]'
[2026-09-16T02:12:50.498Z] [AGENT1-SUPERVISOR] Watchdog health check cycle 360: PID=8236, HWND=0x003701BE, Title='Cscape - Logged In : "armando@controlnautas.com" - [TankLevel_P4_REDO.csp]'
[2026-09-16T02:13:51.386Z] [AGENT1-SUPERVISOR] Watchdog health check cycle 390: PID=8236, HWND=0x003701BE, Title='Cscape - Logged In : "armando@controlnautas.com" - [TankLevel_P4_REDO.csp]'
[2026-09-16T02:14:52.042Z] [AGENT1-SUPERVISOR] Watchdog health check cycle 420: PID=8236, HWND=0x003701BE, Title='Cscape - [TankLevel_P4_REDO.csp]'
[2026-09-16T02:15:52.818Z] [AGENT1-SUPERVISOR] Watchdog health check cycle 450: PID=8236, HWND=0x003701BE, Title='Cscape - Logged In : "armando@controlnautas.com" - [TankLevelClosedLoop.csp]'
[2026-09-16T02:16:53.652Z] [AGENT1-SUPERVISOR] Watchdog health check cycle 480: PID=8236, HWND=0x003701BE, Title='Cscape - Logged In : "armando@controlnautas.com" - [TankLevel_P4_REDO.csp]'
[2026-09-16T02:17:54.876Z] [AGENT1-SUPERVISOR] Watchdog health check cycle 510: PID=8236, HWND=0x003701BE, Title='Cscape - Logged In : "armando@controlnautas.com" - [TankLevel_P4_REDO.csp]'
[2026-09-16T02:18:56.054Z] [AGENT1-SUPERVISOR] Watchdog health check cycle 540: PID=8236, HWND=0x003701BE, Title='Cscape - Logged In : "armando@controlnautas.com" - [TankLevel_P4_REDO.csp]'
[2026-09-16T02:19:57.238Z] [AGENT1-SUPERVISOR] Watchdog health check cycle 570: PID=8236, HWND=0x003701BE, Title='Cscape - Logged In : "armando@controlnautas.com" - [TankLevel_P4_REDO.csp]'
[2026-09-16T02:20:58.158Z] [AGENT1-SUPERVISOR] Watchdog health check cycle 600: PID=8236, HWND=0x003701BE, Title='Cscape - Logged In : "armando@controlnautas.com" - [TankLevel_P4_REDO.csp]'
[2026-09-16T02:21:58.589Z] [AGENT1-SUPERVISOR] Watchdog health check cycle 630: PID=8236, HWND=0x003701BE, Title='Cscape - Logged In : "armando@controlnautas.com" - [TankLevel_P4_REDO.csp]'
[2026-09-16T02:22:58.889Z] [AGENT1-SUPERVISOR] Watchdog health check cycle 660: PID=8236, HWND=0x003701BE, Title='Cscape - Logged In : "armando@controlnautas.com" - [TankLevel_P4_REDO.csp]'
[2026-09-16T02:23:59.451Z] [AGENT1-SUPERVISOR] Watchdog health check cycle 690: PID=8236, HWND=0x003701BE, Title='Cscape - Logged In : "armando@controlnautas.com" - [TankLevel_P4_REDO.csp]'
[2026-09-16T02:24:59.922Z] [AGENT1-SUPERVISOR] Watchdog health check cycle 720: PID=8236, HWND=0x003701BE, Title='Cscape - Logged In : "armando@controlnautas.com" - [TankLevel_P4_REDO.csp]'
[2026-09-16T02:26:00.414Z] [AGENT1-SUPERVISOR] Watchdog health check cycle 750: PID=8236, HWND=0x003701BE, Title='Cscape - Logged In : "armando@controlnautas.com" - [TankLevel_P4_REDO.csp]'
[2026-09-16T02:27:06.374Z] [AGENT1-SUPERVISOR] Watchdog health check cycle 780: PID=8236, HWND=0x003701BE, Title='Cscape - Logged In : "armando@controlnautas.com" - [TankLevel_P4_REDO.csp]'
[2026-09-16T02:28:13.044Z] [AGENT1-SUPERVISOR] Watchdog health check cycle 810: PID=8236, HWND=0x003701BE, Title='Cscape - Logged In : "armando@controlnautas.com" - [TankLevel_P4_REDO.csp]'
[2026-09-16T02:29:13.505Z] [AGENT1-SUPERVISOR] Watchdog health check cycle 840: PID=8236, HWND=0x003701BE, Title='Cscape - Logged In : "armando@controlnautas.com" - [TankLevel_P4_REDO.csp]'
[2026-09-16T02:30:17.039Z] [AGENT1-SUPERVISOR] Watchdog health check cycle 870: PID=8236, HWND=0x003701BE, Title='Cscape - Logged In : "armando@controlnautas.com" - [TankLevel_P4_REDO.csp]'
[2026-09-16T02:31:17.532Z] [AGENT1-SUPERVISOR] Watchdog health check cycle 900: PID=8236, HWND=0x003701BE, Title='Cscape - Logged In : "armando@controlnautas.com" - [TankLevel_P4_REDO.csp]'
[2026-09-16T02:32:17.980Z] [AGENT1-SUPERVISOR] Watchdog health check cycle 930: PID=8236, HWND=0x003701BE, Title='Cscape - Logged In : "armando@controlnautas.com" - [TankLevel_P4_REDO.csp]'
